month,metro,median_sale_price,price_yoy,homes_sold,median_dom,new_listings,active_listings
2026-05-01,"Akron, OH",249232,7.43,713,30,842,2204
2026-04-01,"Akron, OH",237950,8.16,719,29,802,2170
2026-03-01,"Akron, OH",220900,8.42,674,28,831,2191
2026-02-01,"Akron, OH",222000,11,656,28,773,2132
2026-01-01,"Akron, OH",220000,15.18,671,29,767,2147
2025-12-01,"Akron, OH",222000,5.69,694,28,756,2172
2025-11-01,"Akron, OH",230000,6.24,702,29,810,2189
2025-10-01,"Akron, OH",245000,11.3,696,29,803,2172
2025-09-01,"Akron, OH",239625,2.62,757,31,812,2192
2025-08-01,"Akron, OH",245000,-0.81,724,29,837,2197
2025-07-01,"Akron, OH",255000,8.51,680,31,823,2193
2025-06-01,"Akron, OH",250000,11.11,688,31,784,2163
2025-05-01,"Akron, OH",232000,7.43,686,27,790,2168
2025-04-01,"Akron, OH",220001,7.32,688,30,846,2183
2025-03-01,"Akron, OH",203750,1.54,664,29,811,2123
2025-02-01,"Akron, OH",200000,11.11,735,26,803,2131
2025-01-01,"Akron, OH",191000,-2.05,702,27,779,2107
2024-12-01,"Akron, OH",210050,10.55,670,26,768,2102
2024-11-01,"Akron, OH",216500,9.34,664,26,806,2100
2024-10-01,"Akron, OH",220122,4.87,645,26,813,2045
2024-09-01,"Akron, OH",233500,11.25,608,24,763,1934
2024-08-01,"Akron, OH",247000,12.81,663,27,761,1853
2024-07-01,"Akron, OH",235000,7.28,639,24,736,1801
2024-06-01,"Akron, OH",225000,10.4,654,23,741,1801
2024-05-01,"Akron, OH",215950,5.86,658,25,746,1791
2024-04-01,"Akron, OH",205000,4.06,720,31,711,1836
2024-03-01,"Akron, OH",200650,18.1,720,23,757,1941
2024-02-01,"Akron, OH",180000,-5.26,685,24,819,2006
2024-01-01,"Akron, OH",195000,11.81,692,25,802,1972
2023-12-01,"Akron, OH",190000,8.88,672,24,806,1943
2023-11-01,"Akron, OH",198000,1.54,674,23,802,1876
2023-10-01,"Akron, OH",209900,10.47,714,22,771,1801
2023-09-01,"Akron, OH",209888,2.38,674,21,796,1779
2023-08-01,"Akron, OH",218950,1.84,664,21,766,1674
2023-07-01,"Akron, OH",219050,4.31,681,20,729,1689
2023-06-01,"Akron, OH",203800,-4.77,698,22,752,1771
2023-05-01,"Akron, OH",204000,2,693,23,750,1801
2023-04-01,"Akron, OH",197000,12.57,714,23,727,1892
2023-03-01,"Akron, OH",169900,-0.06,775,24,775,1998
2023-02-01,"Akron, OH",190000,17.28,789,26,835,2131
2023-01-01,"Akron, OH",174400,9.07,701,23,839,2155
2022-12-01,"Akron, OH",174500,-3.06,721,25,874,2149
2022-11-01,"Akron, OH",195000,8.33,763,23,800,2113
2022-10-01,"Akron, OH",190000,2.7,793,23,869,2124
2022-09-01,"Akron, OH",205000,10.81,811,25,879,2079
2022-08-01,"Akron, OH",215000,18.13,843,23,861,2116
2022-07-01,"Akron, OH",210000,12.9,837,17,929,2167
2022-06-01,"Akron, OH",214000,18.89,858,15,996,2220
2022-05-01,"Akron, OH",200000,14.29,876,16,970,2155
2022-04-01,"Akron, OH",175000,0,822,17,1060,2189
2022-03-01,"Akron, OH",170000,6.58,801,20,925,2080
2022-02-01,"Akron, OH",162000,4.18,930,19,863,2014
2022-01-01,"Akron, OH",159900,6.67,1019,21,936,2242
2021-12-01,"Akron, OH",180000,13.92,933,22,1069,2259
2021-11-01,"Akron, OH",180000,3.75,969,24,1003,2282
2021-10-01,"Akron, OH",185000,6.97,919,26,961,2332
2021-09-01,"Akron, OH",185000,2.78,971,24,961,2383
2021-08-01,"Akron, OH",182000,5.2,841,23,1008,2445
2021-07-01,"Akron, OH",186000,4.49,878,25,1060,2403
2021-06-01,"Akron, OH",180000,5.94,808,24,995,2254
2021-05-01,"Akron, OH",175000,9.38,830,24,975,2206
2021-04-01,"Akron, OH",175000,12.9,800,26,917,2139
2021-03-01,"Akron, OH",159500,3.07,850,28,920,2158
2021-02-01,"Akron, OH",155500,7.24,798,29,881,2179
2021-01-01,"Akron, OH",149900,13.99,898,29,882,2262
2020-12-01,"Akron, OH",158000,3.61,957,28,918,2282
2020-11-01,"Akron, OH",173500,16.84,971,28,976,2308
2020-10-01,"Akron, OH",172950,11.58,948,30,964,2356
2020-09-01,"Akron, OH",180000,20,920,31,1009,2477
2020-08-01,"Akron, OH",173000,7.45,905,33,963,2415
2020-07-01,"Akron, OH",178000,10.97,894,34,901,2442
2020-06-01,"Akron, OH",169900,2.04,701,48,888,2520
2020-05-01,"Akron, OH",160000,5.33,691,45,810,2546
2020-04-01,"Akron, OH",155000,6.9,718,43,623,2623
2020-03-01,"Akron, OH",154750,8.22,829,40,900,2980
2020-02-01,"Akron, OH",145000,9.89,823,45,923,3107
2020-01-01,"Akron, OH",131500,-6,817,43,980,3200
2019-12-01,"Akron, OH",152500,13.21,771,45,889,3262
2019-11-01,"Akron, OH",148500,-0.93,771,46,918,3306
2019-10-01,"Akron, OH",155000,7.27,785,47,993,3321
2019-09-01,"Akron, OH",150000,-3.23,804,49,925,3270
2019-08-01,"Akron, OH",161000,7.37,831,52,905,3306
2019-07-01,"Akron, OH",160400,6.93,844,49,919,3399
2019-06-01,"Akron, OH",166500,7.77,871,53,961,3409
2019-05-01,"Akron, OH",151900,5.56,828,51,1009,3423
2019-04-01,"Akron, OH",145000,4.32,870,49,1003,3377
2019-03-01,"Akron, OH",143000,12.16,781,50,991,3350
2019-02-01,"Akron, OH",131950,10.05,781,46,978,3330
2019-01-01,"Akron, OH",139900,10.97,762,49,845,3300
2026-05-01,"Albany, NY",338955,3.03,696,16,911,2402
2026-04-01,"Albany, NY",340000,4.62,720,15,884,2353
2026-03-01,"Albany, NY",344500,9.37,715,17,859,2307
2026-02-01,"Albany, NY",318000,3.58,739,14,849,2283
2026-01-01,"Albany, NY",325000,6.56,742,17,842,2296
2025-12-01,"Albany, NY",330000,-1.79,783,16,814,2294
2025-11-01,"Albany, NY",340000,6.25,771,15,869,2349
2025-10-01,"Albany, NY",347500,6.92,777,15,904,2369
2025-09-01,"Albany, NY",350000,7.69,768,15,878,2367
2025-08-01,"Albany, NY",370000,13.24,749,15,878,2379
2025-07-01,"Albany, NY",355000,7.58,753,15,904,2394
2025-06-01,"Albany, NY",350000,5.26,739,15,898,2396
2025-05-01,"Albany, NY",329000,1.23,746,14,873,2387
2025-04-01,"Albany, NY",325000,11.02,718,14,892,2394
2025-03-01,"Albany, NY",315000,6.78,736,13,884,2316
2025-02-01,"Albany, NY",307000,9.64,740,16,877,2310
2025-01-01,"Albany, NY",305000,12.75,762,14,916,2307
2024-12-01,"Albany, NY",336000,15.86,718,14,883,2280
2024-11-01,"Albany, NY",320000,4.92,740,14,867,2284
2024-10-01,"Albany, NY",325000,8.33,698,14,866,2302
2024-09-01,"Albany, NY",325000,4.84,710,16,866,2289
2024-08-01,"Albany, NY",326750,2.11,720,15,847,2257
2024-07-01,"Albany, NY",330000,7.84,742,14,816,2265
2024-06-01,"Albany, NY",332500,6.57,735,14,836,2300
2024-05-01,"Albany, NY",325000,11.11,757,13,882,2344
2024-04-01,"Albany, NY",292750,6.45,738,21,858,2326
2024-03-01,"Albany, NY",294999,9.26,756,13,908,2400
2024-02-01,"Albany, NY",280000,9.8,728,13,844,2384
2024-01-01,"Albany, NY",270500,2.08,721,13,898,2396
2023-12-01,"Albany, NY",290000,7.41,716,12,925,2383
2023-11-01,"Albany, NY",305000,9.32,717,12,948,2373
2023-10-01,"Albany, NY",300000,8.89,730,12,871,2260
2023-09-01,"Albany, NY",310000,6.9,737,11,904,2250
2023-08-01,"Albany, NY",320000,8.47,758,13,915,2219
2023-07-01,"Albany, NY",306000,7.37,727,12,861,2109
2023-06-01,"Albany, NY",312000,6.12,746,15,841,2172
2023-05-01,"Albany, NY",292500,6.36,743,15,825,2245
2023-04-01,"Albany, NY",275000,5.26,785,15,792,2301
2023-03-01,"Albany, NY",270000,8,760,15,809,2432
2023-02-01,"Albany, NY",255000,0,759,18,902,2557
2023-01-01,"Albany, NY",265000,6,778,14,881,2606
2022-12-01,"Albany, NY",270000,5.88,787,17,972,2627
2022-11-01,"Albany, NY",279000,5.28,803,17,868,2528
2022-10-01,"Albany, NY",275500,5.96,867,18,905,2563
2022-09-01,"Albany, NY",290000,7.41,904,17,890,2592
2022-08-01,"Albany, NY",295000,9.26,907,14,876,2678
2022-07-01,"Albany, NY",285000,5.56,909,16,1082,2819
2022-06-01,"Albany, NY",294000,9.29,915,13,1105,2818
2022-05-01,"Albany, NY",275000,7.44,926,13,1081,2757
2022-04-01,"Albany, NY",261250,3.67,942,15,1083,2722
2022-03-01,"Albany, NY",250000,5.04,954,16,1087,2707
2022-02-01,"Albany, NY",255000,10.87,963,16,1098,2643
2022-01-01,"Albany, NY",250000,8.7,1181,17,1005,2757
2021-12-01,"Albany, NY",255000,4.08,995,19,1076,2877
2021-11-01,"Albany, NY",265000,10.42,1060,20,1192,3071
2021-10-01,"Albany, NY",260000,7.88,1033,18,1104,3104
2021-09-01,"Albany, NY",270000,8,1031,18,1029,3213
2021-08-01,"Albany, NY",270000,11.38,999,17,1161,3327
2021-07-01,"Albany, NY",270000,12.5,1012,17,1217,3320
2021-06-01,"Albany, NY",269000,18.89,990,17,1211,3291
2021-05-01,"Albany, NY",255950,8.5,1028,21,1088,3276
2021-04-01,"Albany, NY",252000,11.75,1028,18,1153,3380
2021-03-01,"Albany, NY",238000,10.7,1092,22,1252,3397
2021-02-01,"Albany, NY",230000,12.2,1131,21,1109,3350
2021-01-01,"Albany, NY",230000,9.52,1124,21,1085,3425
2020-12-01,"Albany, NY",245000,13.56,1140,21,1198,3488
2020-11-01,"Albany, NY",240000,7.26,1119,18,1263,3555
2020-10-01,"Albany, NY",241000,12.09,1068,22,1290,3593
2020-09-01,"Albany, NY",250000,13.64,1051,22,1315,3537
2020-08-01,"Albany, NY",242424,10.92,1005,27,1312,3516
2020-07-01,"Albany, NY",240000,6.19,787,47,1165,3461
2020-06-01,"Albany, NY",226266,0.23,627,77,1113,3554
2020-05-01,"Albany, NY",235900,5.31,755,50,746,3428
2020-04-01,"Albany, NY",225500,2.5,794,45,456,3447
2020-03-01,"Albany, NY",215000,3.61,839,40,1009,4198
2020-02-01,"Albany, NY",205000,-0.49,883,44,1196,4435
2020-01-01,"Albany, NY",210000,2.44,885,46,1223,4438
2019-12-01,"Albany, NY",215750,7.88,885,42,1042,4364
2019-11-01,"Albany, NY",223750,4.07,871,39,976,4356
2019-10-01,"Albany, NY",215000,3.86,877,42,1090,4427
2019-09-01,"Albany, NY",220000,0.57,872,41,1186,4462
2019-08-01,"Albany, NY",218550,-1.23,919,42,1077,4360
2019-07-01,"Albany, NY",226000,-0.57,928,44,1145,4436
2019-06-01,"Albany, NY",225750,2.02,934,45,1114,4443
2019-05-01,"Albany, NY",224000,5.66,934,40,1112,4601
2019-04-01,"Albany, NY",220000,4.76,907,48,1166,4735
2019-03-01,"Albany, NY",207500,2.72,892,43,1230,4805
2019-02-01,"Albany, NY",206000,5.64,891,38,1066,4760
2019-01-01,"Albany, NY",205000,6.49,872,39,1203,4811
2026-05-01,"Albuquerque, NM",363878,1.08,903,45,749,3015
2026-04-01,"Albuquerque, NM",372500,5.7,835,46,848,3307
2026-03-01,"Albuquerque, NM",356613,-0.66,835,50,901,3462
2026-02-01,"Albuquerque, NM",363450,2.96,845,47,900,3518
2026-01-01,"Albuquerque, NM",353495,1.73,818,44,893,3553
2025-12-01,"Albuquerque, NM",360000,1.41,838,50,923,3629
2025-11-01,"Albuquerque, NM",355000,-1.22,784,50,951,3665
2025-10-01,"Albuquerque, NM",360990,0.28,805,48,964,3602
2025-09-01,"Albuquerque, NM",367000,6.38,812,51,952,3585
2025-08-01,"Albuquerque, NM",370000,4.23,811,50,960,3546
2025-07-01,"Albuquerque, NM",364900,1.08,778,45,990,3571
2025-06-01,"Albuquerque, NM",365000,2.82,827,46,997,3520
2025-05-01,"Albuquerque, NM",360000,0,804,43,1022,3523
2025-04-01,"Albuquerque, NM",352415,2.15,856,40,977,3522
2025-03-01,"Albuquerque, NM",358990,5.59,873,40,1000,3596
2025-02-01,"Albuquerque, NM",353000,6.97,922,43,1035,3590
2025-01-01,"Albuquerque, NM",347500,6.92,890,41,1055,3544
2024-12-01,"Albuquerque, NM",355000,7.58,895,41,1010,3467
2024-11-01,"Albuquerque, NM",359400,4.78,858,38,982,3388
2024-10-01,"Albuquerque, NM",360000,7.48,836,38,963,3309
2024-09-01,"Albuquerque, NM",345000,-0.58,788,38,1019,3285
2024-08-01,"Albuquerque, NM",355000,2.45,808,35,993,3164
2024-07-01,"Albuquerque, NM",360985,6.17,835,39,987,3116
2024-06-01,"Albuquerque, NM",355000,1.43,768,36,963,3102
2024-05-01,"Albuquerque, NM",360000,4.65,834,32,962,3051
2024-04-01,"Albuquerque, NM",345000,2.74,833,31,1020,3049
2024-03-01,"Albuquerque, NM",340000,4.65,798,28,942,2930
2024-02-01,"Albuquerque, NM",330000,4.1,817,34,935,2896
2024-01-01,"Albuquerque, NM",325000,6.56,763,34,954,2906
2023-12-01,"Albuquerque, NM",330000,3.45,805,32,974,2846
2023-11-01,"Albuquerque, NM",343000,9.94,808,29,980,2810
2023-10-01,"Albuquerque, NM",334950,4.02,811,29,975,2730
2023-09-01,"Albuquerque, NM",347000,6.64,835,26,951,2623
2023-08-01,"Albuquerque, NM",346500,8.28,833,28,964,2589
2023-07-01,"Albuquerque, NM",340000,6.08,805,26,839,2511
2023-06-01,"Albuquerque, NM",350000,9.38,810,27,909,2536
2023-05-01,"Albuquerque, NM",344000,3.93,785,29,904,2504
2023-04-01,"Albuquerque, NM",335800,2.77,774,26,794,2437
2023-03-01,"Albuquerque, NM",324900,4.81,814,29,876,2521
2023-02-01,"Albuquerque, NM",317000,2.84,870,32,901,2582
2023-01-01,"Albuquerque, NM",305000,1.67,818,30,905,2709
2022-12-01,"Albuquerque, NM",319000,6.33,828,25,981,2833
2022-11-01,"Albuquerque, NM",312000,5.76,850,26,999,2822
2022-10-01,"Albuquerque, NM",322000,15,925,27,978,2829
2022-09-01,"Albuquerque, NM",325388,14.17,963,25,956,2800
2022-08-01,"Albuquerque, NM",320000,12.28,964,23,1007,2905
2022-07-01,"Albuquerque, NM",320500,10.52,970,21,1118,2961
2022-06-01,"Albuquerque, NM",320000,10.34,1032,18,1152,2874
2022-05-01,"Albuquerque, NM",331000,19.71,1040,17,1160,2793
2022-04-01,"Albuquerque, NM",326750,19.25,1063,18,1218,2703
2022-03-01,"Albuquerque, NM",310000,19.23,1075,15,1135,2564
2022-02-01,"Albuquerque, NM",308250,18.56,1013,14,1188,2499
2022-01-01,"Albuquerque, NM",300000,20,1312,17,1183,2411
2021-12-01,"Albuquerque, NM",300000,17.65,1202,19,1181,2343
2021-11-01,"Albuquerque, NM",295000,18.71,1354,18,1218,2531
2021-10-01,"Albuquerque, NM",280000,10.24,1322,19,1225,2768
2021-09-01,"Albuquerque, NM",285000,14.46,1290,19,1242,2892
2021-08-01,"Albuquerque, NM",285000,14,1225,20,1326,2976
2021-07-01,"Albuquerque, NM",290000,17.22,1276,18,1334,2996
2021-06-01,"Albuquerque, NM",290000,23.93,1215,17,1306,2915
2021-05-01,"Albuquerque, NM",276491,22.88,1181,17,1335,2935
2021-04-01,"Albuquerque, NM",274000,19.13,1204,18,1286,2890
2021-03-01,"Albuquerque, NM",260000,13.4,1248,17,1351,2849
2021-02-01,"Albuquerque, NM",260000,15.61,1283,20,1298,2808
2021-01-01,"Albuquerque, NM",250000,14.73,1410,20,1344,2936
2020-12-01,"Albuquerque, NM",255000,16.17,1376,19,1324,2984
2020-11-01,"Albuquerque, NM",248500,15.58,1455,17,1301,3060
2020-10-01,"Albuquerque, NM",254000,14.41,1368,18,1418,3257
2020-09-01,"Albuquerque, NM",249000,15.81,1312,20,1462,3273
2020-08-01,"Albuquerque, NM",250000,12.61,1294,23,1328,3223
2020-07-01,"Albuquerque, NM",247400,10.45,1370,27,1336,3293
2020-06-01,"Albuquerque, NM",234000,4,1091,37,1217,3460
2020-05-01,"Albuquerque, NM",225000,2.32,947,33,1234,3681
2020-04-01,"Albuquerque, NM",230000,8.11,1013,31,887,3612
2020-03-01,"Albuquerque, NM",229275,11.84,1076,33,1232,3901
2020-02-01,"Albuquerque, NM",224900,12.45,1126,32,1293,3981
2020-01-01,"Albuquerque, NM",217900,11.23,1161,39,1285,4012
2019-12-01,"Albuquerque, NM",219500,10.16,1186,37,1243,4012
2019-11-01,"Albuquerque, NM",215000,7.53,1188,35,1262,4118
2019-10-01,"Albuquerque, NM",222000,15.2,1094,38,1248,4186
2019-09-01,"Albuquerque, NM",215000,11.4,1163,38,1272,4180
2019-08-01,"Albuquerque, NM",222000,6.22,1227,40,1266,4195
2019-07-01,"Albuquerque, NM",224000,9.8,1133,44,1280,4366
2019-06-01,"Albuquerque, NM",225000,9.36,1112,40,1360,4430
2019-05-01,"Albuquerque, NM",219900,11.06,1202,39,1255,4322
2019-04-01,"Albuquerque, NM",212750,6.37,1190,38,1359,4487
2019-03-01,"Albuquerque, NM",205000,6.22,1076,49,1319,4464
2019-02-01,"Albuquerque, NM",200000,6.1,1093,46,1257,4511
2019-01-01,"Albuquerque, NM",195900,7.93,1110,42,1243,4610
2026-05-01,"Allentown, PA",373847,7.74,NA,16,859,2137
2026-04-01,"Allentown, PA",360000,4.73,NA,16,894,2228
2026-03-01,"Allentown, PA",344750,4.47,NA,17,916,2224
2026-02-01,"Allentown, PA",335000,-3.46,NA,18,842,2171
2026-01-01,"Allentown, PA",349900,11.08,NA,18,885,2190
2025-12-01,"Allentown, PA",343355,5.49,NA,17,844,2172
2025-11-01,"Allentown, PA",355000,5.97,NA,17,868,2195
2025-10-01,"Allentown, PA",350000,4.48,NA,18,844,2192
2025-09-01,"Allentown, PA",352500,3.27,NA,16,908,2208
2025-08-01,"Allentown, PA",350000,2.94,NA,17,858,2189
2025-07-01,"Allentown, PA",365000,7.35,NA,18,848,2167
2025-06-01,"Allentown, PA",366500,4.71,NA,17,843,2202
2025-05-01,"Allentown, PA",347000,5.15,NA,17,847,2231
2025-04-01,"Allentown, PA",343750,5.77,NA,16,848,2207
2025-03-01,"Allentown, PA",330000,-1.49,NA,17,839,2250
2025-02-01,"Allentown, PA",347000,11.94,NA,18,869,2278
2025-01-01,"Allentown, PA",315000,8.62,NA,16,842,2277
2024-12-01,"Allentown, PA",325500,8.5,NA,16,932,2266
2024-11-01,"Allentown, PA",335000,8.08,NA,17,891,2153
2024-10-01,"Allentown, PA",335000,11.3,NA,16,854,2099
2024-09-01,"Allentown, PA",341350,6.67,NA,15,865,2074
2024-08-01,"Allentown, PA",340000,4.94,NA,16,840,2032
2024-07-01,"Allentown, PA",340000,5.59,NA,16,859,2027
2024-06-01,"Allentown, PA",350000,7.29,NA,16,800,1943
2024-05-01,"Allentown, PA",330000,6.45,NA,15,798,1937
2024-04-01,"Allentown, PA",325000,6.56,NA,15,798,2017
2024-03-01,"Allentown, PA",335000,11.67,NA,12,827,2073
2024-02-01,"Allentown, PA",310000,8.77,NA,13,826,2050
2024-01-01,"Allentown, PA",290000,0,NA,12,839,2034
2023-12-01,"Allentown, PA",300000,7.14,NA,13,878,1979
2023-11-01,"Allentown, PA",309950,3.32,NA,13,842,1856
2023-10-01,"Allentown, PA",301000,7.12,NA,12,839,1738
2023-09-01,"Allentown, PA",320000,10.34,NA,13,779,1638
2023-08-01,"Allentown, PA",324000,6.1,NA,13,769,1622
2023-07-01,"Allentown, PA",322002,7.33,NA,13,716,1593
2023-06-01,"Allentown, PA",326213,5.26,NA,13,728,1651
2023-05-01,"Allentown, PA",310000,4.38,NA,14,725,1758
2023-04-01,"Allentown, PA",305000,10.91,NA,15,674,1858
2023-03-01,"Allentown, PA",300000,7.14,NA,15,736,1982
2023-02-01,"Allentown, PA",285000,8.37,NA,14,840,2182
2023-01-01,"Allentown, PA",290000,9.43,NA,19,869,2257
2022-12-01,"Allentown, PA",280000,5.66,NA,16,871,2207
2022-11-01,"Allentown, PA",300000,15.63,NA,14,844,2191
2022-10-01,"Allentown, PA",281000,9.13,NA,17,849,2196
2022-09-01,"Allentown, PA",290000,11.13,NA,22,856,2362
2022-08-01,"Allentown, PA",305375,15.24,NA,18,882,2427
2022-07-01,"Allentown, PA",300000,11.11,NA,18,936,2541
2022-06-01,"Allentown, PA",309900,14.78,NA,17,1053,2583
2022-05-01,"Allentown, PA",297000,18.85,NA,15,1088,2519
2022-04-01,"Allentown, PA",275000,15.55,NA,13,975,2471
2022-03-01,"Allentown, PA",280000,21.74,NA,14,1009,2541
2022-02-01,"Allentown, PA",263000,16.89,NA,18,1048,2559
2022-01-01,"Allentown, PA",265000,16.23,NA,15,963,2520
2021-12-01,"Allentown, PA",265000,13.98,NA,19,991,2628
2021-11-01,"Allentown, PA",259450,8.1,NA,18,1075,2809
2021-10-01,"Allentown, PA",257500,9.62,NA,18,1084,2874
2021-09-01,"Allentown, PA",260950,13.46,NA,17,1067,2923
2021-08-01,"Allentown, PA",265000,15.22,NA,15,1183,3011
2021-07-01,"Allentown, PA",270000,18.42,NA,15,1238,2989
2021-06-01,"Allentown, PA",270000,20.05,NA,15,1182,2919
2021-05-01,"Allentown, PA",249900,15.43,NA,16,1097,2902
2021-04-01,"Allentown, PA",238000,16.1,NA,17,1164,2955
2021-03-01,"Allentown, PA",230000,16.16,NA,24,1094,2883
2021-02-01,"Allentown, PA",225000,15.38,NA,21,985,2775
2021-01-01,"Allentown, PA",228000,23.24,NA,20,1056,2897
2020-12-01,"Allentown, PA",232500,16.31,NA,18,1122,2999
2020-11-01,"Allentown, PA",240000,20.6,NA,19,1187,3050
2020-10-01,"Allentown, PA",234900,15.15,NA,19,1310,3187
2020-09-01,"Allentown, PA",230000,14.68,NA,21,1301,3120
2020-08-01,"Allentown, PA",230000,9.52,NA,25,1212,3066
2020-07-01,"Allentown, PA",228000,6.05,NA,41,1247,3085
2020-06-01,"Allentown, PA",224900,7.1,NA,77,1179,3142
2020-05-01,"Allentown, PA",216500,11.51,NA,82,693,2737
2020-04-01,"Allentown, PA",205000,10.81,NA,43,42,2557
2020-03-01,"Allentown, PA",198000,10.06,NA,42,895,3538
2020-02-01,"Allentown, PA",195000,9.24,NA,40,1009,3691
2020-01-01,"Allentown, PA",185000,5.71,NA,41,1065,3750
2019-12-01,"Allentown, PA",199900,8.05,NA,42,1018,3749
2019-11-01,"Allentown, PA",199000,4.9,NA,39,1047,3837
2019-10-01,"Allentown, PA",204000,7.94,NA,42,1070,3886
2019-09-01,"Allentown, PA",200550,7.82,NA,41,1105,3897
2019-08-01,"Allentown, PA",210000,2.44,NA,42,1130,3974
2019-07-01,"Allentown, PA",215000,7.43,NA,40,1078,4059
2019-06-01,"Allentown, PA",210000,6.87,NA,41,1136,4139
2019-05-01,"Allentown, PA",194158,2.19,NA,43,1158,4261
2019-04-01,"Allentown, PA",185000,2.78,NA,52,1160,4375
2019-03-01,"Allentown, PA",179900,-3.8,NA,48,1154,4449
2019-02-01,"Allentown, PA",178500,8.18,NA,50,1132,4458
2019-01-01,"Allentown, PA",175000,0.03,NA,46,1173,4444
2026-05-01,"Anaheim, CA",1255878,4.66,1754,NA,2087,7462
2026-04-01,"Anaheim, CA",1250000,4.17,1739,NA,2149,7403
2026-03-01,"Anaheim, CA",1260000,4.65,1777,NA,2176,7387
2026-02-01,"Anaheim, CA",1200000,0,1810,NA,2288,7421
2026-01-01,"Anaheim, CA",1190750,-0.52,1782,NA,2356,7276
2025-12-01,"Anaheim, CA",1165000,2.19,1812,NA,2242,7241
2025-11-01,"Anaheim, CA",1175000,-0.42,1809,NA,2221,7313
2025-10-01,"Anaheim, CA",1200000,3.63,1838,NA,2115,7329
2025-09-01,"Anaheim, CA",1200000,3,1768,NA,2010,7357
2025-08-01,"Anaheim, CA",1175000,0,1772,NA,2024,7495
2025-07-01,"Anaheim, CA",1189750,1,1744,NA,1977,7595
2025-06-01,"Anaheim, CA",1240000,3.33,1685,NA,1880,7847
2025-05-01,"Anaheim, CA",1200000,-0.04,1629,NA,2176,8038
2025-04-01,"Anaheim, CA",1200000,0.84,1712,NA,2366,7952
2025-03-01,"Anaheim, CA",1204000,4.24,1829,NA,2442,7749
2025-02-01,"Anaheim, CA",1200000,9.09,1951,NA,2415,7607
2025-01-01,"Anaheim, CA",1197000,12.92,1764,NA,2405,7337
2024-12-01,"Anaheim, CA",1140000,5.31,1834,NA,2394,6950
2024-11-01,"Anaheim, CA",1180000,7.27,1828,NA,2258,6759
2024-10-01,"Anaheim, CA",1158000,9.25,1766,NA,2260,6675
2024-09-01,"Anaheim, CA",1165000,6.88,1656,NA,2300,6436
2024-08-01,"Anaheim, CA",1175000,6.82,1700,NA,2146,6102
2024-07-01,"Anaheim, CA",1178000,11.37,1802,NA,1986,5953
2024-06-01,"Anaheim, CA",1200000,13.21,1714,NA,2140,5865
2024-05-01,"Anaheim, CA",1200500,17.64,1830,NA,2037,5721
2024-04-01,"Anaheim, CA",1189990,23.32,1803,NA,1938,5574
2024-03-01,"Anaheim, CA",1155000,18.46,1762,NA,1937,5479
2024-02-01,"Anaheim, CA",1100000,15.79,1717,NA,1850,5469
2024-01-01,"Anaheim, CA",1060000,12.77,1648,NA,2021,5423
2023-12-01,"Anaheim, CA",1082500,17.39,1537,NA,2224,5202
2023-11-01,"Anaheim, CA",1100000,17.65,1612,NA,2201,5163
2023-10-01,"Anaheim, CA",1060000,12.17,1614,NA,2013,4984
2023-09-01,"Anaheim, CA",1090000,13.25,1640,NA,1936,4901
2023-08-01,"Anaheim, CA",1100000,11.11,1733,NA,1848,4936
2023-07-01,"Anaheim, CA",1057750,7.93,1713,NA,1788,4911
2023-06-01,"Anaheim, CA",1060000,3.92,1708,NA,1690,4940
2023-05-01,"Anaheim, CA",1020500,-3.73,1725,NA,1636,5111
2023-04-01,"Anaheim, CA",965000,-9.86,1678,NA,1593,5311
2023-03-01,"Anaheim, CA",975000,-5.8,1668,NA,1530,5527
2023-02-01,"Anaheim, CA",950000,-4.52,1693,NA,1698,5801
2023-01-01,"Anaheim, CA",940000,-2.08,1643,NA,1759,6201
2022-12-01,"Anaheim, CA",922145,-1.69,1571,NA,2203,6588
2022-11-01,"Anaheim, CA",935000,0,1601,NA,2181,6524
2022-10-01,"Anaheim, CA",945000,2.72,1797,NA,2114,6543
2022-09-01,"Anaheim, CA",962500,6.94,1940,NA,2170,6709
2022-08-01,"Anaheim, CA",990000,9.7,1894,NA,2155,6954
2022-07-01,"Anaheim, CA",980000,8.29,1880,NA,2525,7008
2022-06-01,"Anaheim, CA",1020000,12.09,2058,NA,2743,6734
2022-05-01,"Anaheim, CA",1060000,17.78,2245,NA,2776,6434
2022-04-01,"Anaheim, CA",1070500,19.61,2412,NA,2811,6232
2022-03-01,"Anaheim, CA",1035000,21.76,2520,NA,2617,6102
2022-02-01,"Anaheim, CA",995000,20.61,2394,NA,2697,5759
2022-01-01,"Anaheim, CA",960000,20.15,2735,NA,2498,5420
2021-12-01,"Anaheim, CA",938000,17.4,2673,NA,2729,5572
2021-11-01,"Anaheim, CA",935000,17.91,2846,NA,2833,6020
2021-10-01,"Anaheim, CA",920000,15.72,2840,NA,2810,6332
2021-09-01,"Anaheim, CA",900000,15.38,2893,NA,2795,6597
2021-08-01,"Anaheim, CA",902500,13.52,2821,NA,2994,6887
2021-07-01,"Anaheim, CA",905000,19.08,2945,NA,3107,7020
2021-06-01,"Anaheim, CA",910000,19.74,3044,NA,3029,7227
2021-05-01,"Anaheim, CA",900000,23.29,3039,NA,3027,7536
2021-04-01,"Anaheim, CA",895000,20.13,3166,NA,3106,8016
2021-03-01,"Anaheim, CA",850000,13.33,3073,NA,3154,8355
2021-02-01,"Anaheim, CA",825000,10.22,3134,NA,3029,8497
2021-01-01,"Anaheim, CA",799000,7.25,3345,NA,3023,8887
2020-12-01,"Anaheim, CA",799000,10.82,3317,NA,3182,9209
2020-11-01,"Anaheim, CA",793000,10.14,3256,NA,3225,9340
2020-10-01,"Anaheim, CA",795000,11.97,3301,NA,3571,9471
2020-09-01,"Anaheim, CA",780000,8.33,3167,NA,3598,9421
2020-08-01,"Anaheim, CA",795000,11.97,2954,NA,3395,9325
2020-07-01,"Anaheim, CA",760000,4.47,2647,NA,3177,9205
2020-06-01,"Anaheim, CA",760000,3.68,1826,NA,2687,8804
2020-05-01,"Anaheim, CA",730000,1.39,1273,NA,2248,8160
2020-04-01,"Anaheim, CA",745000,2.76,1597,NA,1360,7731
2020-03-01,"Anaheim, CA",750000,6.38,2375,NA,2444,9182
2020-02-01,"Anaheim, CA",748500,10.07,2664,NA,2959,10035
2020-01-01,"Anaheim, CA",745000,7.97,2535,NA,2866,9876
2019-12-01,"Anaheim, CA",721000,5.26,2736,NA,2716,10060
2019-11-01,"Anaheim, CA",720000,2.13,2567,NA,2720,10368
2019-10-01,"Anaheim, CA",710000,0.71,2500,NA,2766,10541
2019-09-01,"Anaheim, CA",720000,-1.37,2585,NA,2828,10889
2019-08-01,"Anaheim, CA",710000,-0.7,2521,NA,2771,11054
2019-07-01,"Anaheim, CA",727500,0.34,2525,NA,2856,11405
2019-06-01,"Anaheim, CA",733000,0.55,2515,NA,2880,11835
2019-05-01,"Anaheim, CA",720000,-0.69,2503,NA,3293,12211
2019-04-01,"Anaheim, CA",725000,3.57,2393,NA,3256,12341
2019-03-01,"Anaheim, CA",705000,-0.7,2342,NA,3207,12279
2019-02-01,"Anaheim, CA",680000,-2.72,2183,NA,2917,12134
2019-01-01,"Anaheim, CA",690000,2.22,2080,NA,2973,12188
2026-05-01,"Atlanta, GA",403755,0.94,6640,59,9012,38704
2026-04-01,"Atlanta, GA",400000,0.03,6531,59,9562,40038
2026-03-01,"Atlanta, GA",391000,-1.01,6572,59,9895,40878
2026-02-01,"Atlanta, GA",390000,0.78,6580,59,9988,41320
2026-01-01,"Atlanta, GA",375250,-1.24,6381,57,10382,41798
2025-12-01,"Atlanta, GA",385000,-2.28,6541,56,9968,42570
2025-11-01,"Atlanta, GA",389000,-0.77,6432,59,9899,42824
2025-10-01,"Atlanta, GA",385000,-2.53,6460,62,10126,42189
2025-09-01,"Atlanta, GA",395000,-1.25,6490,61,9698,41316
2025-08-01,"Atlanta, GA",399900,0.99,6330,61,9350,40614
2025-07-01,"Atlanta, GA",399900,-0.02,6312,61,9061,40061
2025-06-01,"Atlanta, GA",406000,-3.33,6554,58,9094,39815
2025-05-01,"Atlanta, GA",400000,-1.23,6449,55,9568,39596
2025-04-01,"Atlanta, GA",399900,0.05,6493,54,9825,38751
2025-03-01,"Atlanta, GA",395000,-0.12,6397,53,9732,37657
2025-02-01,"Atlanta, GA",387000,-0.77,6457,52,9496,36446
2025-01-01,"Atlanta, GA",379945,0.28,6512,51,8789,35003
2024-12-01,"Atlanta, GA",394000,3.7,6622,50,8931,33808
2024-11-01,"Atlanta, GA",392000,0.51,6530,49,8629,32901
2024-10-01,"Atlanta, GA",395000,1.28,6561,49,8482,32420
2024-09-01,"Atlanta, GA",399990,2.59,6434,47,8435,32331
2024-08-01,"Atlanta, GA",395995,0.25,6472,46,8671,32431
2024-07-01,"Atlanta, GA",400000,1.27,6608,44,8827,32640
2024-06-01,"Atlanta, GA",420000,5.03,6362,43,9320,32626
2024-05-01,"Atlanta, GA",405000,3.85,6531,40,9300,31987
2024-04-01,"Atlanta, GA",399700,4.91,6603,39,9350,31355
2024-03-01,"Atlanta, GA",395480,6.89,6647,37,9208,30956
2024-02-01,"Atlanta, GA",390000,6.85,6596,36,9452,30343
2024-01-01,"Atlanta, GA",378900,7.34,6635,35,9217,29978
2023-12-01,"Atlanta, GA",379945,4.09,6483,35,9290,30257
2023-11-01,"Atlanta, GA",390000,5.43,6546,32,9671,30324
2023-10-01,"Atlanta, GA",390000,5.41,6454,31,9909,30382
2023-09-01,"Atlanta, GA",389900,3.7,6598,29,10260,30410
2023-08-01,"Atlanta, GA",395000,2.76,6697,31,10022,30212
2023-07-01,"Atlanta, GA",395000,0.59,6606,31,10143,30135
2023-06-01,"Atlanta, GA",399900,-0.02,6697,32,9696,30090
2023-05-01,"Atlanta, GA",390000,-2.5,6774,36,9758,30522
2023-04-01,"Atlanta, GA",381000,-1.04,6808,38,9112,31263
2023-03-01,"Atlanta, GA",370000,0.11,6858,39,9392,32205
2023-02-01,"Atlanta, GA",365000,2.54,7077,38,9391,33423
2023-01-01,"Atlanta, GA",353000,2.32,6775,37,10186,34448
2022-12-01,"Atlanta, GA",365000,4.29,6975,33,9992,34831
2022-11-01,"Atlanta, GA",369900,7.22,7111,32,10491,35032
2022-10-01,"Atlanta, GA",370000,8.23,7576,30,10895,35296
2022-09-01,"Atlanta, GA",376000,13.94,7810,29,11747,35060
2022-08-01,"Atlanta, GA",384380,16.48,7874,25,11738,34133
2022-07-01,"Atlanta, GA",392670,16.97,8066,22,12304,32758
2022-06-01,"Atlanta, GA",400000,17.65,8472,20,12498,30910
2022-05-01,"Atlanta, GA",400000,22.87,8675,19,11956,29016
2022-04-01,"Atlanta, GA",385000,22.81,8965,17,11210,27812
2022-03-01,"Atlanta, GA",369590,21.98,9188,16,10920,27432
2022-02-01,"Atlanta, GA",355950,23.55,9511,14,11442,27591
2022-01-01,"Atlanta, GA",345000,23.21,9912,16,11349,27813
2021-12-01,"Atlanta, GA",350000,22.81,9687,17,12449,27395
2021-11-01,"Atlanta, GA",345000,21.72,10401,17,12501,27033
2021-10-01,"Atlanta, GA",341880,19.96,10021,16,11948,26437
2021-09-01,"Atlanta, GA",330000,16.61,10049,15,11390,26080
2021-08-01,"Atlanta, GA",330000,17.02,10085,15,12014,26112
2021-07-01,"Atlanta, GA",335708,19.94,10192,15,11658,25766
2021-06-01,"Atlanta, GA",340000,25.93,10265,15,11567,25485
2021-05-01,"Atlanta, GA",325535,24.73,10221,16,10810,25649
2021-04-01,"Atlanta, GA",313500,16.11,10084,16,11175,26337
2021-03-01,"Atlanta, GA",303000,14.93,10251,16,10919,26911
2021-02-01,"Atlanta, GA",288092,15.24,9995,17,10878,27644
2021-01-01,"Atlanta, GA",280000,15.39,10482,19,11365,28403
2020-12-01,"Atlanta, GA",285000,13.82,10344,20,11991,28905
2020-11-01,"Atlanta, GA",283445,14.32,10324,21,11446,29489
2020-10-01,"Atlanta, GA",285000,16.33,10439,23,11677,30415
2020-09-01,"Atlanta, GA",283000,13.25,10251,26,11876,31606
2020-08-01,"Atlanta, GA",282000,12.85,10304,32,11644,33148
2020-07-01,"Atlanta, GA",279900,9.76,10147,39,11103,35066
2020-06-01,"Atlanta, GA",270000,4.45,9566,44,10673,37430
2020-05-01,"Atlanta, GA",261000,1.95,7260,43,10720,39614
2020-04-01,"Atlanta, GA",270000,9.5,7528,36,8839,39388
2020-03-01,"Atlanta, GA",263650,8.05,9182,40,11874,41339
2020-02-01,"Atlanta, GA",250000,6.38,9422,39,11960,41759
2020-01-01,"Atlanta, GA",242659,5.5,9205,38,12295,42070
2019-12-01,"Atlanta, GA",250395,6.55,9423,37,12065,42059
2019-11-01,"Atlanta, GA",247950,7.8,9039,36,12004,42276
2019-10-01,"Atlanta, GA",245000,6.5,9026,35,11965,42642
2019-09-01,"Atlanta, GA",249900,6.3,8981,35,12131,42748
2019-08-01,"Atlanta, GA",249900,7.95,9102,34,12089,42600
2019-07-01,"Atlanta, GA",255000,5.37,8995,33,12041,42600
2019-06-01,"Atlanta, GA",258500,4.23,9161,32,12003,42802
2019-05-01,"Atlanta, GA",256000,4.7,9118,33,12771,43039
2019-04-01,"Atlanta, GA",246580,3.6,8887,33,12512,42718
2019-03-01,"Atlanta, GA",244000,5.17,8914,34,12242,42500
2019-02-01,"Atlanta, GA",235000,6.82,8789,36,11983,42572
2019-01-01,"Atlanta, GA",230000,6.98,8527,35,12047,42325
2026-05-01,"Austin, TX",443632,-0.31,2666,87,3817,18281
2026-04-01,"Austin, TX",435000,-3.12,2698,88,3716,18203
2026-03-01,"Austin, TX",425000,-3.41,2630,92,3771,18112
2026-02-01,"Austin, TX",410327,-4.57,2618,86,3913,17793
2026-01-01,"Austin, TX",408000,-1.45,2491,85,3715,17046
2025-12-01,"Austin, TX",430000,-4.44,2662,86,3693,17539
2025-11-01,"Austin, TX",430000,-1.15,2562,84,3589,17633
2025-10-01,"Austin, TX",438000,1.5,2496,85,3932,17817
2025-09-01,"Austin, TX",418000,-2.79,2610,86,3674,17892
2025-08-01,"Austin, TX",441526,0.62,2603,85,3622,18201
2025-07-01,"Austin, TX",430000,-4.39,2406,84,3773,18589
2025-06-01,"Austin, TX",447603,-0.53,2503,85,3550,18818
2025-05-01,"Austin, TX",445000,-2.85,2453,81,3702,18895
2025-04-01,"Austin, TX",449000,-2.95,2412,80,3792,18300
2025-03-01,"Austin, TX",440000,-2.22,2522,78,3637,17411
2025-02-01,"Austin, TX",429990,-2.5,2449,78,3572,16693
2025-01-01,"Austin, TX",414000,-3.72,2703,75,3638,15998
2024-12-01,"Austin, TX",449990,1.81,2592,74,3728,16060
2024-11-01,"Austin, TX",435000,2.35,2672,75,3525,15627
2024-10-01,"Austin, TX",431530,-2.29,2655,72,3560,15747
2024-09-01,"Austin, TX",429999,-5.15,2423,73,3649,15694
2024-08-01,"Austin, TX",438804,-4.61,2438,72,3618,15659
2024-07-01,"Austin, TX",449731,-2.76,2469,70,3455,15706
2024-06-01,"Austin, TX",450000,-5.86,2468,71,3595,15878
2024-05-01,"Austin, TX",458050,-1.49,2532,66,3528,15923
2024-04-01,"Austin, TX",462652,-0.85,2667,67,3545,15726
2024-03-01,"Austin, TX",450000,-0.14,2689,65,3549,15352
2024-02-01,"Austin, TX",441000,0.46,2720,64,3548,14948
2024-01-01,"Austin, TX",430000,-4.44,2615,65,3476,14473
2023-12-01,"Austin, TX",441990,-2.65,2449,65,3347,14439
2023-11-01,"Austin, TX",425000,-8.94,2464,63,3745,14203
2023-10-01,"Austin, TX",441655,-7.02,2578,64,3247,13642
2023-09-01,"Austin, TX",453363,-4.56,2423,63,3560,13468
2023-08-01,"Austin, TX",460000,-8,2639,64,3445,13166
2023-07-01,"Austin, TX",462500,-10.93,2655,64,3367,12870
2023-06-01,"Austin, TX",478000,-10.65,2568,65,3384,13035
2023-05-01,"Austin, TX",465000,-15.57,2703,67,3460,13218
2023-04-01,"Austin, TX",466600,-15.93,2552,66,3323,13414
2023-03-01,"Austin, TX",450650,-13.5,2574,68,3434,13672
2023-02-01,"Austin, TX",439000,-12.18,2683,63,3166,13827
2023-01-01,"Austin, TX",450000,-6.83,2510,59,3622,14145
2022-12-01,"Austin, TX",454000,-4.42,2527,56,3224,14067
2022-11-01,"Austin, TX",466750,-0.69,2425,52,3278,14049
2022-10-01,"Austin, TX",475000,3.77,2556,49,3323,14178
2022-09-01,"Austin, TX",475000,5.56,2847,46,3376,14117
2022-08-01,"Austin, TX",499999,5.99,2573,44,3311,13742
2022-07-01,"Austin, TX",519250,7.84,2636,42,3840,13014
2022-06-01,"Austin, TX",535000,11.46,2799,38,4085,11668
2022-05-01,"Austin, TX",550750,18.44,2957,36,3967,9948
2022-04-01,"Austin, TX",555000,19.05,2994,35,3930,8883
2022-03-01,"Austin, TX",521000,22.01,3076,30,3857,8493
2022-02-01,"Austin, TX",499900,26.53,3211,31,3859,8588
2022-01-01,"Austin, TX",483000,31.07,3600,30,3820,8961
2021-12-01,"Austin, TX",475000,29.08,3570,30,3902,9354
2021-11-01,"Austin, TX",470000,28.77,3654,31,3986,9728
2021-10-01,"Austin, TX",457750,24.73,3578,30,3845,9533
2021-09-01,"Austin, TX",450000,26.76,3637,31,3745,9403
2021-08-01,"Austin, TX",471750,34.79,3481,32,3848,9210
2021-07-01,"Austin, TX",481500,36.79,3456,32,3842,8780
2021-06-01,"Austin, TX",480000,41.59,3451,32,3906,8390
2021-05-01,"Austin, TX",465000,40.91,3297,33,3693,8187
2021-04-01,"Austin, TX",466179,43.4,3235,32,3762,8321
2021-03-01,"Austin, TX",427000,28.61,3247,32,3788,8353
2021-02-01,"Austin, TX",395090,21.57,2939,29,3014,8004
2021-01-01,"Austin, TX",368500,19.26,3909,29,3553,8711
2020-12-01,"Austin, TX",368000,14.82,3739,30,4030,9096
2020-11-01,"Austin, TX",365000,17.93,4079,30,3572,8935
2020-10-01,"Austin, TX",367000,12.92,3914,32,3738,9293
2020-09-01,"Austin, TX",355000,10.94,3889,31,3609,8534
2020-08-01,"Austin, TX",350000,9.38,3753,18,3680,8260
2020-07-01,"Austin, TX",352000,10,3813,24,3767,8614
2020-06-01,"Austin, TX",339000,3.02,3106,32,3568,9174
2020-05-01,"Austin, TX",330000,0.36,2270,34,3533,9854
2020-04-01,"Austin, TX",325100,1.91,2386,24,2776,9547
2020-03-01,"Austin, TX",332000,8.85,3131,26,3635,10550
2020-02-01,"Austin, TX",325000,10.19,3290,28,3592,10748
2020-01-01,"Austin, TX",309000,4.75,3090,30,3582,10788
2019-12-01,"Austin, TX",320500,5.44,3257,30,3520,10462
2019-11-01,"Austin, TX",309500,3.17,3226,30,3576,10362
2019-10-01,"Austin, TX",325000,6.56,3135,30,3520,10465
2019-09-01,"Austin, TX",320000,6.67,3104,33,3601,10522
2019-08-01,"Austin, TX",320000,1.11,3108,33,3456,10557
2019-07-01,"Austin, TX",320000,1.75,3121,33,3514,10767
2019-06-01,"Austin, TX",329050,2.51,3098,36,3535,10916
2019-05-01,"Austin, TX",328802,3.4,3082,34,3498,10989
2019-04-01,"Austin, TX",319000,1.27,3021,35,3492,11232
2019-03-01,"Austin, TX",305000,1.67,3031,36,3472,11460
2019-02-01,"Austin, TX",294950,-0.02,3057,36,3450,11645
2019-01-01,"Austin, TX",295000,1.67,2826,37,3496,11609
2026-05-01,"Bakersfield, CA",403755,6.25,615,44,820,3078
2026-04-01,"Bakersfield, CA",385995,0.26,621,40,847,3118
2026-03-01,"Bakersfield, CA",385000,3.04,628,41,889,3073
2026-02-01,"Bakersfield, CA",375000,-2.97,636,47,857,3036
2026-01-01,"Bakersfield, CA",380000,1.33,612,47,856,3010
2025-12-01,"Bakersfield, CA",375000,-1.45,630,48,806,2978
2025-11-01,"Bakersfield, CA",372990,-1.84,610,44,799,3010
2025-10-01,"Bakersfield, CA",380000,2.01,661,44,805,3008
2025-09-01,"Bakersfield, CA",385000,1.32,583,45,778,3061
2025-08-01,"Bakersfield, CA",392000,5.95,620,45,842,3103
2025-07-01,"Bakersfield, CA",377000,-3.33,652,46,803,3092
2025-06-01,"Bakersfield, CA",390000,5.41,615,43,845,3119
2025-05-01,"Bakersfield, CA",380000,1.33,635,43,823,3096
2025-04-01,"Bakersfield, CA",385000,5.48,614,45,849,3146
2025-03-01,"Bakersfield, CA",373655,2.37,635,41,845,3119
2025-02-01,"Bakersfield, CA",386495,7.36,686,37,877,3105
2025-01-01,"Bakersfield, CA",375000,5.63,590,41,936,3055
2024-12-01,"Bakersfield, CA",380500,8.71,604,40,846,2925
2024-11-01,"Bakersfield, CA",380000,7.04,624,36,869,2803
2024-10-01,"Bakersfield, CA",372500,6.43,594,36,855,2728
2024-09-01,"Bakersfield, CA",380000,5.56,632,36,830,2628
2024-08-01,"Bakersfield, CA",370000,0.27,638,33,816,2594
2024-07-01,"Bakersfield, CA",390000,5.41,635,34,837,2601
2024-06-01,"Bakersfield, CA",370000,2.78,689,33,788,2518
2024-05-01,"Bakersfield, CA",375000,3.55,635,32,862,2553
2024-04-01,"Bakersfield, CA",365000,5.8,648,33,799,2456
2024-03-01,"Bakersfield, CA",365000,5.04,620,31,832,2422
2024-02-01,"Bakersfield, CA",360000,4.35,630,32,749,2356
2024-01-01,"Bakersfield, CA",355000,4.41,643,29,779,2355
2023-12-01,"Bakersfield, CA",350000,1.08,584,29,799,2337
2023-11-01,"Bakersfield, CA",355000,4.41,623,29,786,2299
2023-10-01,"Bakersfield, CA",350000,0,622,28,818,2274
2023-09-01,"Bakersfield, CA",360000,3.45,630,30,846,2212
2023-08-01,"Bakersfield, CA",369000,5.43,642,27,730,2093
2023-07-01,"Bakersfield, CA",370000,5.71,633,27,749,2114
2023-06-01,"Bakersfield, CA",360000,1.69,630,26,781,2161
2023-05-01,"Bakersfield, CA",362160,1.73,634,33,773,2113
2023-04-01,"Bakersfield, CA",345000,-4.17,633,38,692,2095
2023-03-01,"Bakersfield, CA",347500,-0.29,674,39,661,2231
2023-02-01,"Bakersfield, CA",345000,2.68,649,40,761,2423
2023-01-01,"Bakersfield, CA",340000,2.18,633,40,691,2507
2022-12-01,"Bakersfield, CA",346250,3.36,654,37,715,2679
2022-11-01,"Bakersfield, CA",340000,4.62,628,38,762,2729
2022-10-01,"Bakersfield, CA",350000,6.71,709,39,824,2801
2022-09-01,"Bakersfield, CA",348000,7.08,738,36,861,2857
2022-08-01,"Bakersfield, CA",350000,11.11,775,32,875,2870
2022-07-01,"Bakersfield, CA",350000,9.46,759,29,1005,2917
2022-06-01,"Bakersfield, CA",354000,14.56,835,26,1064,2838
2022-05-01,"Bakersfield, CA",356000,14.84,877,21,1091,2709
2022-04-01,"Bakersfield, CA",360000,20.25,913,20,1075,2558
2022-03-01,"Bakersfield, CA",348500,16.17,972,23,1050,2523
2022-02-01,"Bakersfield, CA",336000,20.75,949,20,1052,2385
2022-01-01,"Bakersfield, CA",332750,16.75,1041,22,1006,2382
2021-12-01,"Bakersfield, CA",335000,18.58,964,24,1110,2421
2021-11-01,"Bakersfield, CA",325000,13.54,1055,25,1073,2545
2021-10-01,"Bakersfield, CA",328000,17.14,962,24,1060,2616
2021-09-01,"Bakersfield, CA",325000,19.6,925,19,1097,2601
2021-08-01,"Bakersfield, CA",315000,14.86,953,21,1073,2606
2021-07-01,"Bakersfield, CA",319750,18.87,929,21,1057,2537
2021-06-01,"Bakersfield, CA",309000,16.6,965,20,1021,2471
2021-05-01,"Bakersfield, CA",310000,20.16,1000,20,973,2510
2021-04-01,"Bakersfield, CA",299385,16.88,955,24,1077,2616
2021-03-01,"Bakersfield, CA",300000,20,969,24,1063,2607
2021-02-01,"Bakersfield, CA",278250,11.3,994,26,994,2625
2021-01-01,"Bakersfield, CA",285000,19.75,1048,26,1082,2750
2020-12-01,"Bakersfield, CA",282500,13,1161,24,1213,2766
2020-11-01,"Bakersfield, CA",286250,14.5,1065,24,1162,2812
2020-10-01,"Bakersfield, CA",280000,12,996,27,1188,2881
2020-09-01,"Bakersfield, CA",271750,9.58,1026,29,1141,2835
2020-08-01,"Bakersfield, CA",274250,11.94,896,35,1136,2870
2020-07-01,"Bakersfield, CA",269000,8.18,937,39,1005,2822
2020-06-01,"Bakersfield, CA",265000,5.58,806,42,929,2894
2020-05-01,"Bakersfield, CA",258000,7.5,597,43,879,2984
2020-04-01,"Bakersfield, CA",256150,9,651,36,651,2880
2020-03-01,"Bakersfield, CA",250000,6.38,787,37,967,3127
2020-02-01,"Bakersfield, CA",250000,8.7,838,41,1011,3181
2020-01-01,"Bakersfield, CA",238000,4.39,827,42,935,3168
2019-12-01,"Bakersfield, CA",250000,8.7,835,36,933,3143
2019-11-01,"Bakersfield, CA",250000,11.11,850,38,1004,3178
2019-10-01,"Bakersfield, CA",250000,8.7,852,38,959,3204
2019-09-01,"Bakersfield, CA",248000,4.64,928,44,961,3301
2019-08-01,"Bakersfield, CA",245000,2.08,911,40,1018,3414
2019-07-01,"Bakersfield, CA",248650,5.56,864,40,1027,3456
2019-06-01,"Bakersfield, CA",251000,6.81,824,40,1061,3514
2019-05-01,"Bakersfield, CA",240000,2.13,830,37,1073,3515
2019-04-01,"Bakersfield, CA",235000,3.09,894,39,1094,3523
2019-03-01,"Bakersfield, CA",235000,4.44,826,43,1058,3500
2019-02-01,"Bakersfield, CA",230000,1.32,783,45,997,3466
2019-01-01,"Bakersfield, CA",228000,3.64,774,47,1017,3497
2026-05-01,"Baltimore, MD",431669,5.29,2747,39,3539,10906
2026-04-01,"Baltimore, MD",395000,0,2784,39,3507,10676
2026-03-01,"Baltimore, MD",399000,6.4,2701,39,3379,10359
2026-02-01,"Baltimore, MD",380000,3.97,2788,39,3168,10431
2026-01-01,"Baltimore, MD",374950,4.15,2712,39,3436,10618
2025-12-01,"Baltimore, MD",397000,3.12,2762,37,3276,10637
2025-11-01,"Baltimore, MD",397200,0.56,2758,37,3379,10629
2025-10-01,"Baltimore, MD",402058,3.09,2725,34,3428,10542
2025-09-01,"Baltimore, MD",399995,0.56,2775,35,3426,10329
2025-08-01,"Baltimore, MD",415000,6.41,2755,35,3313,10123
2025-07-01,"Baltimore, MD",415000,3.75,2717,36,3219,10003
2025-06-01,"Baltimore, MD",419450,2.3,2765,34,3360,9992
2025-05-01,"Baltimore, MD",410000,3.8,2765,32,3374,9927
2025-04-01,"Baltimore, MD",395000,5.33,2761,30,3360,9676
2025-03-01,"Baltimore, MD",375000,3.45,2770,30,3451,9583
2025-02-01,"Baltimore, MD",365500,2.96,2785,29,3457,9316
2025-01-01,"Baltimore, MD",360000,2.86,2841,29,3292,8988
2024-12-01,"Baltimore, MD",385000,10,2815,30,3313,8999
2024-11-01,"Baltimore, MD",395000,8.22,2821,27,3420,9003
2024-10-01,"Baltimore, MD",390000,8.21,2852,29,3434,8948
2024-09-01,"Baltimore, MD",397750,6.07,2723,27,3319,8744
2024-08-01,"Baltimore, MD",390000,2.63,2724,26,3243,8545
2024-07-01,"Baltimore, MD",400000,5.28,2785,26,3217,8570
2024-06-01,"Baltimore, MD",410000,7.89,2706,27,3207,8540
2024-05-01,"Baltimore, MD",395000,6.76,2738,28,3215,8448
2024-04-01,"Baltimore, MD",375000,4.17,2731,25,3020,8281
2024-03-01,"Baltimore, MD",362500,9.85,2749,21,3092,8442
2024-02-01,"Baltimore, MD",355000,9.23,2676,24,3270,8505
2024-01-01,"Baltimore, MD",350000,7.69,2669,24,3214,8292
2023-12-01,"Baltimore, MD",350000,4.48,2683,24,3469,8178
2023-11-01,"Baltimore, MD",365000,9.61,2676,22,3309,8001
2023-10-01,"Baltimore, MD",360425,6.01,2633,20,3202,7678
2023-09-01,"Baltimore, MD",375000,4.17,2694,21,3103,7505
2023-08-01,"Baltimore, MD",380000,4.11,2685,20,3067,7394
2023-07-01,"Baltimore, MD",379950,3.32,2709,20,3026,7313
2023-06-01,"Baltimore, MD",380000,1.33,2711,20,3030,7574
2023-05-01,"Baltimore, MD",370000,-0.27,2756,23,2960,7688
2023-04-01,"Baltimore, MD",360000,2.13,2724,25,2986,7947
2023-03-01,"Baltimore, MD",330000,-2.94,2799,25,3045,8250
2023-02-01,"Baltimore, MD",325000,3.17,2926,26,3162,8439
2023-01-01,"Baltimore, MD",325000,3.17,2819,28,3230,8653
2022-12-01,"Baltimore, MD",335000,3.08,2827,26,3289,8671
2022-11-01,"Baltimore, MD",333000,0.91,2953,25,3348,8563
2022-10-01,"Baltimore, MD",340000,1.49,3093,26,3198,8661
2022-09-01,"Baltimore, MD",360000,6.63,3197,24,3457,9067
2022-08-01,"Baltimore, MD",365000,7.35,3358,23,3608,9419
2022-07-01,"Baltimore, MD",367750,5.07,3358,21,3982,9572
2022-06-01,"Baltimore, MD",375000,7.14,3463,17,4031,9373
2022-05-01,"Baltimore, MD",370985,9.11,3684,14,3933,9183
2022-04-01,"Baltimore, MD",352500,7.37,3837,14,4117,9456
2022-03-01,"Baltimore, MD",340000,7.94,3927,16,4133,9417
2022-02-01,"Baltimore, MD",315000,5,3891,20,4167,9196
2022-01-01,"Baltimore, MD",315000,5.04,4144,20,4166,9245
2021-12-01,"Baltimore, MD",325000,5.78,4171,22,4350,9551
2021-11-01,"Baltimore, MD",330000,2.48,4316,23,4387,10190
2021-10-01,"Baltimore, MD",335000,4.61,4270,22,4468,10697
2021-09-01,"Baltimore, MD",337625,5.51,4356,20,4524,11027
2021-08-01,"Baltimore, MD",340000,4.62,4315,17,4978,11352
2021-07-01,"Baltimore, MD",350000,9.38,4360,17,5129,10981
2021-06-01,"Baltimore, MD",350000,12.9,4403,17,4858,10428
2021-05-01,"Baltimore, MD",340000,13.71,4313,17,4605,10416
2021-04-01,"Baltimore, MD",328300,9.43,4313,18,4390,10321
2021-03-01,"Baltimore, MD",315000,7.88,4245,18,4291,10027
2021-02-01,"Baltimore, MD",300000,11.11,4392,20,4239,9857
2021-01-01,"Baltimore, MD",299900,15.35,4390,20,4563,10280
2020-12-01,"Baltimore, MD",307250,9.73,4357,20,4798,10442
2020-11-01,"Baltimore, MD",322000,17.09,4383,19,4717,10736
2020-10-01,"Baltimore, MD",320250,14.38,4420,21,4960,11223
2020-09-01,"Baltimore, MD",320000,7.56,4241,25,4762,11123
2020-08-01,"Baltimore, MD",325000,11.3,4190,30,4599,11165
2020-07-01,"Baltimore, MD",320000,7.02,4132,37,4200,11430
2020-06-01,"Baltimore, MD",310000,1.97,3311,47,3933,11743
2020-05-01,"Baltimore, MD",299000,2.05,2791,48,3356,11720
2020-04-01,"Baltimore, MD",300000,9.09,3234,32,2579,11730
2020-03-01,"Baltimore, MD",292000,9.78,3774,36,4192,13790
2020-02-01,"Baltimore, MD",270000,8,3708,38,4363,14104
2020-01-01,"Baltimore, MD",260000,4.94,3709,38,4308,13991
2019-12-01,"Baltimore, MD",280000,7.69,3688,39,3952,14212
2019-11-01,"Baltimore, MD",275000,5.16,3557,39,4080,14401
2019-10-01,"Baltimore, MD",280000,6.87,3502,40,4046,14610
2019-09-01,"Baltimore, MD",297500,8.97,3583,40,4354,14878
2019-08-01,"Baltimore, MD",292000,2.91,3531,43,4332,14867
2019-07-01,"Baltimore, MD",299000,7.94,3546,45,4169,15055
2019-06-01,"Baltimore, MD",304000,6.33,3498,44,4254,15347
2019-05-01,"Baltimore, MD",293000,6.55,3473,43,4453,15616
2019-04-01,"Baltimore, MD",275000,2.65,3457,41,4548,15518
2019-03-01,"Baltimore, MD",265993,1.14,3484,41,4487,15151
2019-02-01,"Baltimore, MD",250000,2.04,3437,40,4361,14889
2019-01-01,"Baltimore, MD",247750,3.66,3402,41,4225,14611
2026-05-01,"Baton Rouge, LA",282862,3.8,813,58,883,4040
2026-04-01,"Baton Rouge, LA",275000,3.79,810,64,958,4177
2026-03-01,"Baton Rouge, LA",268004,2.35,830,58,1005,4244
2026-02-01,"Baton Rouge, LA",278250,6.13,797,58,904,4289
2026-01-01,"Baton Rouge, LA",265000,0,768,57,991,4338
2025-12-01,"Baton Rouge, LA",269135,2.49,842,57,918,4306
2025-11-01,"Baton Rouge, LA",260000,6.56,782,55,1036,4283
2025-10-01,"Baton Rouge, LA",269800,7.92,809,51,1063,4261
2025-09-01,"Baton Rouge, LA",270900,6.24,795,55,982,4208
2025-08-01,"Baton Rouge, LA",273500,11.63,830,56,938,4175
2025-07-01,"Baton Rouge, LA",277000,7.96,754,54,933,4224
2025-06-01,"Baton Rouge, LA",276000,12.68,836,58,921,4292
2025-05-01,"Baton Rouge, LA",272500,11.91,818,53,1063,4343
2025-04-01,"Baton Rouge, LA",264950,9.69,796,61,1024,4296
2025-03-01,"Baton Rouge, LA",261850,11.26,750,57,976,4236
2025-02-01,"Baton Rouge, LA",262188,12.77,759,55,1021,4220
2025-01-01,"Baton Rouge, LA",265000,13.18,782,57,885,4171
2024-12-01,"Baton Rouge, LA",262590,9,839,49,988,4238
2024-11-01,"Baton Rouge, LA",244000,1.67,935,52,965,4357
2024-10-01,"Baton Rouge, LA",250000,4.98,822,56,1083,4430
2024-09-01,"Baton Rouge, LA",255000,7.14,738,60,998,4403
2024-08-01,"Baton Rouge, LA",245000,5.52,861,58,1029,4463
2024-07-01,"Baton Rouge, LA",256565,9.18,868,57,1030,4473
2024-06-01,"Baton Rouge, LA",244950,2.73,845,48,1058,4414
2024-05-01,"Baton Rouge, LA",243500,-1.28,905,56,1081,4390
2024-04-01,"Baton Rouge, LA",241540,0.64,925,54,1034,4314
2024-03-01,"Baton Rouge, LA",235353,-2.95,907,51,967,4272
2024-02-01,"Baton Rouge, LA",232500,-3.08,861,54,1027,4286
2024-01-01,"Baton Rouge, LA",234150,2.83,834,49,992,4273
2023-12-01,"Baton Rouge, LA",240900,0.42,761,48,1161,4220
2023-11-01,"Baton Rouge, LA",240000,-2.24,825,50,1026,4079
2023-10-01,"Baton Rouge, LA",238143,-2.8,772,50,998,3954
2023-09-01,"Baton Rouge, LA",238000,-3.23,816,45,1053,3894
2023-08-01,"Baton Rouge, LA",232190,-1.92,894,46,1082,3832
2023-07-01,"Baton Rouge, LA",235000,-6.56,889,46,1051,3744
2023-06-01,"Baton Rouge, LA",238450,-4.62,865,44,1011,3671
2023-05-01,"Baton Rouge, LA",246663,0.68,845,43,943,3642
2023-04-01,"Baton Rouge, LA",240000,-4,898,40,961,3708
2023-03-01,"Baton Rouge, LA",242500,-1.42,874,41,1023,3759
2023-02-01,"Baton Rouge, LA",239900,-3.53,878,45,951,3721
2023-01-01,"Baton Rouge, LA",227700,-2.69,860,52,980,3726
2022-12-01,"Baton Rouge, LA",239900,0.29,901,45,893,3734
2022-11-01,"Baton Rouge, LA",245500,2.31,872,43,974,3780
2022-10-01,"Baton Rouge, LA",245000,6.57,968,38,1106,3810
2022-09-01,"Baton Rouge, LA",245935,6.6,956,35,1112,3773
2022-08-01,"Baton Rouge, LA",236725,-1.36,1017,32,1127,3710
2022-07-01,"Baton Rouge, LA",251500,6.89,998,25,1151,3660
2022-06-01,"Baton Rouge, LA",250000,6.38,1045,23,1282,3601
2022-05-01,"Baton Rouge, LA",245000,7.04,1167,21,1207,3464
2022-04-01,"Baton Rouge, LA",250000,7.99,1185,24,1253,3401
2022-03-01,"Baton Rouge, LA",246000,9.89,1171,23,1158,3330
2022-02-01,"Baton Rouge, LA",248690,13.09,1271,25,1256,3299
2022-01-01,"Baton Rouge, LA",234000,9.6,1313,25,1246,3333
2021-12-01,"Baton Rouge, LA",239200,11.26,1362,30,1309,3379
2021-11-01,"Baton Rouge, LA",239950,7.84,1282,30,1300,3483
2021-10-01,"Baton Rouge, LA",229900,4.4,1197,30,1218,3570
2021-09-01,"Baton Rouge, LA",230705,9.49,1156,30,1072,3594
2021-08-01,"Baton Rouge, LA",240000,14.29,1057,31,1170,3650
2021-07-01,"Baton Rouge, LA",235288,13.12,1193,32,1272,3718
2021-06-01,"Baton Rouge, LA",235000,17.5,1224,35,1244,3736
2021-05-01,"Baton Rouge, LA",228878,18.9,1256,40,1265,3785
2021-04-01,"Baton Rouge, LA",231500,12.93,1245,35,1236,3857
2021-03-01,"Baton Rouge, LA",223867,11.99,1328,36,1260,3938
2021-02-01,"Baton Rouge, LA",219900,16.35,1263,35,1191,3991
2021-01-01,"Baton Rouge, LA",213510,15.47,1320,39,1247,4114
2020-12-01,"Baton Rouge, LA",215000,8.59,1323,36,1440,4211
2020-11-01,"Baton Rouge, LA",222500,19.05,1363,42,1350,4236
2020-10-01,"Baton Rouge, LA",220217,11.22,1322,44,1190,4318
2020-09-01,"Baton Rouge, LA",210700,6.44,1346,49,1290,4500
2020-08-01,"Baton Rouge, LA",210000,8.53,1208,54,1293,4669
2020-07-01,"Baton Rouge, LA",208000,6.23,1354,66,1222,4872
2020-06-01,"Baton Rouge, LA",200000,-0.99,1165,67,1249,5087
2020-05-01,"Baton Rouge, LA",192500,-3.75,851,68,1102,5188
2020-04-01,"Baton Rouge, LA",205000,6.22,893,63,839,5240
2020-03-01,"Baton Rouge, LA",199900,6.9,1001,65,1120,5431
2020-02-01,"Baton Rouge, LA",189000,2.16,995,62,1184,5561
2020-01-01,"Baton Rouge, LA",184900,2.78,1089,59,1314,5612
2019-12-01,"Baton Rouge, LA",198000,3.91,1036,65,1191,5543
2019-11-01,"Baton Rouge, LA",186900,-1.58,988,60,1239,5524
2019-10-01,"Baton Rouge, LA",198000,7.08,1020,60,1084,5532
2019-09-01,"Baton Rouge, LA",197950,4.24,1022,58,1224,5593
2019-08-01,"Baton Rouge, LA",193500,1.9,1038,59,1258,5574
2019-07-01,"Baton Rouge, LA",195800,3,1032,53,1207,5524
2019-06-01,"Baton Rouge, LA",202000,5.79,1024,62,1219,5531
2019-05-01,"Baton Rouge, LA",200000,5.32,1067,58,1219,5588
2019-04-01,"Baton Rouge, LA",193000,1.63,1015,59,1223,5619
2019-03-01,"Baton Rouge, LA",187000,1.08,970,69,1225,5612
2019-02-01,"Baton Rouge, LA",185000,0.76,1040,65,1244,5678
2019-01-01,"Baton Rouge, LA",179900,-0.06,919,61,1226,5659
2026-05-01,"Birmingham, AL",328986,6.47,1193,61,1508,6458
2026-04-01,"Birmingham, AL",325000,5.69,1239,61,1516,6473
2026-03-01,"Birmingham, AL",318000,6.04,1205,62,1573,6469
2026-02-01,"Birmingham, AL",303000,6.32,1268,64,1519,6382
2026-01-01,"Birmingham, AL",275000,0,1247,62,1551,6392
2025-12-01,"Birmingham, AL",289900,0,1211,62,1501,6386
2025-11-01,"Birmingham, AL",299900,3.41,1239,62,1533,6445
2025-10-01,"Birmingham, AL",289900,-0.03,1212,61,1531,6426
2025-09-01,"Birmingham, AL",300000,3.81,1175,59,1582,6395
2025-08-01,"Birmingham, AL",299900,4.96,1183,60,1536,6303
2025-07-01,"Birmingham, AL",315000,6.78,1228,61,1527,6262
2025-06-01,"Birmingham, AL",315188,1.71,1232,60,1453,6293
2025-05-01,"Birmingham, AL",309000,4.75,1227,59,1600,6425
2025-04-01,"Birmingham, AL",307500,9.82,1165,58,1541,6314
2025-03-01,"Birmingham, AL",299900,5.23,1245,58,1547,6236
2025-02-01,"Birmingham, AL",285000,3.67,1244,60,1558,6119
2025-01-01,"Birmingham, AL",275000,1.89,1236,60,1452,6035
2024-12-01,"Birmingham, AL",289900,2.71,1264,58,1528,6087
2024-11-01,"Birmingham, AL",290000,3.61,1255,58,1518,6034
2024-10-01,"Birmingham, AL",290000,1.59,1226,56,1511,5975
2024-09-01,"Birmingham, AL",289000,3.98,1101,59,1492,5819
2024-08-01,"Birmingham, AL",285730,0.61,1138,58,1480,5662
2024-07-01,"Birmingham, AL",295000,1.72,1211,57,1431,5728
2024-06-01,"Birmingham, AL",309900,6.86,1128,56,1483,5701
2024-05-01,"Birmingham, AL",295000,0,1163,55,1467,5648
2024-04-01,"Birmingham, AL",280000,-1.75,1182,55,1491,5638
2024-03-01,"Birmingham, AL",285000,4.3,1220,54,1437,5601
2024-02-01,"Birmingham, AL",274900,7.85,1190,57,1492,5651
2024-01-01,"Birmingham, AL",269900,5.84,1188,55,1508,5595
2023-12-01,"Birmingham, AL",282250,4.15,1196,52,1491,5479
2023-11-01,"Birmingham, AL",279900,1.78,1123,49,1457,5311
2023-10-01,"Birmingham, AL",285450,-1.57,1106,51,1476,5130
2023-09-01,"Birmingham, AL",277950,-2.47,1142,49,1401,5002
2023-08-01,"Birmingham, AL",284000,-0.32,1091,49,1401,4943
2023-07-01,"Birmingham, AL",290000,-0.51,1155,49,1403,4892
2023-06-01,"Birmingham, AL",290000,-4.92,1141,48,1390,4807
2023-05-01,"Birmingham, AL",295000,-1.67,1217,50,1368,4842
2023-04-01,"Birmingham, AL",285000,0,1153,50,1336,4938
2023-03-01,"Birmingham, AL",273250,-0.64,1212,50,1358,5014
2023-02-01,"Birmingham, AL",254900,-5.59,1314,46,1382,5085
2023-01-01,"Birmingham, AL",255000,-1.46,1203,46,1468,5253
2022-12-01,"Birmingham, AL",271000,2.26,1150,46,1488,5179
2022-11-01,"Birmingham, AL",275000,4.17,1210,46,1504,5095
2022-10-01,"Birmingham, AL",290000,11.54,1345,46,1533,5106
2022-09-01,"Birmingham, AL",285000,11.46,1400,45,1535,5144
2022-08-01,"Birmingham, AL",284900,11.73,1430,42,1583,5249
2022-07-01,"Birmingham, AL",291500,8,1369,40,1729,5208
2022-06-01,"Birmingham, AL",305000,13.72,1512,39,1820,5091
2022-05-01,"Birmingham, AL",300000,14.37,1558,38,1716,4908
2022-04-01,"Birmingham, AL",285000,11.74,1606,40,1773,4977
2022-03-01,"Birmingham, AL",275000,8.48,1601,39,1794,4976
2022-02-01,"Birmingham, AL",270000,10.47,1467,36,1748,5165
2022-01-01,"Birmingham, AL",258777,12.51,1607,38,1701,5160
2021-12-01,"Birmingham, AL",265000,12.81,1684,40,1780,5292
2021-11-01,"Birmingham, AL",264000,10.05,1764,44,1739,5392
2021-10-01,"Birmingham, AL",260000,8.38,1702,45,1704,5503
2021-09-01,"Birmingham, AL",255708,2.28,1764,44,1729,5743
2021-08-01,"Birmingham, AL",255000,6.25,1791,44,1836,5898
2021-07-01,"Birmingham, AL",269900,10.21,1646,46,1829,5806
2021-06-01,"Birmingham, AL",268200,11.75,1810,47,1817,5797
2021-05-01,"Birmingham, AL",262300,9.34,1690,48,1714,5746
2021-04-01,"Birmingham, AL",255050,8.53,1726,48,1779,5700
2021-03-01,"Birmingham, AL",253493,7.87,1659,47,1717,5671
2021-02-01,"Birmingham, AL",244400,13.67,1616,47,1737,5794
2021-01-01,"Birmingham, AL",230000,11.82,1723,47,1774,6004
2020-12-01,"Birmingham, AL",234900,10.54,1775,47,1804,6176
2020-11-01,"Birmingham, AL",239900,12.1,1738,48,1880,6275
2020-10-01,"Birmingham, AL",239900,17.02,1837,49,1879,6377
2020-09-01,"Birmingham, AL",250000,17.92,1739,49,1902,6347
2020-08-01,"Birmingham, AL",240000,9.09,1712,54,1772,6244
2020-07-01,"Birmingham, AL",244900,14.49,1696,56,1750,6314
2020-06-01,"Birmingham, AL",240000,6.67,1582,58,1634,6298
2020-05-01,"Birmingham, AL",239900,4.35,1186,61,1632,6205
2020-04-01,"Birmingham, AL",235000,7.81,1279,60,1231,6202
2020-03-01,"Birmingham, AL",235000,12.98,1408,57,1629,6513
2020-02-01,"Birmingham, AL",215000,13.16,1459,57,1738,6646
2020-01-01,"Birmingham, AL",205695,9.22,1422,58,1756,6596
2019-12-01,"Birmingham, AL",212500,7.35,1488,62,1638,6556
2019-11-01,"Birmingham, AL",214000,9.07,1450,59,1668,6632
2019-10-01,"Birmingham, AL",205000,5.13,1440,60,1606,6666
2019-09-01,"Birmingham, AL",212000,6.45,1519,66,1746,7209
2019-08-01,"Birmingham, AL",220000,10.03,1502,65,1665,7240
2019-07-01,"Birmingham, AL",213900,2.34,1482,65,1639,7279
2019-06-01,"Birmingham, AL",225000,5.63,1543,67,1700,7381
2019-05-01,"Birmingham, AL",229900,7.37,1491,67,1771,7398
2019-04-01,"Birmingham, AL",217975,12.1,1475,66,1707,7298
2019-03-01,"Birmingham, AL",208000,11.83,1417,69,1717,7152
2019-02-01,"Birmingham, AL",190000,-2.56,1438,72,1617,6997
2019-01-01,"Birmingham, AL",188325,5.83,1297,75,1629,6951
2026-05-01,"Boise City, ID",517853,3.39,1575,43,1386,4538
2026-04-01,"Boise City, ID",479999,0.37,1431,46,1439,4704
2026-03-01,"Boise City, ID",484995,-2.81,1372,52,1347,4802
2026-02-01,"Boise City, ID",483995,1.79,1407,54,1370,5030
2026-01-01,"Boise City, ID",474900,-2.08,1276,55,1366,5151
2025-12-01,"Boise City, ID",479990,0.59,1333,53,1349,5268
2025-11-01,"Boise City, ID",489000,1.88,1348,55,1508,5393
2025-10-01,"Boise City, ID",499945,5.25,1304,53,1354,5320
2025-09-01,"Boise City, ID",499900,3.93,1239,54,1354,5454
2025-08-01,"Boise City, ID",499990,5.26,1266,51,1297,5547
2025-07-01,"Boise City, ID",499900,3.07,1252,52,1292,5647
2025-06-01,"Boise City, ID",512500,0.49,1250,50,1334,5691
2025-05-01,"Boise City, ID",500853,1.18,1250,50,1463,5692
2025-04-01,"Boise City, ID",478245,-3.38,1270,45,1467,5577
2025-03-01,"Boise City, ID",499000,3.96,1238,47,1525,5511
2025-02-01,"Boise City, ID",475483,2.28,1365,51,1498,5343
2025-01-01,"Boise City, ID",485000,5.44,1176,54,1544,5263
2024-12-01,"Boise City, ID",477174,3.59,1295,48,1489,5099
2024-11-01,"Boise City, ID",480000,2.13,1280,48,1311,5002
2024-10-01,"Boise City, ID",475000,-1.45,1302,52,1386,5072
2024-09-01,"Boise City, ID",480997,1.26,1221,45,1341,5018
2024-08-01,"Boise City, ID",475000,1.8,1078,48,1252,4873
2024-07-01,"Boise City, ID",485000,0,1162,46,1204,4812
2024-06-01,"Boise City, ID",510000,6.92,1113,47,1276,4893
2024-05-01,"Boise City, ID",495000,5.32,1125,48,1267,4844
2024-04-01,"Boise City, ID",495000,10,1187,39,1386,4783
2024-03-01,"Boise City, ID",480000,8.67,1168,47,1329,4725
2024-02-01,"Boise City, ID",464900,5.66,1192,47,1220,4641
2024-01-01,"Boise City, ID",459990,5.24,1177,44,1100,4620
2023-12-01,"Boise City, ID",460629,-0.3,971,46,1292,4747
2023-11-01,"Boise City, ID",469995,-0.42,972,40,1170,4549
2023-10-01,"Boise City, ID",482000,-2.23,922,34,1193,4348
2023-09-01,"Boise City, ID",475000,-2.86,1033,32,1110,4226
2023-08-01,"Boise City, ID",466620,-6.66,1061,33,1183,4213
2023-07-01,"Boise City, ID",485000,-6.19,977,34,1185,4141
2023-06-01,"Boise City, ID",477000,-9.99,1083,32,1129,4086
2023-05-01,"Boise City, ID",470000,-13.87,1047,43,1176,4192
2023-04-01,"Boise City, ID",450000,-15.09,1178,54,1087,4345
2023-03-01,"Boise City, ID",441700,-15.06,1265,67,1134,4520
2023-02-01,"Boise City, ID",440000,-11.98,1446,72,1135,4880
2023-01-01,"Boise City, ID",437100,-10.79,1237,63,1126,5271
2022-12-01,"Boise City, ID",462000,-4.35,1086,57,1034,5423
2022-11-01,"Boise City, ID",472000,-1.67,1049,52,1159,5552
2022-10-01,"Boise City, ID",493000,1.67,1173,51,1168,5865
2022-09-01,"Boise City, ID",489000,1.88,1055,46,1329,6124
2022-08-01,"Boise City, ID",499900,4.15,1057,38,1430,6167
2022-07-01,"Boise City, ID",516990,8.7,1041,28,1609,5960
2022-06-01,"Boise City, ID",529945,11.57,1128,21,1989,5472
2022-05-01,"Boise City, ID",545712,17.49,1372,14,1778,4537
2022-04-01,"Boise City, ID",530000,20.45,1416,12,1717,4057
2022-03-01,"Boise City, ID",520000,19.54,1492,10,1670,3711
2022-02-01,"Boise City, ID",499900,20.46,1590,17,1701,3482
2022-01-01,"Boise City, ID",489990,19.51,1794,22,1787,3490
2021-12-01,"Boise City, ID",482988,22.43,1730,24,1712,4306
2021-11-01,"Boise City, ID",479995,24.71,1661,22,1762,4691
2021-10-01,"Boise City, ID",484900,29.31,1689,21,1790,4965
2021-09-01,"Boise City, ID",479990,29.31,1624,17,1864,5074
2021-08-01,"Boise City, ID",480000,31.34,1433,14,1745,4958
2021-07-01,"Boise City, ID",475623,35.51,1549,14,1817,4787
2021-06-01,"Boise City, ID",475000,39.8,1444,10,1654,4498
2021-05-01,"Boise City, ID",464460,40.79,1492,11,1544,4259
2021-04-01,"Boise City, ID",440000,33.68,1516,9,1510,4244
2021-03-01,"Boise City, ID",435000,32.42,1540,7,1660,4264
2021-02-01,"Boise City, ID",415000,27.73,1364,8,1678,4065
2021-01-01,"Boise City, ID",410000,25.04,1615,9,1713,3877
2020-12-01,"Boise City, ID",394490,24.86,1707,9,1881,3752
2020-11-01,"Boise City, ID",384900,20.05,1851,9,1665,3743
2020-10-01,"Boise City, ID",375000,19.06,1873,11,1920,3930
2020-09-01,"Boise City, ID",371195,19.74,1916,14,1807,4001
2020-08-01,"Boise City, ID",365450,17.24,1962,23,1710,4245
2020-07-01,"Boise City, ID",350990,13.19,1846,35,1581,4574
2020-06-01,"Boise City, ID",339780,8.73,1581,36,1412,5024
2020-05-01,"Boise City, ID",329900,8.16,1272,28,1453,5343
2020-04-01,"Boise City, ID",329145,10.08,1354,22,1314,5083
2020-03-01,"Boise City, ID",328500,12.69,1689,29,1722,5345
2020-02-01,"Boise City, ID",324900,11.3,1652,34,1784,5279
2020-01-01,"Boise City, ID",327900,17.6,1690,40,1785,5219
2019-12-01,"Boise City, ID",315950,10.86,1580,33,1677,5110
2019-11-01,"Boise City, ID",320614,13.02,1579,30,1676,5252
2019-10-01,"Boise City, ID",314968,10.55,1536,30,1721,5242
2019-09-01,"Boise City, ID",310000,9.67,1487,25,1733,5077
2019-08-01,"Boise City, ID",311700,9.37,1575,28,1616,5089
2019-07-01,"Boise City, ID",310091,9.18,1555,24,1660,5135
2019-06-01,"Boise City, ID",312500,10.23,1646,24,1676,5109
2019-05-01,"Boise City, ID",305000,12.96,1613,26,1815,5183
2019-04-01,"Boise City, ID",299000,15,1494,27,1779,4921
2019-03-01,"Boise City, ID",291500,7.99,1465,27,1581,4758
2019-02-01,"Boise City, ID",291925,15.85,1490,31,1754,4668
2019-01-01,"Boise City, ID",278832,10.35,1365,35,1790,4591
2026-05-01,"Boston, MA",777603,0.34,3245,25,4298,12214
2026-04-01,"Boston, MA",765000,2,3168,25,4191,11675
2026-03-01,"Boston, MA",745000,2.76,3136,27,4244,11180
2026-02-01,"Boston, MA",690000,-2.13,3165,27,3933,10988
2026-01-01,"Boston, MA",730000,1.52,3123,26,4106,11030
2025-12-01,"Boston, MA",725000,0.69,3197,26,4086,11111
2025-11-01,"Boston, MA",740000,4.23,3198,25,4041,11211
2025-10-01,"Boston, MA",735000,3.52,3181,25,4064,11167
2025-09-01,"Boston, MA",720000,2.13,3139,25,4184,10992
2025-08-01,"Boston, MA",760000,4.11,3161,24,3951,10725
2025-07-01,"Boston, MA",775000,3.33,3168,24,3970,10673
2025-06-01,"Boston, MA",799000,3.56,3143,23,4062,10746
2025-05-01,"Boston, MA",775000,5.41,3244,23,3957,10625
2025-04-01,"Boston, MA",750000,5.19,3227,23,4168,10638
2025-03-01,"Boston, MA",725000,1.83,3119,22,3964,10416
2025-02-01,"Boston, MA",705000,6.02,3289,21,4050,10314
2025-01-01,"Boston, MA",719050,7.32,3178,23,4031,10085
2024-12-01,"Boston, MA",720000,7.46,3229,22,3973,9789
2024-11-01,"Boston, MA",710000,5.19,3137,22,3797,9449
2024-10-01,"Boston, MA",710000,3.65,3227,22,3926,9537
2024-09-01,"Boston, MA",705000,2.92,3121,21,3948,9408
2024-08-01,"Boston, MA",730000,2.31,3082,22,3771,9115
2024-07-01,"Boston, MA",750000,2.04,3131,22,3799,8977
2024-06-01,"Boston, MA",771500,5.68,3101,22,3829,8957
2024-05-01,"Boston, MA",735250,5.04,3073,21,3812,8956
2024-04-01,"Boston, MA",713000,6.78,3130,21,3705,8606
2024-03-01,"Boston, MA",712000,9.54,3187,21,3654,9189
2024-02-01,"Boston, MA",665000,11.76,3005,20,3686,9670
2024-01-01,"Boston, MA",670000,9.66,2970,20,3772,9512
2023-12-01,"Boston, MA",670000,10.74,2911,20,3650,9307
2023-11-01,"Boston, MA",675000,5.47,3059,21,3719,8669
2023-10-01,"Boston, MA",685000,8.75,2995,21,3652,8052
2023-09-01,"Boston, MA",685000,5.55,2990,21,3594,7844
2023-08-01,"Boston, MA",713537,5.71,2956,21,3588,7844
2023-07-01,"Boston, MA",735000,6.83,3039,22,3600,7644
2023-06-01,"Boston, MA",730000,3.55,3043,22,3416,7556
2023-05-01,"Boston, MA",700000,1.46,3053,22,3657,8273
2023-04-01,"Boston, MA",667700,-1.08,3128,22,3452,8645
2023-03-01,"Boston, MA",650000,2.04,3196,23,3708,9243
2023-02-01,"Boston, MA",595000,0,3323,24,3691,9712
2023-01-01,"Boston, MA",611000,2.69,3250,24,3829,10028
2022-12-01,"Boston, MA",605000,-2.42,3349,23,3725,9998
2022-11-01,"Boston, MA",640000,4.92,3377,22,4031,9727
2022-10-01,"Boston, MA",629900,5,3582,22,4020,9555
2022-09-01,"Boston, MA",649000,7.27,3647,21,4111,9715
2022-08-01,"Boston, MA",675000,8,3764,22,4178,10225
2022-07-01,"Boston, MA",688000,8.35,3780,21,4507,10505
2022-06-01,"Boston, MA",705000,8.46,3969,20,4539,10342
2022-05-01,"Boston, MA",689900,11.27,4104,20,4581,10231
2022-04-01,"Boston, MA",675000,12.31,4148,20,4692,10410
2022-03-01,"Boston, MA",637000,10.59,4165,20,4724,10481
2022-02-01,"Boston, MA",595000,8.18,4162,18,4870,10085
2022-01-01,"Boston, MA",595000,6.73,4536,18,4680,10023
2021-12-01,"Boston, MA",620000,12.73,4493,19,4976,10025
2021-11-01,"Boston, MA",610000,10.91,4642,20,5111,10438
2021-10-01,"Boston, MA",599900,9.07,4482,21,4963,10766
2021-09-01,"Boston, MA",605000,8.04,4714,20,5086,11080
2021-08-01,"Boston, MA",625000,9.84,4580,20,5225,11037
2021-07-01,"Boston, MA",635000,14.42,4735,21,5160,10804
2021-06-01,"Boston, MA",650000,20.37,4682,21,5391,11007
2021-05-01,"Boston, MA",620000,16.98,4773,21,5118,11098
2021-04-01,"Boston, MA",601000,11.81,4867,22,5381,12288
2021-03-01,"Boston, MA",576000,10.29,4687,20,5413,12496
2021-02-01,"Boston, MA",550000,10.49,4755,20,5306,12436
2021-01-01,"Boston, MA",557500,10.4,4847,19,5517,12616
2020-12-01,"Boston, MA",550000,10,4809,20,5646,12778
2020-11-01,"Boston, MA",550000,11.93,4680,21,5452,13167
2020-10-01,"Boston, MA",550000,13.4,4876,21,5767,13365
2020-09-01,"Boston, MA",560000,14.29,4767,22,5179,12953
2020-08-01,"Boston, MA",569000,10.49,4612,24,5750,13560
2020-07-01,"Boston, MA",554950,4.71,4378,26,5448,13126
2020-06-01,"Boston, MA",540000,2.18,3099,28,5234,12651
2020-05-01,"Boston, MA",530000,1.92,3116,26,4840,11282
2020-04-01,"Boston, MA",537500,10.82,3902,24,2518,10383
2020-03-01,"Boston, MA",522250,9.95,4225,24,4839,13986
2020-02-01,"Boston, MA",497785,9.43,4168,31,5280,14257
2020-01-01,"Boston, MA",505000,6.77,4155,27,4902,13639
2019-12-01,"Boston, MA",500000,9.17,4311,28,4850,13899
2019-11-01,"Boston, MA",491375,3.45,4142,27,4919,14298
2019-10-01,"Boston, MA",485000,3.19,4164,28,4877,14725
2019-09-01,"Boston, MA",490000,4.26,4168,28,5209,14795
2019-08-01,"Boston, MA",515000,3,4292,27,4875,14462
2019-07-01,"Boston, MA",530000,2.91,4315,25,4920,14971
2019-06-01,"Boston, MA",528500,3.02,4321,15,5118,14428
2019-05-01,"Boston, MA",520000,5.05,4373,16,5410,14844
2019-04-01,"Boston, MA",485000,0.21,4362,18,5194,14637
2019-03-01,"Boston, MA",475000,2.05,4347,19,5409,14768
2019-02-01,"Boston, MA",454900,3.39,4486,20,5133,14601
2019-01-01,"Boston, MA",473000,3.96,4113,19,5526,14820
2026-05-01,"Bridgeport, CT",747695,8.36,765,40,909,2773
2026-04-01,"Bridgeport, CT",690000,2.83,757,41,933,2746
2026-03-01,"Bridgeport, CT",642000,1.9,740,42,862,2621
2026-02-01,"Bridgeport, CT",618000,2.23,736,45,850,2602
2026-01-01,"Bridgeport, CT",652000,8.22,774,40,872,2663
2025-12-01,"Bridgeport, CT",630000,-0.79,786,41,872,2688
2025-11-01,"Bridgeport, CT",675000,7.14,824,43,913,2721
2025-10-01,"Bridgeport, CT",650000,11.59,792,43,914,2791
2025-09-01,"Bridgeport, CT",665500,10,812,45,948,2824
2025-08-01,"Bridgeport, CT",720000,3.45,797,42,879,2753
2025-07-01,"Bridgeport, CT",725000,5.84,817,43,882,2783
2025-06-01,"Bridgeport, CT",752500,1.65,794,43,895,2851
2025-05-01,"Bridgeport, CT",690000,11.29,816,42,933,2898
2025-04-01,"Bridgeport, CT",671000,7.36,781,36,908,2836
2025-03-01,"Bridgeport, CT",630000,17.76,763,38,992,2839
2025-02-01,"Bridgeport, CT",604500,14.06,811,38,935,2733
2025-01-01,"Bridgeport, CT",602500,12.2,772,42,910,2662
2024-12-01,"Bridgeport, CT",635000,15.45,865,43,894,2672
2024-11-01,"Bridgeport, CT",630000,5,786,41,883,2722
2024-10-01,"Bridgeport, CT",582500,1.3,779,41,900,2733
2024-09-01,"Bridgeport, CT",605000,6.14,757,40,906,2710
2024-08-01,"Bridgeport, CT",696000,3.88,798,41,935,2678
2024-07-01,"Bridgeport, CT",685000,5.06,780,39,898,2682
2024-06-01,"Bridgeport, CT",740250,12.16,760,40,884,2628
2024-05-01,"Bridgeport, CT",620000,5.1,769,41,842,2645
2024-04-01,"Bridgeport, CT",625000,12.61,778,42,879,2709
2024-03-01,"Bridgeport, CT",535000,4.9,767,37,833,2747
2024-02-01,"Bridgeport, CT",530000,12.77,751,39,824,2858
2024-01-01,"Bridgeport, CT",537000,7.94,770,43,914,2836
2023-12-01,"Bridgeport, CT",550000,14.35,746,39,928,2745
2023-11-01,"Bridgeport, CT",600000,15.38,773,37,937,2707
2023-10-01,"Bridgeport, CT",575000,9.52,786,38,968,2665
2023-09-01,"Bridgeport, CT",570000,3.64,787,37,931,2580
2023-08-01,"Bridgeport, CT",670000,13.56,788,42,900,2554
2023-07-01,"Bridgeport, CT",652000,9.58,784,40,876,2526
2023-06-01,"Bridgeport, CT",660000,6.45,824,38,852,2613
2023-05-01,"Bridgeport, CT",589900,3.49,796,42,884,2741
2023-04-01,"Bridgeport, CT",555000,5.71,890,44,842,2790
2023-03-01,"Bridgeport, CT",510000,2.2,889,46,892,2994
2023-02-01,"Bridgeport, CT",470000,4.44,816,45,988,3129
2023-01-01,"Bridgeport, CT",497500,8.16,830,44,975,3160
2022-12-01,"Bridgeport, CT",481000,-2.09,825,47,934,3173
2022-11-01,"Bridgeport, CT",520000,8.33,902,46,994,3261
2022-10-01,"Bridgeport, CT",525000,11.7,993,47,998,3377
2022-09-01,"Bridgeport, CT",550000,13.64,1019,50,1045,3478
2022-08-01,"Bridgeport, CT",590000,11.32,1057,44,1091,3636
2022-07-01,"Bridgeport, CT",595000,4.39,1053,46,1203,3828
2022-06-01,"Bridgeport, CT",620000,7.83,1057,44,1289,3838
2022-05-01,"Bridgeport, CT",570000,6.84,1093,41,1260,3710
2022-04-01,"Bridgeport, CT",525000,8.92,1129,45,1242,3720
2022-03-01,"Bridgeport, CT",499000,8.48,1191,45,1227,3749
2022-02-01,"Bridgeport, CT",450000,-5.66,1271,47,1260,3762
2022-01-01,"Bridgeport, CT",459950,-2.13,1371,49,1179,3874
2021-12-01,"Bridgeport, CT",491250,-1.46,1266,52,1427,4132
2021-11-01,"Bridgeport, CT",480000,3.23,1328,54,1459,4447
2021-10-01,"Bridgeport, CT",470000,-4.08,1315,55,1373,4607
2021-09-01,"Bridgeport, CT",484000,-2.02,1324,54,1260,4772
2021-08-01,"Bridgeport, CT",530000,-0.93,1316,54,1543,5017
2021-07-01,"Bridgeport, CT",570000,16.33,1358,54,1572,5031
2021-06-01,"Bridgeport, CT",575000,18.56,1425,59,1543,5201
2021-05-01,"Bridgeport, CT",533500,18.7,1338,60,1482,5324
2021-04-01,"Bridgeport, CT",482000,17.42,1402,60,1528,5473
2021-03-01,"Bridgeport, CT",460000,18.1,1477,59,1585,5559
2021-02-01,"Bridgeport, CT",477000,32.5,1500,57,1362,5560
2021-01-01,"Bridgeport, CT",469950,22.22,1574,55,1619,5987
2020-12-01,"Bridgeport, CT",498529,28.16,1576,58,1882,6157
2020-11-01,"Bridgeport, CT",465000,22.37,1675,62,1813,6228
2020-10-01,"Bridgeport, CT",490000,40,1716,63,1889,6420
2020-09-01,"Bridgeport, CT",494000,31.73,1732,65,1802,6545
2020-08-01,"Bridgeport, CT",535000,29.7,1601,71,2005,6717
2020-07-01,"Bridgeport, CT",490000,16.67,1320,80,2104,6638
2020-06-01,"Bridgeport, CT",485000,11.82,835,100,1884,6190
2020-05-01,"Bridgeport, CT",449450,10.98,922,86,1262,5487
2020-04-01,"Bridgeport, CT",410500,9.47,941,78,558,5500
2020-03-01,"Bridgeport, CT",389500,9.72,1035,86,1250,6832
2020-02-01,"Bridgeport, CT",360000,9.76,1048,87,1547,7398
2020-01-01,"Bridgeport, CT",384500,8.31,1037,88,1430,6975
2019-12-01,"Bridgeport, CT",389000,1.97,1073,79,1298,7008
2019-11-01,"Bridgeport, CT",380000,4.11,995,83,1280,7014
2019-10-01,"Bridgeport, CT",350000,2.94,1011,82,1322,6954
2019-09-01,"Bridgeport, CT",375000,0,1004,84,1491,7041
2019-08-01,"Bridgeport, CT",412500,-1.79,1048,82,1310,6947
2019-07-01,"Bridgeport, CT",420000,-2.33,1040,82,1283,7080
2019-06-01,"Bridgeport, CT",433750,-0.63,1037,84,1384,7285
2019-05-01,"Bridgeport, CT",405000,1.5,1073,84,1487,7390
2019-04-01,"Bridgeport, CT",375000,-2.6,988,85,1460,7455
2019-03-01,"Bridgeport, CT",355000,-1.53,1003,85,1521,7486
2019-02-01,"Bridgeport, CT",328000,-11.53,1030,80,1477,7515
2019-01-01,"Bridgeport, CT",355000,-6.58,952,85,1484,7379
2026-05-01,"Buffalo, NY",269170,2.44,804,17,1181,2746
2026-04-01,"Buffalo, NY",264200,4.89,831,17,1112,2647
2026-03-01,"Buffalo, NY",253750,4.75,834,17,1061,2536
2026-02-01,"Buffalo, NY",246500,7.17,886,17,989,2486
2026-01-01,"Buffalo, NY",260000,6.12,893,16,1028,2555
2025-12-01,"Buffalo, NY",268750,7.07,862,16,1023,2549
2025-11-01,"Buffalo, NY",275000,10,877,14,1075,2625
2025-10-01,"Buffalo, NY",280000,5.66,895,15,1077,2587
2025-09-01,"Buffalo, NY",290000,11.54,849,14,1090,2556
2025-08-01,"Buffalo, NY",295000,7.29,881,14,1102,2502
2025-07-01,"Buffalo, NY",286250,1.51,906,14,1039,2424
2025-06-01,"Buffalo, NY",280000,9.8,891,14,1039,2400
2025-05-01,"Buffalo, NY",262750,5.1,863,14,975,2363
2025-04-01,"Buffalo, NY",251890,1.16,871,14,1068,2439
2025-03-01,"Buffalo, NY",242250,7.67,942,15,994,2347
2025-02-01,"Buffalo, NY",230000,6.98,865,15,1014,2393
2025-01-01,"Buffalo, NY",245000,7.69,878,14,1009,2418
2024-12-01,"Buffalo, NY",251000,6.81,882,15,1064,2451
2024-11-01,"Buffalo, NY",250000,3.31,848,16,1040,2413
2024-10-01,"Buffalo, NY",265000,6,790,14,1028,2420
2024-09-01,"Buffalo, NY",260000,1.05,847,14,1061,2364
2024-08-01,"Buffalo, NY",274950,5.75,895,15,913,2161
2024-07-01,"Buffalo, NY",282000,12.8,876,14,927,2174
2024-06-01,"Buffalo, NY",255000,1.69,885,14,960,2293
2024-05-01,"Buffalo, NY",250000,8.7,847,15,991,2372
2024-04-01,"Buffalo, NY",249000,20.87,874,13,967,2336
2024-03-01,"Buffalo, NY",225000,7.4,866,13,1019,2411
2024-02-01,"Buffalo, NY",215000,10.26,863,13,1023,2396
2024-01-01,"Buffalo, NY",227500,8.33,806,13,961,2302
2023-12-01,"Buffalo, NY",235000,8.92,852,13,1055,2427
2023-11-01,"Buffalo, NY",242000,5.26,833,13,1056,2365
2023-10-01,"Buffalo, NY",250000,8.7,797,13,1092,2267
2023-09-01,"Buffalo, NY",257300,11.87,881,13,992,2065
2023-08-01,"Buffalo, NY",260000,8.33,854,14,916,2023
2023-07-01,"Buffalo, NY",250000,1.83,853,14,916,2049
2023-06-01,"Buffalo, NY",250750,4.05,903,14,880,2057
2023-05-01,"Buffalo, NY",230000,-2.13,939,13,944,2182
2023-04-01,"Buffalo, NY",206000,-1.9,909,13,902,2258
2023-03-01,"Buffalo, NY",209500,6.89,798,14,977,2404
2023-02-01,"Buffalo, NY",195000,0,852,15,1078,2520
2023-01-01,"Buffalo, NY",210000,4.48,871,14,1003,2412
2022-12-01,"Buffalo, NY",215750,5.24,810,13,998,2401
2022-11-01,"Buffalo, NY",229900,9.48,903,13,1004,2312
2022-10-01,"Buffalo, NY",230000,6.98,936,14,988,2294
2022-09-01,"Buffalo, NY",230000,4.55,1024,14,961,2278
2022-08-01,"Buffalo, NY",240000,6.67,978,12,1044,2386
2022-07-01,"Buffalo, NY",245500,9.11,1027,12,1138,2468
2022-06-01,"Buffalo, NY",241000,14.76,994,12,1216,2437
2022-05-01,"Buffalo, NY",235000,11.9,1034,12,1130,2304
2022-04-01,"Buffalo, NY",210000,14.75,937,11,1098,2330
2022-03-01,"Buffalo, NY",196000,11.97,1005,10,1119,2359
2022-02-01,"Buffalo, NY",195000,13.7,1018,10,1078,2278
2022-01-01,"Buffalo, NY",201000,14.86,1144,11,1107,2264
2021-12-01,"Buffalo, NY",205000,12.64,1101,11,1081,2196
2021-11-01,"Buffalo, NY",210000,13.51,1074,12,1182,2291
2021-10-01,"Buffalo, NY",215000,14.36,1123,12,1195,2312
2021-09-01,"Buffalo, NY",220000,15.82,1029,12,1131,2317
2021-08-01,"Buffalo, NY",225000,17.44,1037,12,1204,2418
2021-07-01,"Buffalo, NY",225000,25.7,1034,12,1245,2349
2021-06-01,"Buffalo, NY",210000,26.51,1040,12,1208,2240
2021-05-01,"Buffalo, NY",210000,23.89,1037,12,1056,2284
2021-04-01,"Buffalo, NY",183000,8.44,1011,11,1111,2365
2021-03-01,"Buffalo, NY",175050,13.3,1047,10,1166,2415
2021-02-01,"Buffalo, NY",171500,15.1,1100,10,1107,2380
2021-01-01,"Buffalo, NY",175000,13.75,1099,10,1158,2417
2020-12-01,"Buffalo, NY",182000,13.75,1195,11,1166,2325
2020-11-01,"Buffalo, NY",185000,16.35,1151,11,1175,2279
2020-10-01,"Buffalo, NY",188000,14.63,1175,12,1166,2305
2020-09-01,"Buffalo, NY",189950,15.82,1005,13,1248,2441
2020-08-01,"Buffalo, NY",191580,11.38,901,14,1325,2486
2020-07-01,"Buffalo, NY",179000,5.33,707,21,1194,2422
2020-06-01,"Buffalo, NY",166000,0,673,28,1059,2393
2020-05-01,"Buffalo, NY",169500,9.35,792,20,594,2199
2020-04-01,"Buffalo, NY",168750,14.48,931,22,314,2233
2020-03-01,"Buffalo, NY",154500,5.82,985,24,979,2968
2020-02-01,"Buffalo, NY",149000,1.31,969,25,1150,3246
2020-01-01,"Buffalo, NY",153850,6.1,964,23,1227,3304
2019-12-01,"Buffalo, NY",160000,8.84,997,22,1116,3138
2019-11-01,"Buffalo, NY",159000,4.61,1011,23,1070,3202
2019-10-01,"Buffalo, NY",164000,7.54,938,22,1152,3278
2019-09-01,"Buffalo, NY",164000,2.5,1013,22,1244,3291
2019-08-01,"Buffalo, NY",172000,10.19,1050,21,1166,3139
2019-07-01,"Buffalo, NY",169950,3,1064,21,1126,3151
2019-06-01,"Buffalo, NY",166000,7.1,1045,22,1210,3215
2019-05-01,"Buffalo, NY",155000,6.9,1042,22,1190,3250
2019-04-01,"Buffalo, NY",147403,9.19,1042,25,1193,3333
2019-03-01,"Buffalo, NY",146000,5.88,1022,26,1195,3409
2019-02-01,"Buffalo, NY",147075,12.27,925,28,1112,3443
2019-01-01,"Buffalo, NY",145000,5.45,934,21,1155,3548
2026-05-01,"Camden, NJ",380826,3.91,1210,34,1558,4361
2026-04-01,"Camden, NJ",375000,1.35,1123,39,1531,4255
2026-03-01,"Camden, NJ",365500,2.96,1189,38,1449,4176
2026-02-01,"Camden, NJ",359945,0.82,1158,35,1365,4181
2026-01-01,"Camden, NJ",370000,10.45,1169,36,1469,4286
2025-12-01,"Camden, NJ",365000,1.39,1284,35,1410,4306
2025-11-01,"Camden, NJ",370000,4.23,1212,34,1403,4270
2025-10-01,"Camden, NJ",365000,3.55,1199,33,1435,4140
2025-09-01,"Camden, NJ",375000,4.17,1213,36,1456,4018
2025-08-01,"Camden, NJ",385000,5.91,1174,32,1386,3911
2025-07-01,"Camden, NJ",385000,5.48,1177,31,1401,3877
2025-06-01,"Camden, NJ",385750,4.26,1211,30,1392,3853
2025-05-01,"Camden, NJ",366500,5.16,1258,30,1416,3852
2025-04-01,"Camden, NJ",370000,7.25,1191,26,1422,3779
2025-03-01,"Camden, NJ",355000,8.56,1173,26,1451,3868
2025-02-01,"Camden, NJ",357000,9.85,1285,29,1430,3895
2025-01-01,"Camden, NJ",335000,6.35,1242,31,1406,3854
2024-12-01,"Camden, NJ",360000,10.77,1236,28,1359,3949
2024-11-01,"Camden, NJ",355000,5.97,1168,28,1401,3752
2024-10-01,"Camden, NJ",352500,8.46,1195,28,1367,3519
2024-09-01,"Camden, NJ",360000,10.77,1130,27,1379,3417
2024-08-01,"Camden, NJ",363500,8.35,1215,29,1336,3311
2024-07-01,"Camden, NJ",365000,7.35,1235,30,1333,3371
2024-06-01,"Camden, NJ",370000,12.12,1153,28,1360,3401
2024-05-01,"Camden, NJ",348500,12.42,1186,29,1387,3395
2024-04-01,"Camden, NJ",345000,14.95,1241,26,1351,3448
2024-03-01,"Camden, NJ",327000,10.47,1189,26,1402,3635
2024-02-01,"Camden, NJ",325000,10.19,1204,25,1382,3586
2024-01-01,"Camden, NJ",315000,12.5,1109,23,1335,3644
2023-12-01,"Camden, NJ",325000,16.07,1149,23,1426,3736
2023-11-01,"Camden, NJ",335000,11.67,1227,24,1431,3522
2023-10-01,"Camden, NJ",325000,12.07,1181,23,1424,3296
2023-09-01,"Camden, NJ",325000,9.06,1199,22,1351,3097
2023-08-01,"Camden, NJ",335500,10,1190,23,1369,3007
2023-07-01,"Camden, NJ",340000,9.68,1155,24,1332,2908
2023-06-01,"Camden, NJ",330000,7.84,1202,25,1302,2938
2023-05-01,"Camden, NJ",310000,3.33,1156,26,1229,2938
2023-04-01,"Camden, NJ",300125,5.12,1320,29,1249,3243
2023-03-01,"Camden, NJ",296000,9.63,1325,25,1316,3619
2023-02-01,"Camden, NJ",294950,9.95,1277,26,1480,4001
2023-01-01,"Camden, NJ",280000,2.56,1284,27,1473,4022
2022-12-01,"Camden, NJ",280000,4.48,1237,29,1489,4096
2022-11-01,"Camden, NJ",300000,14.29,1377,25,1435,3941
2022-10-01,"Camden, NJ",290000,9.43,1400,26,1451,3959
2022-09-01,"Camden, NJ",298000,8.58,1497,24,1518,4048
2022-08-01,"Camden, NJ",305000,10.91,1495,23,1620,4166
2022-07-01,"Camden, NJ",310000,16.98,1515,22,1705,4258
2022-06-01,"Camden, NJ",306000,15.47,1561,21,1798,4173
2022-05-01,"Camden, NJ",300000,15.39,1606,18,1789,4052
2022-04-01,"Camden, NJ",285500,14.2,1601,19,1873,4087
2022-03-01,"Camden, NJ",270000,14.65,1581,19,1809,4104
2022-02-01,"Camden, NJ",268250,14.15,1647,21,1764,4084
2022-01-01,"Camden, NJ",273000,13.75,1963,20,1693,4183
2021-12-01,"Camden, NJ",268000,12.84,1784,22,1841,4406
2021-11-01,"Camden, NJ",262500,9.38,1867,23,1882,4530
2021-10-01,"Camden, NJ",265000,12.77,1876,22,1847,4651
2021-09-01,"Camden, NJ",274450,16.79,1923,22,1871,4839
2021-08-01,"Camden, NJ",275000,17.6,1801,22,2027,5112
2021-07-01,"Camden, NJ",265000,15.72,1811,20,2125,4988
2021-06-01,"Camden, NJ",265000,21.56,1794,21,2102,4783
2021-05-01,"Camden, NJ",259999,23.81,1738,20,2108,4683
2021-04-01,"Camden, NJ",250000,14.16,1720,19,1983,4607
2021-03-01,"Camden, NJ",235500,17.81,1782,20,1955,4568
2021-02-01,"Camden, NJ",235000,24.04,1883,21,1860,4629
2021-01-01,"Camden, NJ",240000,29.03,1984,21,1955,4887
2020-12-01,"Camden, NJ",237500,22.42,2093,19,2063,5025
2020-11-01,"Camden, NJ",240000,20.06,1977,20,2163,5185
2020-10-01,"Camden, NJ",235000,20.51,2096,21,2243,5243
2020-09-01,"Camden, NJ",235000,19.29,1888,22,2137,5110
2020-08-01,"Camden, NJ",233850,14.07,1888,32,2104,5107
2020-07-01,"Camden, NJ",229000,9.05,1860,38,1950,5295
2020-06-01,"Camden, NJ",218000,6.37,1394,59,1837,5537
2020-05-01,"Camden, NJ",210000,8.42,1348,43,1526,5507
2020-04-01,"Camden, NJ",219000,15.32,1458,41,1008,5502
2020-03-01,"Camden, NJ",199900,9.23,1656,45,1862,6773
2020-02-01,"Camden, NJ",189450,13.4,1670,46,2026,7058
2020-01-01,"Camden, NJ",186000,9.48,1614,46,2001,7121
2019-12-01,"Camden, NJ",194000,14.12,1600,44,1879,7207
2019-11-01,"Camden, NJ",199900,14.23,1629,47,1867,7292
2019-10-01,"Camden, NJ",195000,13.2,1630,48,1879,7586
2019-09-01,"Camden, NJ",197000,10.67,1723,55,2023,7810
2019-08-01,"Camden, NJ",205000,7.95,1691,57,1924,7892
2019-07-01,"Camden, NJ",210000,11.7,1691,58,1935,8160
2019-06-01,"Camden, NJ",204950,8.99,1645,57,1987,8419
2019-05-01,"Camden, NJ",193700,8.82,1779,55,2063,8650
2019-04-01,"Camden, NJ",189900,9.77,1755,56,2176,8823
2019-03-01,"Camden, NJ",183000,7.71,1704,58,2227,8806
2019-02-01,"Camden, NJ",167064,6.41,1763,57,2083,8716
2019-01-01,"Camden, NJ",169900,8.22,1631,58,2168,8825
2026-05-01,"Cape Coral, FL",359890,-2.2,1765,69,2573,12489
2026-04-01,"Cape Coral, FL",365125,-3.91,1843,67,2612,12595
2026-03-01,"Cape Coral, FL",360000,-4,1794,77,2548,12790
2026-02-01,"Cape Coral, FL",370000,-5.13,1910,75,2570,13058
2026-01-01,"Cape Coral, FL",372000,-2.11,1647,68,2577,13387
2025-12-01,"Cape Coral, FL",369500,-5.26,1677,72,2118,13744
2025-11-01,"Cape Coral, FL",360000,-6.49,1728,79,2516,14025
2025-10-01,"Cape Coral, FL",370000,-6.33,1684,84,2649,14167
2025-09-01,"Cape Coral, FL",364500,-2.8,1680,87,2487,14289
2025-08-01,"Cape Coral, FL",357500,-6.29,1655,87,2547,14533
2025-07-01,"Cape Coral, FL",352000,-8.57,1593,89,2576,14826
2025-06-01,"Cape Coral, FL",366000,-6.63,1638,81,2520,15123
2025-05-01,"Cape Coral, FL",367995,-7.77,1622,74,2583,15457
2025-04-01,"Cape Coral, FL",380000,-6.17,1580,72,2488,15660
2025-03-01,"Cape Coral, FL",375000,-7.41,1644,70,2545,15616
2025-02-01,"Cape Coral, FL",390000,-2.5,1470,66,2574,15365
2025-01-01,"Cape Coral, FL",380000,-2.56,1434,65,3000,14820
2024-12-01,"Cape Coral, FL",390000,0,1467,71,2532,14163
2024-11-01,"Cape Coral, FL",385000,-3.51,1385,72,2957,13665
2024-10-01,"Cape Coral, FL",395000,2.6,1377,68,2057,12704
2024-09-01,"Cape Coral, FL",375000,-2.6,1563,68,2497,13153
2024-08-01,"Cape Coral, FL",381500,-3.56,1678,66,2561,12929
2024-07-01,"Cape Coral, FL",385000,-2.53,1569,62,2448,12760
2024-06-01,"Cape Coral, FL",392000,-2.24,1542,65,2491,12671
2024-05-01,"Cape Coral, FL",399000,-2.92,1615,58,2498,12556
2024-04-01,"Cape Coral, FL",405000,0.88,1580,59,2488,12416
2024-03-01,"Cape Coral, FL",405000,1.25,1688,63,2468,12203
2024-02-01,"Cape Coral, FL",400000,0,1636,64,2451,11929
2024-01-01,"Cape Coral, FL",390000,0,1482,57,2543,11619
2023-12-01,"Cape Coral, FL",390000,1.3,1498,48,2380,11282
2023-11-01,"Cape Coral, FL",399000,3.64,1609,45,2444,10956
2023-10-01,"Cape Coral, FL",385000,-1.28,1662,44,2486,10536
2023-09-01,"Cape Coral, FL",385000,1.32,1768,40,2510,9935
2023-08-01,"Cape Coral, FL",395597,0.15,1695,40,2360,9330
2023-07-01,"Cape Coral, FL",395000,-1.25,1676,37,2429,8994
2023-06-01,"Cape Coral, FL",401000,-3.37,1651,32,2459,8719
2023-05-01,"Cape Coral, FL",411000,-1.91,1667,31,2369,8379
2023-04-01,"Cape Coral, FL",401450,-4.42,1672,32,2400,8078
2023-03-01,"Cape Coral, FL",400000,3.9,1625,29,2496,7705
2023-02-01,"Cape Coral, FL",400000,5.13,1700,25,2338,7324
2023-01-01,"Cape Coral, FL",390000,6.85,1661,30,2309,7106
2022-12-01,"Cape Coral, FL",385000,6.94,1475,29,2472,6998
2022-11-01,"Cape Coral, FL",384990,10.03,1477,31,2368,6849
2022-10-01,"Cape Coral, FL",390000,15.76,1352,29,1853,6849
2022-09-01,"Cape Coral, FL",380000,15.15,1444,22,2266,7096
2022-08-01,"Cape Coral, FL",395000,21.54,1720,17,2409,7213
2022-07-01,"Cape Coral, FL",400000,26.98,1782,12,2398,6889
2022-06-01,"Cape Coral, FL",415000,27.69,1965,8,2343,6300
2022-05-01,"Cape Coral, FL",419000,30.96,1995,11,2395,5684
2022-04-01,"Cape Coral, FL",419995,37.75,1988,11,2329,5112
2022-03-01,"Cape Coral, FL",385000,31.4,1962,8,2396,4661
2022-02-01,"Cape Coral, FL",380495,31.66,2089,6,2375,4362
2022-01-01,"Cape Coral, FL",365000,25.86,2308,11,2216,4389
2021-12-01,"Cape Coral, FL",360000,26.54,2282,14,2445,4669
2021-11-01,"Cape Coral, FL",349900,24.96,2415,11,2300,4956
2021-10-01,"Cape Coral, FL",336900,24.78,2356,11,2392,5178
2021-09-01,"Cape Coral, FL",330000,25,2370,8,2289,5190
2021-08-01,"Cape Coral, FL",325000,22.69,2100,8,2334,5085
2021-07-01,"Cape Coral, FL",315000,22.57,2352,7,2316,4961
2021-06-01,"Cape Coral, FL",325000,35.42,2419,8,2308,4885
2021-05-01,"Cape Coral, FL",319950,31.13,2285,13,2323,4850
2021-04-01,"Cape Coral, FL",304900,20.04,2441,17,2308,4899
2021-03-01,"Cape Coral, FL",293000,17.25,2498,23,2336,5181
2021-02-01,"Cape Coral, FL",289000,18.16,2408,29,2267,5731
2021-01-01,"Cape Coral, FL",290000,21.21,2514,35,2264,6349
2020-12-01,"Cape Coral, FL",284500,18.54,2620,34,2342,6831
2020-11-01,"Cape Coral, FL",280000,17.65,2691,35,2244,7270
2020-10-01,"Cape Coral, FL",270000,14.89,2831,38,2247,7772
2020-09-01,"Cape Coral, FL",264000,12.34,2453,42,2280,8247
2020-08-01,"Cape Coral, FL",264900,14.18,2308,47,2335,8570
2020-07-01,"Cape Coral, FL",257000,9.36,2185,63,2167,8768
2020-06-01,"Cape Coral, FL",240000,2.13,1623,64,2321,8937
2020-05-01,"Cape Coral, FL",244000,0.1,1099,55,2186,9093
2020-04-01,"Cape Coral, FL",254000,5.83,1370,53,1461,8733
2020-03-01,"Cape Coral, FL",249900,8.7,1825,60,2213,9425
2020-02-01,"Cape Coral, FL",244575,8.22,1957,63,2240,9675
2020-01-01,"Cape Coral, FL",239250,4.02,1870,53,2255,9870
2019-12-01,"Cape Coral, FL",240000,3.36,2006,59,2173,10023
2019-11-01,"Cape Coral, FL",238000,3.48,1875,59,2202,10148
2019-10-01,"Cape Coral, FL",235000,3.71,1866,67,2235,10175
2019-09-01,"Cape Coral, FL",235000,4.49,1859,73,2238,10171
2019-08-01,"Cape Coral, FL",232000,0.87,1824,72,2138,10259
2019-07-01,"Cape Coral, FL",235000,3.07,1913,69,2184,10548
2019-06-01,"Cape Coral, FL",235000,0,1835,66,2245,10891
2019-05-01,"Cape Coral, FL",243750,3.33,1877,69,2141,11188
2019-04-01,"Cape Coral, FL",240000,1.28,1760,67,2208,11528
2019-03-01,"Cape Coral, FL",229900,-0.91,1607,61,2193,11742
2019-02-01,"Cape Coral, FL",226000,0.44,1636,71,2104,11774
2019-01-01,"Cape Coral, FL",230000,3.14,1543,65,2473,11688
2026-05-01,"Charleston, SC",458586,0.79,1486,73,1781,7798
2026-04-01,"Charleston, SC",440320,-4.28,1399,73,1795,7634
2026-03-01,"Charleston, SC",475000,6.5,1377,73,1795,7489
2026-02-01,"Charleston, SC",435000,-0.31,1362,74,1778,7448
2026-01-01,"Charleston, SC",445000,3.49,1407,71,1893,7403
2025-12-01,"Charleston, SC",445000,5.1,1446,72,1679,7315
2025-11-01,"Charleston, SC",439140,2.07,1360,70,1682,7264
2025-10-01,"Charleston, SC",445000,2.3,1308,75,1622,7172
2025-09-01,"Charleston, SC",440000,3.53,1333,69,1653,7117
2025-08-01,"Charleston, SC",439949,1.77,1351,74,1678,7096
2025-07-01,"Charleston, SC",445000,1.71,1388,72,1576,7049
2025-06-01,"Charleston, SC",450000,2.51,1290,69,1637,7085
2025-05-01,"Charleston, SC",455000,3.41,1361,70,1626,7184
2025-04-01,"Charleston, SC",460000,4.55,1328,70,1718,7164
2025-03-01,"Charleston, SC",446000,4.94,1355,69,1768,6929
2025-02-01,"Charleston, SC",436343,5.78,1378,69,1810,6727
2025-01-01,"Charleston, SC",430000,0.39,1310,68,1547,6459
2024-12-01,"Charleston, SC",423400,0.81,1382,69,1558,6535
2024-11-01,"Charleston, SC",430217,5.64,1359,69,1615,6528
2024-10-01,"Charleston, SC",435000,5,1303,64,1571,6428
2024-09-01,"Charleston, SC",425000,0.12,1259,69,1688,6379
2024-08-01,"Charleston, SC",432308,4.68,1274,65,1464,6260
2024-07-01,"Charleston, SC",437500,4.6,1323,62,1559,6314
2024-06-01,"Charleston, SC",439000,3.3,1288,60,1613,6243
2024-05-01,"Charleston, SC",440000,0.02,1295,61,1625,6130
2024-04-01,"Charleston, SC",440000,2.8,1371,60,1592,6077
2024-03-01,"Charleston, SC",425000,2.04,1319,57,1521,5969
2024-02-01,"Charleston, SC",412500,4.43,1375,56,1590,5916
2024-01-01,"Charleston, SC",428310,7.35,1301,56,1570,5753
2023-12-01,"Charleston, SC",420000,3.7,1199,56,1600,5503
2023-11-01,"Charleston, SC",407260,-0.83,1335,55,1567,5432
2023-10-01,"Charleston, SC",414305,-0.33,1310,52,1563,5350
2023-09-01,"Charleston, SC",424500,2.38,1339,51,1563,5258
2023-08-01,"Charleston, SC",412983,1.47,1363,52,1574,5220
2023-07-01,"Charleston, SC",418250,2.26,1253,55,1525,5077
2023-06-01,"Charleston, SC",424995,-1.16,1309,56,1414,5140
2023-05-01,"Charleston, SC",439900,2.3,1301,58,1402,5229
2023-04-01,"Charleston, SC",428000,5.42,1373,58,1383,5326
2023-03-01,"Charleston, SC",416500,5.44,1322,60,1439,5413
2023-02-01,"Charleston, SC",395000,3.69,1308,74,1296,5396
2023-01-01,"Charleston, SC",399000,7.84,1266,59,1386,5504
2022-12-01,"Charleston, SC",405000,3.32,1234,57,1435,5531
2022-11-01,"Charleston, SC",410681,10.34,1324,53,1499,5540
2022-10-01,"Charleston, SC",415670,12.65,1442,53,1654,5594
2022-09-01,"Charleston, SC",414630,15.21,1454,54,1583,5486
2022-08-01,"Charleston, SC",407000,12.37,1387,51,1569,5505
2022-07-01,"Charleston, SC",409000,15.23,1477,46,1716,5468
2022-06-01,"Charleston, SC",430000,19.44,1542,46,1879,5439
2022-05-01,"Charleston, SC",430000,21.13,1660,43,1921,5297
2022-04-01,"Charleston, SC",406000,16,1694,44,1757,5076
2022-03-01,"Charleston, SC",395000,15.5,1760,41,1677,5093
2022-02-01,"Charleston, SC",380950,14.12,1707,38,1699,5051
2022-01-01,"Charleston, SC",369995,14.73,1978,44,1746,5218
2021-12-01,"Charleston, SC",392000,22.54,1870,44,1949,5492
2021-11-01,"Charleston, SC",372200,14.7,1904,46,1935,5714
2021-10-01,"Charleston, SC",369000,14.24,2058,47,1876,5951
2021-09-01,"Charleston, SC",359900,14.25,1916,46,2019,6071
2021-08-01,"Charleston, SC",362183,12.65,1904,46,2008,6006
2021-07-01,"Charleston, SC",354945,14.34,1820,47,2095,5974
2021-06-01,"Charleston, SC",360000,22.16,1879,49,1869,5934
2021-05-01,"Charleston, SC",355000,21.31,1915,50,1773,6013
2021-04-01,"Charleston, SC",350000,18.4,1889,53,1850,6200
2021-03-01,"Charleston, SC",342000,17.19,1899,52,1793,6310
2021-02-01,"Charleston, SC",333813,12.39,1991,57,1828,6476
2021-01-01,"Charleston, SC",322500,9.69,1998,55,1843,6685
2020-12-01,"Charleston, SC",319900,13.16,2007,59,1989,6920
2020-11-01,"Charleston, SC",324500,18.54,2046,59,1942,7046
2020-10-01,"Charleston, SC",323000,15.05,2119,61,2009,7333
2020-09-01,"Charleston, SC",315000,9.38,2060,63,2055,7505
2020-08-01,"Charleston, SC",321500,10.86,1909,68,1968,7613
2020-07-01,"Charleston, SC",310418,10.08,2021,74,1971,7820
2020-06-01,"Charleston, SC",294700,-0.1,1505,76,1761,7665
2020-05-01,"Charleston, SC",292635,0.91,1279,75,1838,7596
2020-04-01,"Charleston, SC",295620,7.32,1329,71,1291,7304
2020-03-01,"Charleston, SC",291823,4.26,1486,74,1697,7852
2020-02-01,"Charleston, SC",297000,8.99,1536,79,1787,8019
2020-01-01,"Charleston, SC",294000,7.03,1547,72,1847,8005
2019-12-01,"Charleston, SC",282700,0.11,1550,76,1688,7985
2019-11-01,"Charleston, SC",273750,0.09,1483,72,1812,8124
2019-10-01,"Charleston, SC",280745,4.85,1380,80,1779,7966
2019-09-01,"Charleston, SC",288000,2.37,1433,76,1589,7888
2019-08-01,"Charleston, SC",290000,7.41,1536,78,1839,8163
2019-07-01,"Charleston, SC",282000,2.55,1513,75,1647,8124
2019-06-01,"Charleston, SC",295000,6.23,1535,76,1737,8346
2019-05-01,"Charleston, SC",290000,4.06,1517,75,1831,8425
2019-04-01,"Charleston, SC",275463,-1.27,1450,71,1805,8321
2019-03-01,"Charleston, SC",279900,5.62,1432,74,1810,8233
2019-02-01,"Charleston, SC",272500,3.65,1490,76,1835,8196
2019-01-01,"Charleston, SC",274687,4.2,1265,76,1832,8003
2026-05-01,"Charlotte, NC",419198,0.24,3517,64,4279,18003
2026-04-01,"Charlotte, NC",410000,0.48,3294,65,4338,17802
2026-03-01,"Charlotte, NC",405000,-0.25,3214,66,4274,17424
2026-02-01,"Charlotte, NC",400000,1.27,3220,65,4165,17085
2026-01-01,"Charlotte, NC",400000,1.27,3181,63,4193,16947
2025-12-01,"Charlotte, NC",410145,3.83,3434,64,4113,16853
2025-11-01,"Charlotte, NC",410000,2.5,3213,64,4116,16990
2025-10-01,"Charlotte, NC",414000,3.5,3262,64,4177,17008
2025-09-01,"Charlotte, NC",410000,2.5,3248,65,4137,16815
2025-08-01,"Charlotte, NC",415900,2.69,3234,66,4074,16726
2025-07-01,"Charlotte, NC",421250,1.51,3176,65,4095,16638
2025-06-01,"Charlotte, NC",425000,1.46,3278,63,4074,16717
2025-05-01,"Charlotte, NC",418176,1.99,3278,60,4243,16672
2025-04-01,"Charlotte, NC",408045,2.01,3345,55,4143,16164
2025-03-01,"Charlotte, NC",406000,2.78,3383,54,4163,15917
2025-02-01,"Charlotte, NC",395000,0,3339,53,4140,15436
2025-01-01,"Charlotte, NC",395000,3.95,3317,56,4027,14903
2024-12-01,"Charlotte, NC",395000,5.33,3336,54,4053,14825
2024-11-01,"Charlotte, NC",400000,3.76,3373,53,4087,14521
2024-10-01,"Charlotte, NC",400000,1.91,3192,52,3902,14213
2024-09-01,"Charlotte, NC",400000,2.56,3086,53,4064,14183
2024-08-01,"Charlotte, NC",405000,1.4,3108,52,3962,13803
2024-07-01,"Charlotte, NC",415000,3.75,3196,51,3958,13550
2024-06-01,"Charlotte, NC",418875,4.72,3075,51,3981,13156
2024-05-01,"Charlotte, NC",410000,3.14,3119,48,3844,12695
2024-04-01,"Charlotte, NC",400000,4.17,3152,47,3807,12466
2024-03-01,"Charlotte, NC",395000,3.95,3338,43,3745,12407
2024-02-01,"Charlotte, NC",395000,7.34,3228,42,3825,12332
2024-01-01,"Charlotte, NC",380000,-0.91,3091,42,3747,12016
2023-12-01,"Charlotte, NC",375000,-2.6,2912,42,3748,11624
2023-11-01,"Charlotte, NC",385500,-1.66,3002,40,3674,11053
2023-10-01,"Charlotte, NC",392500,0.9,3066,40,3690,10595
2023-09-01,"Charlotte, NC",390000,0,3037,40,3567,10189
2023-08-01,"Charlotte, NC",399403,-0.15,3172,40,3575,9893
2023-07-01,"Charlotte, NC",400000,1.27,3122,41,3367,9812
2023-06-01,"Charlotte, NC",400000,-2.44,3158,43,3349,10080
2023-05-01,"Charlotte, NC",397500,-0.87,3223,46,3401,10519
2023-04-01,"Charlotte, NC",384000,-2.17,3430,46,3426,11121
2023-03-01,"Charlotte, NC",380000,0.26,3313,48,3576,11411
2023-02-01,"Charlotte, NC",368000,0.09,3344,49,3496,11575
2023-01-01,"Charlotte, NC",383500,7.57,3219,46,3537,11700
2022-12-01,"Charlotte, NC",385000,6.95,3127,46,3573,11524
2022-11-01,"Charlotte, NC",392000,8.89,3296,44,3573,11336
2022-10-01,"Charlotte, NC",389000,12.43,3628,42,3637,11296
2022-09-01,"Charlotte, NC",390000,13.87,3744,39,3703,11308
2022-08-01,"Charlotte, NC",400000,16.89,3607,37,3734,11359
2022-07-01,"Charlotte, NC",395000,17.21,3716,34,4017,11130
2022-06-01,"Charlotte, NC",410000,20.59,3989,31,4095,10362
2022-05-01,"Charlotte, NC",401000,21.52,3978,29,3973,9687
2022-04-01,"Charlotte, NC",392500,21.89,4083,29,4062,9411
2022-03-01,"Charlotte, NC",379000,21.18,4092,29,3851,9088
2022-02-01,"Charlotte, NC",367660,22.55,4607,26,4018,9513
2022-01-01,"Charlotte, NC",356500,21.28,5252,30,4107,10130
2021-12-01,"Charlotte, NC",359995,21.28,4604,29,4258,10517
2021-11-01,"Charlotte, NC",360000,20.81,4894,31,4434,10995
2021-10-01,"Charlotte, NC",346000,17.29,4389,32,4456,11183
2021-09-01,"Charlotte, NC",342500,16.1,4616,32,4472,11339
2021-08-01,"Charlotte, NC",342190,16,4583,32,4569,11558
2021-07-01,"Charlotte, NC",337000,15.41,4361,33,4556,11532
2021-06-01,"Charlotte, NC",340000,18.26,4363,33,4560,11571
2021-05-01,"Charlotte, NC",330000,21.1,4321,34,4564,11834
2021-04-01,"Charlotte, NC",322020,13.9,4213,35,4646,12125
2021-03-01,"Charlotte, NC",312765,12.42,4412,34,4706,12616
2021-02-01,"Charlotte, NC",300000,13.21,4462,33,4684,12931
2021-01-01,"Charlotte, NC",293950,13.06,4935,37,4706,13241
2020-12-01,"Charlotte, NC",296820,10.75,4713,39,4643,13338
2020-11-01,"Charlotte, NC",298000,14.62,4723,39,4553,13398
2020-10-01,"Charlotte, NC",295000,13.9,4748,41,4513,13625
2020-09-01,"Charlotte, NC",295000,11.52,4523,45,4466,13754
2020-08-01,"Charlotte, NC",295000,13.4,4405,48,4293,13682
2020-07-01,"Charlotte, NC",292000,9.16,4457,53,4116,14081
2020-06-01,"Charlotte, NC",287500,6.48,3922,57,3898,14450
2020-05-01,"Charlotte, NC",272500,2.83,3213,57,3724,14487
2020-04-01,"Charlotte, NC",282728,9.58,3232,55,3381,14522
2020-03-01,"Charlotte, NC",278200,11.28,4169,52,5062,16037
2020-02-01,"Charlotte, NC",265000,10.88,4039,53,4909,15853
2020-01-01,"Charlotte, NC",260000,12.27,3954,55,4758,15675
2019-12-01,"Charlotte, NC",268000,11.67,4193,54,4619,15655
2019-11-01,"Charlotte, NC",260000,7.05,4016,55,4473,15743
2019-10-01,"Charlotte, NC",259000,8.82,4096,55,4508,15985
2019-09-01,"Charlotte, NC",264530,11.38,3999,55,4390,15914
2019-08-01,"Charlotte, NC",260150,4.06,4018,56,4358,16115
2019-07-01,"Charlotte, NC",267500,8.32,3917,55,4282,16119
2019-06-01,"Charlotte, NC",270000,6.32,4044,57,4321,16229
2019-05-01,"Charlotte, NC",265000,6,3993,56,4389,16462
2019-04-01,"Charlotte, NC",258000,5.31,3944,56,4367,16435
2019-03-01,"Charlotte, NC",250000,4.6,3804,56,4341,16378
2019-02-01,"Charlotte, NC",239000,3.46,3828,57,4309,16399
2019-01-01,"Charlotte, NC",231580,5.41,3579,57,4400,16380
2026-05-01,"Chicago, IL",395780,5.26,6446,51,7887,26598
2026-04-01,"Chicago, IL",390000,5.41,6397,52,7764,26397
2026-03-01,"Chicago, IL",375000,4.17,6194,53,7654,26237
2026-02-01,"Chicago, IL",360000,4.35,6173,54,7574,26223
2026-01-01,"Chicago, IL",347000,3.58,5888,54,7683,26193
2025-12-01,"Chicago, IL",353250,3.9,6392,55,7475,26153
2025-11-01,"Chicago, IL",357745,2.86,6263,55,7498,26281
2025-10-01,"Chicago, IL",366500,7.79,6353,56,7676,26295
2025-09-01,"Chicago, IL",360000,2.86,6227,55,7604,26185
2025-08-01,"Chicago, IL",375000,6.69,6196,57,7486,26161
2025-07-01,"Chicago, IL",375000,2.74,6283,56,7452,26262
2025-06-01,"Chicago, IL",385000,2.67,6305,55,7543,26458
2025-05-01,"Chicago, IL",376000,5.92,6171,54,7659,26507
2025-04-01,"Chicago, IL",370000,6.02,6194,53,7791,26474
2025-03-01,"Chicago, IL",360000,6.19,6295,54,7741,26557
2025-02-01,"Chicago, IL",345000,8.49,6690,53,7996,26847
2025-01-01,"Chicago, IL",335000,7.37,6628,55,7860,26791
2024-12-01,"Chicago, IL",340000,11.15,6420,54,7924,26752
2024-11-01,"Chicago, IL",347789,8.68,6528,55,7829,26628
2024-10-01,"Chicago, IL",340000,7.94,6231,55,7799,26436
2024-09-01,"Chicago, IL",350000,9.38,6089,56,7755,26153
2024-08-01,"Chicago, IL",351500,4.93,6214,54,7699,25843
2024-07-01,"Chicago, IL",365000,8.21,6314,55,7626,25659
2024-06-01,"Chicago, IL",375000,8.7,6044,56,7485,25314
2024-05-01,"Chicago, IL",355000,7.58,6241,54,7518,25456
2024-04-01,"Chicago, IL",349000,9.06,6347,54,7476,25532
2024-03-01,"Chicago, IL",339000,9.71,6366,50,7525,25297
2024-02-01,"Chicago, IL",318000,9.66,6306,50,7493,25063
2024-01-01,"Chicago, IL",312000,9.47,6138,51,7248,25407
2023-12-01,"Chicago, IL",305900,7.33,6154,52,7796,25837
2023-11-01,"Chicago, IL",320000,8.47,6144,52,7818,25338
2023-10-01,"Chicago, IL",315000,5,6244,53,7427,24783
2023-09-01,"Chicago, IL",320000,4.92,6436,54,7487,24786
2023-08-01,"Chicago, IL",335000,8.06,6433,56,7575,24873
2023-07-01,"Chicago, IL",337300,3.78,6386,56,7356,24832
2023-06-01,"Chicago, IL",345000,1.47,6388,57,7311,25251
2023-05-01,"Chicago, IL",330000,0.39,6371,57,7326,25737
2023-04-01,"Chicago, IL",320000,-2.36,6592,57,7149,26453
2023-03-01,"Chicago, IL",309000,-0.32,6769,58,7413,27637
2023-02-01,"Chicago, IL",290000,-0.34,6487,57,7424,28666
2023-01-01,"Chicago, IL",285000,-1.72,6121,58,7847,29743
2022-12-01,"Chicago, IL",285000,-1.72,6262,57,7658,30312
2022-11-01,"Chicago, IL",295000,0.68,6639,61,7889,30616
2022-10-01,"Chicago, IL",300000,2.39,6978,61,8116,31182
2022-09-01,"Chicago, IL",305000,4.1,7454,63,8334,31917
2022-08-01,"Chicago, IL",310000,1.64,7421,62,8543,32764
2022-07-01,"Chicago, IL",325000,4.17,7725,59,9271,33783
2022-06-01,"Chicago, IL",340000,6.25,8348,59,9895,34681
2022-05-01,"Chicago, IL",328705,4.35,8555,57,9950,34510
2022-04-01,"Chicago, IL",327750,5.05,8835,54,10200,34332
2022-03-01,"Chicago, IL",310000,3.33,8923,51,10226,34098
2022-02-01,"Chicago, IL",291000,5.84,9354,37,10284,31575
2022-01-01,"Chicago, IL",290000,7.41,10450,23,10534,29954
2021-12-01,"Chicago, IL",290000,8.01,9863,23,10660,28639
2021-11-01,"Chicago, IL",293000,8.52,10112,21,11115,28936
2021-10-01,"Chicago, IL",293000,6.55,9773,20,11173,29535
2021-09-01,"Chicago, IL",293000,6.16,9734,17,11120,29617
2021-08-01,"Chicago, IL",305000,7.02,9539,16,11182,29533
2021-07-01,"Chicago, IL",312000,11.43,9789,12,11599,29290
2021-06-01,"Chicago, IL",320000,18.96,9704,12,11701,28706
2021-05-01,"Chicago, IL",315000,18.87,9626,12,11396,28728
2021-04-01,"Chicago, IL",312000,13.45,9464,16,11493,29134
2021-03-01,"Chicago, IL",300000,13.21,9440,23,11183,29162
2021-02-01,"Chicago, IL",274945,13.61,9220,25,9752,29566
2021-01-01,"Chicago, IL",270000,15.38,9796,23,11386,32758
2020-12-01,"Chicago, IL",268500,11.87,10021,21,11776,31356
2020-11-01,"Chicago, IL",270000,11.92,9870,20,11532,31438
2020-10-01,"Chicago, IL",275000,14.58,10292,20,11745,31086
2020-09-01,"Chicago, IL",276000,13.81,9902,25,11717,30863
2020-08-01,"Chicago, IL",285000,12.65,9815,26,11989,30741
2020-07-01,"Chicago, IL",280000,7.28,8746,30,11277,30448
2020-06-01,"Chicago, IL",269000,1.51,6002,40,10311,30146
2020-05-01,"Chicago, IL",265000,1.15,5407,42,8335,29913
2020-04-01,"Chicago, IL",275000,7.84,6749,67,5232,32142
2020-03-01,"Chicago, IL",265000,9.28,7562,69,8757,42425
2020-02-01,"Chicago, IL",242000,4.09,7777,70,10645,43056
2020-01-01,"Chicago, IL",234000,4,7606,71,10818,43264
2019-12-01,"Chicago, IL",240000,5.12,7788,73,10253,43445
2019-11-01,"Chicago, IL",241250,2.66,7510,75,9874,43511
2019-10-01,"Chicago, IL",240000,3.45,7570,78,9973,43959
2019-09-01,"Chicago, IL",242500,1.04,7639,77,10162,44397
2019-08-01,"Chicago, IL",253000,3.37,7795,75,10051,44389
2019-07-01,"Chicago, IL",261000,2.35,8055,71,10005,44304
2019-06-01,"Chicago, IL",265000,0,8081,69,10463,44187
2019-05-01,"Chicago, IL",262000,2.75,8198,69,10690,44557
2019-04-01,"Chicago, IL",255000,1.19,7867,66,10815,44192
2019-03-01,"Chicago, IL",242500,-1.02,7470,67,10611,43012
2019-02-01,"Chicago, IL",232500,1.09,7535,67,10503,42338
2019-01-01,"Chicago, IL",225000,0,7022,66,9946,42180
2026-05-01,"Cincinnati, OH",324001,4.52,2333,43,NA,9043
2026-04-01,"Cincinnati, OH",311000,5.78,2252,43,NA,8719
2026-03-01,"Cincinnati, OH",310000,6.9,2193,44,NA,8545
2026-02-01,"Cincinnati, OH",299000,2.75,2262,44,NA,8458
2026-01-01,"Cincinnati, OH",289900,5.04,2175,45,NA,8395
2025-12-01,"Cincinnati, OH",302010,5.41,2282,44,NA,8404
2025-11-01,"Cincinnati, OH",315000,9,2221,43,NA,8482
2025-10-01,"Cincinnati, OH",305000,6.27,2206,43,NA,8346
2025-09-01,"Cincinnati, OH",305000,4.63,2208,42,NA,8115
2025-08-01,"Cincinnati, OH",307500,2.5,2203,43,NA,7972
2025-07-01,"Cincinnati, OH",315000,5,2178,42,NA,7845
2025-06-01,"Cincinnati, OH",315634,5.56,2197,42,NA,7816
2025-05-01,"Cincinnati, OH",310000,3.33,2219,42,NA,7859
2025-04-01,"Cincinnati, OH",294000,6.14,2226,42,NA,7933
2025-03-01,"Cincinnati, OH",290000,3.57,2187,41,NA,8040
2025-02-01,"Cincinnati, OH",291000,7.38,2221,42,NA,8030
2025-01-01,"Cincinnati, OH",276000,9.09,2244,42,NA,7853
2024-12-01,"Cincinnati, OH",286500,8.63,2203,41,NA,7861
2024-11-01,"Cincinnati, OH",289000,7.04,2209,42,NA,7790
2024-10-01,"Cincinnati, OH",287000,4.74,2185,41,NA,7651
2024-09-01,"Cincinnati, OH",291500,7.96,2191,41,NA,7568
2024-08-01,"Cincinnati, OH",300000,5.26,2126,40,NA,7318
2024-07-01,"Cincinnati, OH",300000,5.26,2153,40,NA,7072
2024-06-01,"Cincinnati, OH",299000,4.91,2088,40,NA,6873
2024-05-01,"Cincinnati, OH",300000,3.45,2141,39,NA,6933
2024-04-01,"Cincinnati, OH",277000,2.59,2160,40,NA,6875
2024-03-01,"Cincinnati, OH",280000,9.8,2186,20,NA,6583
2024-02-01,"Cincinnati, OH",271000,8.64,2127,17,NA,6375
2024-01-01,"Cincinnati, OH",253000,7.66,2084,16,NA,6348
2023-12-01,"Cincinnati, OH",263750,7.65,2062,14,NA,6039
2023-11-01,"Cincinnati, OH",270000,8,2068,13,NA,5578
2023-10-01,"Cincinnati, OH",274000,9.82,2075,13,NA,5278
2023-09-01,"Cincinnati, OH",270000,8,2011,13,NA,5174
2023-08-01,"Cincinnati, OH",285000,9.62,2045,11,NA,4064
2023-07-01,"Cincinnati, OH",285000,8.44,2119,11,NA,4368
2023-06-01,"Cincinnati, OH",285000,4.01,2097,10,NA,4515
2023-05-01,"Cincinnati, OH",290000,9.43,2038,10,NA,4605
2023-04-01,"Cincinnati, OH",270000,8.24,2102,10,NA,4951
2023-03-01,"Cincinnati, OH",255000,3.24,2184,10,NA,5389
2023-02-01,"Cincinnati, OH",249450,6.4,2209,21,NA,5889
2023-01-01,"Cincinnati, OH",235000,4.42,2176,37,NA,7018
2022-12-01,"Cincinnati, OH",245000,3.38,2245,39,NA,7060
2022-11-01,"Cincinnati, OH",250000,4.17,2299,39,NA,6969
2022-10-01,"Cincinnati, OH",249500,6.17,2361,38,NA,7043
2022-09-01,"Cincinnati, OH",250000,4.21,2499,38,NA,7304
2022-08-01,"Cincinnati, OH",260000,6.12,2538,39,NA,7486
2022-07-01,"Cincinnati, OH",262825,7.28,2555,39,NA,7734
2022-06-01,"Cincinnati, OH",274000,7.45,2605,39,NA,7807
2022-05-01,"Cincinnati, OH",265000,10.88,2732,39,NA,7812
2022-04-01,"Cincinnati, OH",249450,7.18,2752,38,NA,7908
2022-03-01,"Cincinnati, OH",247000,11.76,2733,38,NA,7911
2022-02-01,"Cincinnati, OH",234450,11.64,2792,38,NA,7903
2022-01-01,"Cincinnati, OH",225050,10.75,3021,38,NA,8136
2021-12-01,"Cincinnati, OH",237000,10.23,2972,39,NA,8335
2021-11-01,"Cincinnati, OH",240000,10.6,2990,41,NA,8623
2021-10-01,"Cincinnati, OH",235000,10.07,2993,41,NA,8800
2021-09-01,"Cincinnati, OH",239900,11.58,2956,40,NA,8845
2021-08-01,"Cincinnati, OH",245000,8.89,2932,41,NA,8903
2021-07-01,"Cincinnati, OH",245000,11.41,2906,41,NA,8575
2021-06-01,"Cincinnati, OH",255000,18.6,2920,42,NA,8435
2021-05-01,"Cincinnati, OH",239000,19.5,2960,43,NA,8351
2021-04-01,"Cincinnati, OH",232746,19.36,2885,43,NA,8434
2021-03-01,"Cincinnati, OH",221000,13.33,2934,42,NA,8470
2021-02-01,"Cincinnati, OH",210000,20,2996,41,NA,8582
2021-01-01,"Cincinnati, OH",203200,14.8,3059,41,NA,8958
2020-12-01,"Cincinnati, OH",215000,16.22,3084,44,NA,9002
2020-11-01,"Cincinnati, OH",217000,20.56,3070,43,NA,9045
2020-10-01,"Cincinnati, OH",213500,18.61,3087,44,NA,9188
2020-09-01,"Cincinnati, OH",215000,16.22,3069,45,NA,9081
2020-08-01,"Cincinnati, OH",225000,18.82,3043,47,NA,9072
2020-07-01,"Cincinnati, OH",219900,13.35,3026,48,NA,9168
2020-06-01,"Cincinnati, OH",215000,8.59,2479,50,NA,9107
2020-05-01,"Cincinnati, OH",200000,4.99,2301,50,NA,9058
2020-04-01,"Cincinnati, OH",195000,6.41,2380,49,NA,9036
2020-03-01,"Cincinnati, OH",195000,12.72,2793,48,NA,10082
2020-02-01,"Cincinnati, OH",175000,2.68,2828,49,NA,10263
2020-01-01,"Cincinnati, OH",176999,11.32,2711,52,NA,10278
2019-12-01,"Cincinnati, OH",185000,13.15,2739,53,NA,10301
2019-11-01,"Cincinnati, OH",180000,4.23,2743,54,NA,10580
2019-10-01,"Cincinnati, OH",180000,6.38,2756,56,NA,11012
2019-09-01,"Cincinnati, OH",185000,8.19,2666,57,NA,11178
2019-08-01,"Cincinnati, OH",189370,8.21,2718,57,NA,11209
2019-07-01,"Cincinnati, OH",194000,8.99,2692,58,NA,11297
2019-06-01,"Cincinnati, OH",198000,5.53,2707,58,NA,11551
2019-05-01,"Cincinnati, OH",190500,7.32,2773,57,NA,11965
2019-04-01,"Cincinnati, OH",183250,5.62,2745,58,NA,12099
2019-03-01,"Cincinnati, OH",173000,1.82,2715,59,NA,12115
2019-02-01,"Cincinnati, OH",170438,7.94,2699,61,NA,12204
2019-01-01,"Cincinnati, OH",159000,2.58,2590,63,NA,11985
2026-05-01,"Cleveland, OH",250229,4.26,2184,29,2519,7358
2026-04-01,"Cleveland, OH",255000,8.51,2009,29,2602,7343
2026-03-01,"Cleveland, OH",240000,5.49,1993,29,2510,7138
2026-02-01,"Cleveland, OH",227500,3.41,2010,30,2409,7035
2026-01-01,"Cleveland, OH",220000,7.32,1928,30,2400,7009
2025-12-01,"Cleveland, OH",230000,0,2139,29,2416,7025
2025-11-01,"Cleveland, OH",247500,12.5,2195,30,2412,7081
2025-10-01,"Cleveland, OH",248950,11.14,2099,30,2514,7135
2025-09-01,"Cleveland, OH",245000,6.52,2162,30,2480,7064
2025-08-01,"Cleveland, OH",255000,8.74,2094,29,2462,7063
2025-07-01,"Cleveland, OH",265000,12.77,2097,29,2501,7067
2025-06-01,"Cleveland, OH",264350,7.9,2011,29,2491,7065
2025-05-01,"Cleveland, OH",240000,1.05,2018,29,2509,7001
2025-04-01,"Cleveland, OH",235000,11.9,2076,27,2430,6860
2025-03-01,"Cleveland, OH",227500,12.07,2063,27,2557,6963
2025-02-01,"Cleveland, OH",220000,11.11,2159,27,2470,6785
2025-01-01,"Cleveland, OH",205000,10.51,2151,26,2446,6721
2024-12-01,"Cleveland, OH",230000,15.06,2037,27,2392,6653
2024-11-01,"Cleveland, OH",220000,8.21,2041,25,2453,6537
2024-10-01,"Cleveland, OH",224000,6.67,1987,25,2398,6391
2024-09-01,"Cleveland, OH",230000,9.52,2037,25,2388,6312
2024-08-01,"Cleveland, OH",234500,3.3,1953,26,2444,6194
2024-07-01,"Cleveland, OH",235000,6.82,2021,27,2315,5986
2024-06-01,"Cleveland, OH",245000,6.52,2040,26,2347,6130
2024-05-01,"Cleveland, OH",237500,15.85,2014,24,2415,6167
2024-04-01,"Cleveland, OH",210000,5,2119,25,2280,6155
2024-03-01,"Cleveland, OH",203000,5.32,2174,24,2326,6367
2024-02-01,"Cleveland, OH",198000,10.06,2121,24,2439,6554
2024-01-01,"Cleveland, OH",185500,6.92,2166,24,2454,6557
2023-12-01,"Cleveland, OH",199900,3.98,2042,24,2583,6450
2023-11-01,"Cleveland, OH",203300,4.26,2103,23,2478,6212
2023-10-01,"Cleveland, OH",210000,5,2105,19,2405,5979
2023-09-01,"Cleveland, OH",210000,2.44,2016,22,2443,5842
2023-08-01,"Cleveland, OH",227000,5.58,2054,22,2298,5675
2023-07-01,"Cleveland, OH",220000,0.92,2006,21,2298,5718
2023-06-01,"Cleveland, OH",230000,2.36,2073,22,2345,5947
2023-05-01,"Cleveland, OH",205000,-2.38,2087,23,2322,6127
2023-04-01,"Cleveland, OH",200000,5.26,2104,24,2344,6331
2023-03-01,"Cleveland, OH",192750,1.45,2213,26,2343,6521
2023-02-01,"Cleveland, OH",179900,0,2269,25,2527,6902
2023-01-01,"Cleveland, OH",173500,-3.35,2089,26,2495,6860
2022-12-01,"Cleveland, OH",192250,6.81,2168,24,2483,6863
2022-11-01,"Cleveland, OH",195000,4,2149,25,2508,6762
2022-10-01,"Cleveland, OH",200000,5.26,2291,26,2436,6730
2022-09-01,"Cleveland, OH",205000,9.22,2396,27,2426,6801
2022-08-01,"Cleveland, OH",215000,7.5,2526,21,2542,7118
2022-07-01,"Cleveland, OH",218000,9,2419,20,2988,7231
2022-06-01,"Cleveland, OH",224700,10.83,2450,14,2999,7006
2022-05-01,"Cleveland, OH",210000,13.51,2477,17,2872,6893
2022-04-01,"Cleveland, OH",190000,8.26,2518,20,3032,7042
2022-03-01,"Cleveland, OH",190000,12.59,2414,21,2884,6907
2022-02-01,"Cleveland, OH",179900,14.59,2534,23,2707,6777
2022-01-01,"Cleveland, OH",179516,8.86,3004,23,2835,7086
2021-12-01,"Cleveland, OH",180000,4.05,2898,25,2924,7191
2021-11-01,"Cleveland, OH",187500,7.6,2989,26,2991,7541
2021-10-01,"Cleveland, OH",190000,7.34,2927,26,3090,7724
2021-09-01,"Cleveland, OH",187700,7.26,2910,26,2993,7763
2021-08-01,"Cleveland, OH",200000,12.36,2739,22,3007,7838
2021-07-01,"Cleveland, OH",200000,14.29,2745,24,3224,7834
2021-06-01,"Cleveland, OH",202750,17.2,2618,21,3121,7577
2021-05-01,"Cleveland, OH",185000,12.12,2584,25,3171,7499
2021-04-01,"Cleveland, OH",175500,5.09,2481,26,2965,7377
2021-03-01,"Cleveland, OH",168750,6.7,2594,28,2947,7460
2021-02-01,"Cleveland, OH",157000,6.8,2737,28,2923,7503
2021-01-01,"Cleveland, OH",164900,12.95,2909,29,2779,7589
2020-12-01,"Cleveland, OH",173000,19.31,2998,30,2922,7666
2020-11-01,"Cleveland, OH",174250,16.17,2858,31,3018,7832
2020-10-01,"Cleveland, OH",177000,12.74,2984,33,3006,7948
2020-09-01,"Cleveland, OH",175000,12.54,2729,33,3118,8181
2020-08-01,"Cleveland, OH",178000,9.2,2718,35,2998,7960
2020-07-01,"Cleveland, OH",175000,2.94,2720,43,2851,8036
2020-06-01,"Cleveland, OH",173000,1.76,2171,45,2753,8175
2020-05-01,"Cleveland, OH",165000,3.13,2062,46,2536,8289
2020-04-01,"Cleveland, OH",167000,14.38,2211,46,2022,8485
2020-03-01,"Cleveland, OH",158150,9.07,2646,45,2743,9568
2020-02-01,"Cleveland, OH",147000,7.3,2536,47,2852,9932
2020-01-01,"Cleveland, OH",146000,7.75,2478,48,3044,10243
2019-12-01,"Cleveland, OH",145000,1.4,2455,50,2857,10421
2019-11-01,"Cleveland, OH",150000,4.9,2476,49,2722,10539
2019-10-01,"Cleveland, OH",157000,9.03,2429,51,2851,10810
2019-09-01,"Cleveland, OH",155500,3.39,2499,52,2877,10902
2019-08-01,"Cleveland, OH",163000,7.24,2494,52,2874,10990
2019-07-01,"Cleveland, OH",170000,11.84,2461,53,2861,11161
2019-06-01,"Cleveland, OH",170000,9.68,2466,53,2876,11210
2019-05-01,"Cleveland, OH",160000,6.67,2555,52,3041,11425
2019-04-01,"Cleveland, OH",146000,1.46,2531,52,3064,11421
2019-03-01,"Cleveland, OH",145000,7.49,2398,53,3064,11274
2019-02-01,"Cleveland, OH",137000,1.56,2391,52,3041,11173
2019-01-01,"Cleveland, OH",135500,6.69,2281,51,2880,11026
2026-05-01,"Colorado Springs, CO",483509,0.95,1148,53,1302,5624
2026-04-01,"Colorado Springs, CO",460000,-3.16,1069,54,1426,5814
2026-03-01,"Colorado Springs, CO",470000,0.1,1069,57,1518,5850
2026-02-01,"Colorado Springs, CO",455000,-1.52,1070,63,1643,5962
2026-01-01,"Colorado Springs, CO",455000,-2.68,922,64,1413,5640
2025-12-01,"Colorado Springs, CO",445000,-5.72,1017,64,1302,5479
2025-11-01,"Colorado Springs, CO",480000,1.05,956,60,1133,5333
2025-10-01,"Colorado Springs, CO",455000,0,929,62,1205,5208
2025-09-01,"Colorado Springs, CO",467483,0.56,966,64,1164,5171
2025-08-01,"Colorado Springs, CO",460000,-3.97,991,60,1259,5302
2025-07-01,"Colorado Springs, CO",487500,0.7,961,58,1155,5248
2025-06-01,"Colorado Springs, CO",487500,-0.86,961,60,1367,5378
2025-05-01,"Colorado Springs, CO",478950,0.83,990,63,1386,5687
2025-04-01,"Colorado Springs, CO",475000,0.32,1063,64,1495,5681
2025-03-01,"Colorado Springs, CO",469538,4.04,1039,67,1458,5646
2025-02-01,"Colorado Springs, CO",462000,2.69,1039,62,1350,5589
2025-01-01,"Colorado Springs, CO",467510,6.25,1018,65,1385,5407
2024-12-01,"Colorado Springs, CO",472000,4.89,1038,63,1263,5261
2024-11-01,"Colorado Springs, CO",475000,5.56,1030,66,1145,5107
2024-10-01,"Colorado Springs, CO",455000,-1.73,1004,62,1238,5056
2024-09-01,"Colorado Springs, CO",464900,-0.56,912,57,1255,4887
2024-08-01,"Colorado Springs, CO",479000,4.36,939,61,1209,4794
2024-07-01,"Colorado Springs, CO",484095,5.24,941,59,1248,4771
2024-06-01,"Colorado Springs, CO",491737,3.36,936,58,1276,4803
2024-05-01,"Colorado Springs, CO",475000,3.26,996,55,1325,4805
2024-04-01,"Colorado Springs, CO",473490,5.22,938,55,1269,4592
2024-03-01,"Colorado Springs, CO",451291,0.51,980,53,1301,4415
2024-02-01,"Colorado Springs, CO",449900,4.63,998,57,1261,4325
2024-01-01,"Colorado Springs, CO",440000,3.53,932,56,1213,4231
2023-12-01,"Colorado Springs, CO",450000,3.45,913,53,1085,4052
2023-11-01,"Colorado Springs, CO",450000,3.45,864,50,1121,3911
2023-10-01,"Colorado Springs, CO",463000,2.89,868,50,1127,3822
2023-09-01,"Colorado Springs, CO",467500,6.13,932,51,1198,3782
2023-08-01,"Colorado Springs, CO",458990,-0.35,964,49,1109,3755
2023-07-01,"Colorado Springs, CO",460000,-2.34,927,51,1168,3777
2023-06-01,"Colorado Springs, CO",475754,-0.88,1053,47,1180,3806
2023-05-01,"Colorado Springs, CO",460000,-4.17,1083,51,1202,3947
2023-04-01,"Colorado Springs, CO",450000,-5.36,1072,49,1173,4022
2023-03-01,"Colorado Springs, CO",449000,-3.44,1075,56,1111,4090
2023-02-01,"Colorado Springs, CO",430000,-5.49,1053,57,1134,4178
2023-01-01,"Colorado Springs, CO",425000,-2.99,1091,53,1181,4245
2022-12-01,"Colorado Springs, CO",434995,0,954,52,1138,4150
2022-11-01,"Colorado Springs, CO",435000,0,1016,50,1201,4179
2022-10-01,"Colorado Springs, CO",450000,4.65,1110,49,1213,4206
2022-09-01,"Colorado Springs, CO",440500,2.44,1224,47,1283,4401
2022-08-01,"Colorado Springs, CO",460600,7.66,1134,45,1450,4563
2022-07-01,"Colorado Springs, CO",471000,7.05,1276,41,1625,4635
2022-06-01,"Colorado Springs, CO",480000,8.78,1284,41,1614,4566
2022-05-01,"Colorado Springs, CO",480000,11.67,1440,37,1664,4394
2022-04-01,"Colorado Springs, CO",475500,14.03,1465,38,1691,4213
2022-03-01,"Colorado Springs, CO",465000,16.25,1392,34,1458,3856
2022-02-01,"Colorado Springs, CO",455000,16.37,1444,32,1413,3581
2022-01-01,"Colorado Springs, CO",438113,17.54,1570,32,1574,3544
2021-12-01,"Colorado Springs, CO",435000,17.57,1497,33,1730,3442
2021-11-01,"Colorado Springs, CO",435000,16.75,1688,34,1709,3649
2021-10-01,"Colorado Springs, CO",430000,16.53,1694,34,1678,3830
2021-09-01,"Colorado Springs, CO",430000,15.34,1593,36,1690,3876
2021-08-01,"Colorado Springs, CO",427820,17.21,1579,35,1691,3906
2021-07-01,"Colorado Springs, CO",440000,20.1,1542,37,1646,3913
2021-06-01,"Colorado Springs, CO",441260,26.07,1481,38,1497,3880
2021-05-01,"Colorado Springs, CO",429850,26.07,1374,38,1400,3831
2021-04-01,"Colorado Springs, CO",417000,21.22,1449,39,1349,3865
2021-03-01,"Colorado Springs, CO",400000,16.62,1363,37,1393,3827
2021-02-01,"Colorado Springs, CO",391000,17.68,1355,35,1552,3673
2021-01-01,"Colorado Springs, CO",372750,14.69,1475,35,1440,3429
2020-12-01,"Colorado Springs, CO",370000,15.63,1490,37,1740,3481
2020-11-01,"Colorado Springs, CO",372590,18.28,1635,38,1501,3605
2020-10-01,"Colorado Springs, CO",369000,14.6,1713,39,1536,3923
2020-09-01,"Colorado Springs, CO",372800,17.42,1678,41,1646,4105
2020-08-01,"Colorado Springs, CO",365000,14.06,1533,43,1518,4239
2020-07-01,"Colorado Springs, CO",366349,14.48,1610,44,1458,4507
2020-06-01,"Colorado Springs, CO",350000,8.02,1408,44,1499,4678
2020-05-01,"Colorado Springs, CO",340961,6.55,1108,44,1504,4526
2020-04-01,"Colorado Springs, CO",344000,9.21,1240,42,1071,4252
2020-03-01,"Colorado Springs, CO",343000,11.62,1327,41,1655,4674
2020-02-01,"Colorado Springs, CO",332250,10.57,1297,42,1559,4310
2020-01-01,"Colorado Springs, CO",325000,12.07,1339,43,1564,4158
2019-12-01,"Colorado Springs, CO",320000,7.78,1391,44,1570,4064
2019-11-01,"Colorado Springs, CO",315000,8.98,1374,44,1466,4097
2019-10-01,"Colorado Springs, CO",322000,9.15,1362,45,1319,4174
2019-09-01,"Colorado Springs, CO",317500,7.63,1392,44,1370,4357
2019-08-01,"Colorado Springs, CO",320000,6.67,1383,46,1503,4576
2019-07-01,"Colorado Springs, CO",320000,6.7,1407,46,1467,4710
2019-06-01,"Colorado Springs, CO",324000,4.68,1427,45,1581,4920
2019-05-01,"Colorado Springs, CO",320000,4.92,1491,46,1532,4931
2019-04-01,"Colorado Springs, CO",315000,6.11,1417,46,1564,4874
2019-03-01,"Colorado Springs, CO",307296,5.96,1387,47,1405,4761
2019-02-01,"Colorado Springs, CO",300500,7.44,1474,48,1452,4803
2019-01-01,"Colorado Springs, CO",290000,3.61,1303,50,1463,4624
2026-05-01,"Columbia, SC",298081,4.59,1017,41,1301,4735
2026-04-01,"Columbia, SC",285000,1.79,1002,45,1325,4668
2026-03-01,"Columbia, SC",277000,-1.76,1021,58,1294,4607
2026-02-01,"Columbia, SC",275900,1.36,1027,59,1254,4567
2026-01-01,"Columbia, SC",279000,3.33,1020,60,1270,4597
2025-12-01,"Columbia, SC",284900,3.04,1052,54,1230,4561
2025-11-01,"Columbia, SC",285000,3.64,996,45,1250,4560
2025-10-01,"Columbia, SC",280000,1.82,1004,52,1260,4497
2025-09-01,"Columbia, SC",277000,0.73,1022,51,1242,4447
2025-08-01,"Columbia, SC",284000,0.11,999,39,1207,4412
2025-07-01,"Columbia, SC",289900,3.57,1010,38,1251,4373
2025-06-01,"Columbia, SC",294950,3.49,1014,35,1226,4335
2025-05-01,"Columbia, SC",285000,1.75,1035,34,1246,4332
2025-04-01,"Columbia, SC",280000,3.74,997,44,1245,4266
2025-03-01,"Columbia, SC",281963,2.92,987,52,1203,4208
2025-02-01,"Columbia, SC",272202,3.1,1012,52,1241,4190
2025-01-01,"Columbia, SC",270000,3.95,988,51,1180,4158
2024-12-01,"Columbia, SC",276490,0.58,992,48,1240,4106
2024-11-01,"Columbia, SC",275000,1.93,984,47,1221,4006
2024-10-01,"Columbia, SC",275000,0.04,990,41,1173,3890
2024-09-01,"Columbia, SC",275000,3.77,941,38,1152,3839
2024-08-01,"Columbia, SC",283692,3.16,948,33,1174,3786
2024-07-01,"Columbia, SC",279900,1.03,978,33,1096,3724
2024-06-01,"Columbia, SC",284990,2.15,949,30,1163,3737
2024-05-01,"Columbia, SC",280100,1.85,1000,33,1167,3756
2024-04-01,"Columbia, SC",269900,-0.08,1011,37,1133,3750
2024-03-01,"Columbia, SC",273950,3.38,974,43,1202,3779
2024-02-01,"Columbia, SC",264015,1.58,1010,44,1167,3776
2024-01-01,"Columbia, SC",259739,1.9,977,45,1224,3740
2023-12-01,"Columbia, SC",274900,3.35,982,38,1201,3602
2023-11-01,"Columbia, SC",269790,1.81,1019,35,1200,3522
2023-10-01,"Columbia, SC",274900,5.73,951,31,1180,3460
2023-09-01,"Columbia, SC",265000,-2.57,928,27,1176,3339
2023-08-01,"Columbia, SC",275000,-1.79,1000,25,1127,3219
2023-07-01,"Columbia, SC",277045,0.74,966,25,1144,3176
2023-06-01,"Columbia, SC",279000,-2.45,1030,25,1128,3109
2023-05-01,"Columbia, SC",275000,0,926,26,1068,3073
2023-04-01,"Columbia, SC",270109,0.04,967,27,1081,3151
2023-03-01,"Columbia, SC",265000,1.92,990,33,1099,3153
2023-02-01,"Columbia, SC",259900,-1.18,964,40,1074,3142
2023-01-01,"Columbia, SC",254900,5.55,1005,53,1135,3202
2022-12-01,"Columbia, SC",266000,7.15,950,56,1095,3946
2022-11-01,"Columbia, SC",265000,12.77,1013,60,1066,4035
2022-10-01,"Columbia, SC",260000,10.64,1027,52,1099,4167
2022-09-01,"Columbia, SC",272000,11.7,1139,51,1147,4344
2022-08-01,"Columbia, SC",280000,21.74,1122,49,1255,4468
2022-07-01,"Columbia, SC",275000,19.59,1113,44,1196,4481
2022-06-01,"Columbia, SC",286000,20.68,1132,45,1531,4454
2022-05-01,"Columbia, SC",275000,21.2,1251,46,1280,4333
2022-04-01,"Columbia, SC",270000,20,1238,43,1315,4262
2022-03-01,"Columbia, SC",260000,18.41,1228,43,1302,4200
2022-02-01,"Columbia, SC",263000,25.24,1231,48,1372,4179
2022-01-01,"Columbia, SC",241500,13.38,1294,56,1256,4199
2021-12-01,"Columbia, SC",248260,17.39,1325,56,1322,4449
2021-11-01,"Columbia, SC",235000,12.04,1316,52,1393,4619
2021-10-01,"Columbia, SC",235000,13.53,1336,49,1383,4756
2021-09-01,"Columbia, SC",243500,15.95,1379,48,1429,4817
2021-08-01,"Columbia, SC",230000,11.38,1300,49,1375,4842
2021-07-01,"Columbia, SC",229950,9.17,1261,46,1513,4787
2021-06-01,"Columbia, SC",237000,16.51,1325,49,1360,4722
2021-05-01,"Columbia, SC",226900,13.45,1271,50,1394,4705
2021-04-01,"Columbia, SC",225000,19.68,1289,49,1390,4661
2021-03-01,"Columbia, SC",219580,13.99,1317,58,1334,4608
2021-02-01,"Columbia, SC",210000,15.07,1251,64,1375,4603
2021-01-01,"Columbia, SC",213000,23.59,1271,66,1361,4637
2020-12-01,"Columbia, SC",211490,11.29,1312,63,1396,4744
2020-11-01,"Columbia, SC",209753,11.57,1252,57,1310,4795
2020-10-01,"Columbia, SC",207000,13.74,1284,62,1363,4865
2020-09-01,"Columbia, SC",210000,16.91,1199,64,1322,4818
2020-08-01,"Columbia, SC",206499,11.62,1178,64,1249,4794
2020-07-01,"Columbia, SC",210626,12.03,1230,66,1144,4869
2020-06-01,"Columbia, SC",203417,7.12,1129,75,1129,4980
2020-05-01,"Columbia, SC",200000,5.82,1016,68,1056,5012
2020-04-01,"Columbia, SC",188000,4.88,1041,62,980,5042
2020-03-01,"Columbia, SC",192638,12.15,1109,76,1345,5282
2020-02-01,"Columbia, SC",182500,7.42,1123,85,1295,5446
2020-01-01,"Columbia, SC",172350,17.24,1131,86,1321,5439
2019-12-01,"Columbia, SC",190033,16.23,1087,84,1256,5449
2019-11-01,"Columbia, SC",188000,13.94,1109,78,1273,5488
2019-10-01,"Columbia, SC",182000,8.4,1109,74,1246,5500
2019-09-01,"Columbia, SC",179628,8.83,1069,71,1235,5567
2019-08-01,"Columbia, SC",185000,13.5,1143,69,1232,5656
2019-07-01,"Columbia, SC",188000,11.08,1123,69,1267,5712
2019-06-01,"Columbia, SC",189900,17.04,1071,63,1223,5755
2019-05-01,"Columbia, SC",189000,14.55,1119,65,1307,5724
2019-04-01,"Columbia, SC",179250,13.95,1066,69,1249,5600
2019-03-01,"Columbia, SC",171764,7.15,1020,71,1285,5430
2019-02-01,"Columbia, SC",169900,9.61,931,59,1246,5052
2019-01-01,"Columbia, SC",147000,-7.14,770,46,1301,4594
2026-05-01,"Columbus, OH",363878,3.37,2456,48,2806,9380
2026-04-01,"Columbus, OH",360000,6.51,2280,48,2826,9118
2026-03-01,"Columbus, OH",355000,4.41,2206,49,2739,8936
2026-02-01,"Columbus, OH",332000,3.12,2269,50,2577,8813
2026-01-01,"Columbus, OH",335000,4.72,2161,48,2609,8793
2025-12-01,"Columbus, OH",340000,3.03,2249,48,2439,8828
2025-11-01,"Columbus, OH",345000,2.83,2271,47,2576,8887
2025-10-01,"Columbus, OH",349600,2.82,2241,48,2677,8838
2025-09-01,"Columbus, OH",345000,0.58,2153,46,2574,8666
2025-08-01,"Columbus, OH",359900,4.32,2139,46,2598,8542
2025-07-01,"Columbus, OH",360000,2.89,2179,47,2552,8499
2025-06-01,"Columbus, OH",369950,5.7,2190,45,2628,8563
2025-05-01,"Columbus, OH",352000,2.03,2158,44,2612,8599
2025-04-01,"Columbus, OH",338000,-0.56,2273,44,2688,8607
2025-03-01,"Columbus, OH",340000,3.14,2289,44,2741,8587
2025-02-01,"Columbus, OH",321950,0.61,2211,43,2730,8423
2025-01-01,"Columbus, OH",319900,3.86,2131,45,2651,8192
2024-12-01,"Columbus, OH",330000,4.76,2261,43,2721,8087
2024-11-01,"Columbus, OH",335500,6.51,2128,43,2605,7812
2024-10-01,"Columbus, OH",340000,4.62,2157,42,2530,7592
2024-09-01,"Columbus, OH",343000,4.1,2162,43,2575,7406
2024-08-01,"Columbus, OH",345000,4.55,2128,43,2475,7142
2024-07-01,"Columbus, OH",349900,7.17,2150,41,2519,7090
2024-06-01,"Columbus, OH",350000,3.24,2154,41,2481,7002
2024-05-01,"Columbus, OH",345000,1.5,2242,41,2503,7170
2024-04-01,"Columbus, OH",339900,5.72,2192,40,2439,7150
2024-03-01,"Columbus, OH",329641,6.34,2238,40,2455,7271
2024-02-01,"Columbus, OH",320000,6.67,2290,40,2548,7402
2024-01-01,"Columbus, OH",308000,10,2254,38,2548,7324
2023-12-01,"Columbus, OH",315000,5.88,2028,38,2494,7089
2023-11-01,"Columbus, OH",315000,6.78,2132,38,2605,6763
2023-10-01,"Columbus, OH",325000,8.37,2051,38,2421,6349
2023-09-01,"Columbus, OH",329500,6.63,2060,38,2435,6181
2023-08-01,"Columbus, OH",330000,6.45,2167,37,2428,6132
2023-07-01,"Columbus, OH",326500,2.03,2066,38,2300,5950
2023-06-01,"Columbus, OH",339000,3.67,2116,38,2281,5996
2023-05-01,"Columbus, OH",339900,4.58,2140,38,2353,6297
2023-04-01,"Columbus, OH",321500,3.71,2239,40,2286,6577
2023-03-01,"Columbus, OH",310000,5.9,2329,39,2285,6884
2023-02-01,"Columbus, OH",300000,11.11,2331,39,2515,7183
2023-01-01,"Columbus, OH",280000,4.48,2237,40,2431,7211
2022-12-01,"Columbus, OH",297500,9.76,2199,40,2429,7091
2022-11-01,"Columbus, OH",295000,7.27,2222,39,2445,6927
2022-10-01,"Columbus, OH",299900,9.85,2398,39,2583,7056
2022-09-01,"Columbus, OH",309000,10.36,2381,38,2630,7051
2022-08-01,"Columbus, OH",310000,8.77,2456,38,2665,7203
2022-07-01,"Columbus, OH",320000,11.53,2563,37,2796,7322
2022-06-01,"Columbus, OH",327000,14.74,2626,37,2967,7437
2022-05-01,"Columbus, OH",325000,15.04,2730,36,2898,7325
2022-04-01,"Columbus, OH",310000,17.03,2756,35,3018,7359
2022-03-01,"Columbus, OH",292725,15.25,2638,35,2924,7285
2022-02-01,"Columbus, OH",270000,14.6,2725,35,2834,7221
2022-01-01,"Columbus, OH",267995,14.04,2969,34,2975,7372
2021-12-01,"Columbus, OH",271045,11.56,3000,36,3244,7462
2021-11-01,"Columbus, OH",275000,14.58,3069,36,3166,7606
2021-10-01,"Columbus, OH",273000,9.24,3092,37,3110,7803
2021-09-01,"Columbus, OH",280000,14.29,3159,37,3131,8077
2021-08-01,"Columbus, OH",285000,14,2973,37,3209,8150
2021-07-01,"Columbus, OH",286918,13.68,2885,37,3339,8034
2021-06-01,"Columbus, OH",285000,16.33,2850,37,3176,7672
2021-05-01,"Columbus, OH",282500,18.2,2795,37,3046,7459
2021-04-01,"Columbus, OH",264900,15.22,2772,38,2947,7478
2021-03-01,"Columbus, OH",254000,10.43,2716,38,2931,7460
2021-02-01,"Columbus, OH",235595,9.58,2739,38,2767,7494
2021-01-01,"Columbus, OH",235000,17.21,3032,38,3033,7743
2020-12-01,"Columbus, OH",242950,16.8,3021,37,3316,7843
2020-11-01,"Columbus, OH",240000,14.34,3024,39,3137,7947
2020-10-01,"Columbus, OH",249900,17.32,3030,41,3154,7978
2020-09-01,"Columbus, OH",245000,14.49,2988,41,3143,7938
2020-08-01,"Columbus, OH",250000,14.42,2884,42,3015,7879
2020-07-01,"Columbus, OH",252400,12.18,2753,43,2832,7880
2020-06-01,"Columbus, OH",245000,6.52,2476,45,2648,7867
2020-05-01,"Columbus, OH",239000,6.22,2296,47,2529,7964
2020-04-01,"Columbus, OH",229900,4.55,2356,46,2195,8168
2020-03-01,"Columbus, OH",230000,12.2,2688,46,2846,9038
2020-02-01,"Columbus, OH",215000,10.26,2838,46,2986,9195
2020-01-01,"Columbus, OH",200500,8.97,2646,47,3091,9244
2019-12-01,"Columbus, OH",208000,6.67,2711,49,2797,9285
2019-11-01,"Columbus, OH",209900,7.64,2695,48,2876,9423
2019-10-01,"Columbus, OH",213000,7.58,2538,46,2973,9427
2019-09-01,"Columbus, OH",214000,7,2647,47,3023,9408
2019-08-01,"Columbus, OH",218500,5.81,2630,47,2906,9288
2019-07-01,"Columbus, OH",225000,7.14,2662,47,2913,9318
2019-06-01,"Columbus, OH",230000,6.73,2767,46,3004,9408
2019-05-01,"Columbus, OH",225000,7.14,2719,46,3121,9428
2019-04-01,"Columbus, OH",219900,12.22,2700,47,2995,9290
2019-03-01,"Columbus, OH",205000,7.89,2511,48,2919,9217
2019-02-01,"Columbus, OH",195000,8.15,2606,49,2851,9267
2019-01-01,"Columbus, OH",184000,4.55,2518,49,2795,9253
2026-05-01,"Dallas, TX",423694,2.13,5289,59,7432,31957
2026-04-01,"Dallas, TX",409000,-3.76,5356,63,7495,32268
2026-03-01,"Dallas, TX",400000,-4.53,5239,69,7565,32386
2026-02-01,"Dallas, TX",397390,-4.24,5026,70,7778,32102
2026-01-01,"Dallas, TX",394490,-1.53,5145,67,7420,30949
2025-12-01,"Dallas, TX",390000,-7.58,5325,66,7485,32032
2025-11-01,"Dallas, TX",394000,-3.9,5156,66,7462,32549
2025-10-01,"Dallas, TX",403888,-3.84,5167,65,7636,32913
2025-09-01,"Dallas, TX",400000,-3.61,5185,65,7619,33084
2025-08-01,"Dallas, TX",405000,-3.73,5222,63,7584,33319
2025-07-01,"Dallas, TX",420000,-1.15,5295,61,7602,33643
2025-06-01,"Dallas, TX",420000,-2.26,5292,59,7711,33850
2025-05-01,"Dallas, TX",414860,-4.09,5237,58,7841,33666
2025-04-01,"Dallas, TX",425000,-0.89,5121,58,7910,32888
2025-03-01,"Dallas, TX",419000,-1.28,5308,55,7793,31746
2025-02-01,"Dallas, TX",415000,0.86,5416,58,7714,30717
2025-01-01,"Dallas, TX",400600,0.15,5373,57,7765,29898
2024-12-01,"Dallas, TX",422000,2.93,5252,56,7860,29290
2024-11-01,"Dallas, TX",410000,-0.49,5471,51,7474,28893
2024-10-01,"Dallas, TX",420000,0.48,5252,53,7610,28596
2024-09-01,"Dallas, TX",414995,-1.19,5087,51,7552,27967
2024-08-01,"Dallas, TX",420700,-1.01,5008,50,7454,27076
2024-07-01,"Dallas, TX",424900,-1.19,4930,46,7339,26210
2024-06-01,"Dallas, TX",429700,-2.34,4944,47,7267,25545
2024-05-01,"Dallas, TX",432551,0.59,5143,43,7125,25145
2024-04-01,"Dallas, TX",428808,0.58,5271,41,7143,24811
2024-03-01,"Dallas, TX",424420,2.27,5243,43,7145,24362
2024-02-01,"Dallas, TX",411475,1.85,5304,41,6985,23733
2024-01-01,"Dallas, TX",400000,1.01,5346,42,6906,23152
2023-12-01,"Dallas, TX",410000,2.5,4633,41,6853,22579
2023-11-01,"Dallas, TX",412000,0.62,4654,37,6908,21536
2023-10-01,"Dallas, TX",418000,-0.48,4696,37,6680,20250
2023-09-01,"Dallas, TX",420000,0,4829,35,6455,19274
2023-08-01,"Dallas, TX",425000,-0.93,4940,34,6546,18561
2023-07-01,"Dallas, TX",430000,-1.15,5039,34,6307,18006
2023-06-01,"Dallas, TX",440000,-3.3,5154,34,6274,17838
2023-05-01,"Dallas, TX",430000,-7.03,5177,35,6267,18007
2023-04-01,"Dallas, TX",426340,-4.15,5250,37,6149,18414
2023-03-01,"Dallas, TX",415000,-1.19,5352,41,6268,19123
2023-02-01,"Dallas, TX",403999,1.89,5631,44,6137,20057
2023-01-01,"Dallas, TX",396000,4.35,4775,42,6388,20704
2022-12-01,"Dallas, TX",400000,4.85,4725,38,6166,20581
2022-11-01,"Dallas, TX",409450,8.46,4750,35,6345,20109
2022-10-01,"Dallas, TX",420000,11.26,4992,32,6415,19702
2022-09-01,"Dallas, TX",420000,12.69,5264,31,6615,19429
2022-08-01,"Dallas, TX",429000,13.94,5315,27,6417,19178
2022-07-01,"Dallas, TX",435000,14.47,5250,22,6738,18675
2022-06-01,"Dallas, TX",455000,20.05,5379,20,6926,17429
2022-05-01,"Dallas, TX",462500,23.33,5452,18,6887,15648
2022-04-01,"Dallas, TX",444783,23.55,5457,17,6732,14194
2022-03-01,"Dallas, TX",419999,22.63,5533,17,6590,13465
2022-02-01,"Dallas, TX",396500,20.15,5567,15,6551,13446
2022-01-01,"Dallas, TX",379500,20.48,6641,17,6455,13818
2021-12-01,"Dallas, TX",381500,19.22,6330,19,6803,14081
2021-11-01,"Dallas, TX",377500,17.42,6660,19,6819,14210
2021-10-01,"Dallas, TX",377500,17.05,6619,21,6666,14408
2021-09-01,"Dallas, TX",372700,16.47,6458,20,6695,14662
2021-08-01,"Dallas, TX",376500,17.29,6185,19,6794,14672
2021-07-01,"Dallas, TX",380000,18.75,6082,21,6878,14243
2021-06-01,"Dallas, TX",379000,21.47,6034,21,6596,13884
2021-05-01,"Dallas, TX",375000,25.27,5904,21,6616,14192
2021-04-01,"Dallas, TX",360000,20,5842,23,6701,14793
2021-03-01,"Dallas, TX",342500,14.17,5729,26,6724,15228
2021-02-01,"Dallas, TX",330000,14.98,5595,22,5488,15576
2021-01-01,"Dallas, TX",315000,12.1,6858,26,6867,17295
2020-12-01,"Dallas, TX",320000,8.11,6812,26,7001,17456
2020-11-01,"Dallas, TX",321495,11.63,6932,27,6757,17730
2020-10-01,"Dallas, TX",322500,11.98,7130,30,6989,18271
2020-09-01,"Dallas, TX",320000,11.3,6896,31,6907,18847
2020-08-01,"Dallas, TX",321000,9.5,6776,34,7015,19553
2020-07-01,"Dallas, TX",320000,6.67,7056,42,6813,20650
2020-06-01,"Dallas, TX",312000,2.3,5989,46,6861,21939
2020-05-01,"Dallas, TX",299350,-0.55,4431,50,7032,22893
2020-04-01,"Dallas, TX",300000,2.3,4519,45,5083,21410
2020-03-01,"Dallas, TX",300000,3.45,5727,43,6905,24126
2020-02-01,"Dallas, TX",287000,4.36,6005,46,7137,24515
2020-01-01,"Dallas, TX",281000,6.04,5932,46,7086,24557
2019-12-01,"Dallas, TX",295990,3.86,6112,48,6992,24647
2019-11-01,"Dallas, TX",288000,2.86,5529,47,7098,24942
2019-10-01,"Dallas, TX",288000,4.73,5691,47,7019,25182
2019-09-01,"Dallas, TX",287500,2.68,5657,46,7155,25305
2019-08-01,"Dallas, TX",293150,1.79,5759,45,7017,25393
2019-07-01,"Dallas, TX",300000,1.69,5702,45,7032,25642
2019-06-01,"Dallas, TX",305000,1.67,5548,45,7149,25920
2019-05-01,"Dallas, TX",301000,2.03,5686,45,7022,26064
2019-04-01,"Dallas, TX",293250,2.89,5567,48,7175,26011
2019-03-01,"Dallas, TX",290000,0.35,5560,46,7163,25685
2019-02-01,"Dallas, TX",275000,-1.79,5320,46,7093,25179
2019-01-01,"Dallas, TX",264990,0.57,5000,41,7037,24726
2026-05-01,"Dayton, OH",249232,-0.11,971,39,1104,3275
2026-04-01,"Dayton, OH",250000,11.11,908,37,1109,3195
2026-03-01,"Dayton, OH",242000,6.84,931,39,1115,3153
2026-02-01,"Dayton, OH",225000,0,904,39,988,3088
2026-01-01,"Dayton, OH",225000,12.5,870,34,1081,3090
2025-12-01,"Dayton, OH",230000,3.14,930,36,1061,3060
2025-11-01,"Dayton, OH",239900,2.09,863,36,1048,3034
2025-10-01,"Dayton, OH",235000,4.91,878,36,1051,3021
2025-09-01,"Dayton, OH",235900,9.72,868,38,1032,2966
2025-08-01,"Dayton, OH",242950,6.09,888,37,992,2917
2025-07-01,"Dayton, OH",252250,9.65,845,37,1036,2922
2025-06-01,"Dayton, OH",255500,4.29,873,38,1032,2880
2025-05-01,"Dayton, OH",249500,5.14,867,39,1018,2874
2025-04-01,"Dayton, OH",225000,9.76,894,39,1038,2906
2025-03-01,"Dayton, OH",226500,5.55,843,35,1015,2872
2025-02-01,"Dayton, OH",225000,12.11,888,36,1014,2829
2025-01-01,"Dayton, OH",200000,8.11,822,34,969,2760
2024-12-01,"Dayton, OH",223000,13.2,861,31,1021,2718
2024-11-01,"Dayton, OH",235000,18.99,874,33,1065,2695
2024-10-01,"Dayton, OH",224000,11.94,876,34,1025,2618
2024-09-01,"Dayton, OH",215000,4.12,827,34,962,2614
2024-08-01,"Dayton, OH",229000,4.09,847,33,1035,2616
2024-07-01,"Dayton, OH",230050,0.02,816,37,935,2521
2024-06-01,"Dayton, OH",245000,12.15,845,37,967,2605
2024-05-01,"Dayton, OH",237300,10.37,840,34,996,2593
2024-04-01,"Dayton, OH",205000,2.24,867,35,963,2544
2024-03-01,"Dayton, OH",214600,14.15,935,32,959,2599
2024-02-01,"Dayton, OH",200700,11.19,974,33,1022,2673
2024-01-01,"Dayton, OH",185000,2.78,896,25,1043,2647
2023-12-01,"Dayton, OH",197000,8.84,842,32,1082,2598
2023-11-01,"Dayton, OH",197500,9.72,822,28,1054,2459
2023-10-01,"Dayton, OH",200103,5.32,801,25,956,2295
2023-09-01,"Dayton, OH",206500,5.9,884,21,1035,2271
2023-08-01,"Dayton, OH",220000,12.82,811,22,989,2141
2023-07-01,"Dayton, OH",230000,11.11,834,22,990,2073
2023-06-01,"Dayton, OH",218450,2.59,838,20,874,2059
2023-05-01,"Dayton, OH",215000,3.61,872,24,909,2128
2023-04-01,"Dayton, OH",200500,0.25,894,24,866,2249
2023-03-01,"Dayton, OH",188000,4.76,856,28,911,2395
2023-02-01,"Dayton, OH",180500,4.09,908,26,1017,2481
2023-01-01,"Dayton, OH",180000,9.42,792,30,985,2498
2022-12-01,"Dayton, OH",181000,3.43,856,30,934,2434
2022-11-01,"Dayton, OH",180000,0,912,30,988,2472
2022-10-01,"Dayton, OH",190000,5.48,911,31,1005,2519
2022-09-01,"Dayton, OH",195000,8.36,945,32,1028,2552
2022-08-01,"Dayton, OH",195000,8.94,1022,28,1001,2639
2022-07-01,"Dayton, OH",207000,15.64,1046,25,1075,2760
2022-06-01,"Dayton, OH",212945,12.67,1003,22,1194,2824
2022-05-01,"Dayton, OH",207500,12.16,1039,18,1222,2816
2022-04-01,"Dayton, OH",200000,11.73,978,16,1219,2687
2022-03-01,"Dayton, OH",179450,10.81,1008,24,1165,2568
2022-02-01,"Dayton, OH",173400,13.7,1032,24,1080,2508
2022-01-01,"Dayton, OH",164500,8.22,1271,27,1137,2633
2021-12-01,"Dayton, OH",175000,9.38,1180,28,1280,2667
2021-11-01,"Dayton, OH",180000,12.54,1202,30,1192,2695
2021-10-01,"Dayton, OH",180125,7.22,1168,29,1259,2810
2021-09-01,"Dayton, OH",179950,5.88,1130,29,1200,2819
2021-08-01,"Dayton, OH",179000,8.48,1046,29,1242,2847
2021-07-01,"Dayton, OH",179000,5.29,1094,25,1296,2770
2021-06-01,"Dayton, OH",189000,12.53,1119,26,1224,2669
2021-05-01,"Dayton, OH",185000,17.83,1073,25,1132,2591
2021-04-01,"Dayton, OH",179000,14.74,1025,28,1160,2656
2021-03-01,"Dayton, OH",161950,5.85,1027,29,1117,2639
2021-02-01,"Dayton, OH",152500,11.72,1077,30,1067,2714
2021-01-01,"Dayton, OH",152000,16.07,1180,33,1144,2806
2020-12-01,"Dayton, OH",160000,20.57,1160,33,1185,2850
2020-11-01,"Dayton, OH",159950,14.66,1172,30,1281,2888
2020-10-01,"Dayton, OH",168000,20.86,1146,34,1293,2903
2020-09-01,"Dayton, OH",169950,13.3,1150,34,1270,2884
2020-08-01,"Dayton, OH",165000,17.86,1141,37,1211,2889
2020-07-01,"Dayton, OH",170000,9.68,1056,40,1167,2899
2020-06-01,"Dayton, OH",167950,3.51,977,44,1065,2928
2020-05-01,"Dayton, OH",157000,4.67,874,47,1002,2960
2020-04-01,"Dayton, OH",156000,12.23,794,45,783,2991
2020-03-01,"Dayton, OH",153000,22.5,1063,39,1080,3368
2020-02-01,"Dayton, OH",136500,5.04,1030,42,1174,3467
2020-01-01,"Dayton, OH",130950,14.87,977,41,1206,3437
2019-12-01,"Dayton, OH",132700,2.08,1041,40,1106,3394
2019-11-01,"Dayton, OH",139500,8.22,984,43,1052,3420
2019-10-01,"Dayton, OH",139000,7.84,1009,43,1132,3413
2019-09-01,"Dayton, OH",150000,11.11,977,42,1155,3434
2019-08-01,"Dayton, OH",140000,-1.23,969,43,1123,3447
2019-07-01,"Dayton, OH",155000,11.91,1038,44,1138,3564
2019-06-01,"Dayton, OH",162250,8.17,998,44,1185,3580
2019-05-01,"Dayton, OH",150000,10.29,1086,47,1173,3601
2019-04-01,"Dayton, OH",139000,7.88,1042,45,1162,3641
2019-03-01,"Dayton, OH",124900,3.01,964,49,1097,3680
2019-02-01,"Dayton, OH",129950,8.29,939,49,1093,3680
2019-01-01,"Dayton, OH",114000,-0.61,1035,50,1033,3809
2026-05-01,"Denver, CO",608125,1.37,3722,34,4380,16121
2026-04-01,"Denver, CO",600000,0,3660,33,4475,16291
2026-03-01,"Denver, CO",587115,-1.33,3653,34,4579,16407
2026-02-01,"Denver, CO",575000,-4.01,3631,38,4813,16350
2026-01-01,"Denver, CO",565000,-1.31,3349,41,4781,15841
2025-12-01,"Denver, CO",570000,-0.87,3600,38,4358,15814
2025-11-01,"Denver, CO",575000,-0.86,3477,39,4529,16096
2025-10-01,"Denver, CO",583000,-1.19,3490,37,4471,16158
2025-09-01,"Denver, CO",585000,1.74,3499,38,4509,16330
2025-08-01,"Denver, CO",585500,0.09,3448,37,4471,16497
2025-07-01,"Denver, CO",580000,-2.19,3375,37,4501,16870
2025-06-01,"Denver, CO",604250,0.71,3454,33,4600,17164
2025-05-01,"Denver, CO",599900,0.15,3506,30,4870,17242
2025-04-01,"Denver, CO",600000,0,3622,31,4964,16626
2025-03-01,"Denver, CO",595000,0.85,3712,34,5018,16144
2025-02-01,"Denver, CO",599000,4.17,3639,34,4781,15392
2025-01-01,"Denver, CO",572500,2.23,3763,34,4813,14861
2024-12-01,"Denver, CO",575000,4.55,3762,33,4790,14763
2024-11-01,"Denver, CO",580000,2.75,3694,30,4510,14732
2024-10-01,"Denver, CO",590000,2.86,3608,29,4771,14766
2024-09-01,"Denver, CO",575000,-0.86,3400,28,4732,14446
2024-08-01,"Denver, CO",585000,0.86,3471,27,4603,13870
2024-07-01,"Denver, CO",593000,0.53,3401,24,4492,13498
2024-06-01,"Denver, CO",600000,0.84,3449,25,4557,13230
2024-05-01,"Denver, CO",599000,1.53,3523,20,4653,12770
2024-04-01,"Denver, CO",600000,4.35,3499,19,4419,12178
2024-03-01,"Denver, CO",590000,4.42,3623,24,4261,11886
2024-02-01,"Denver, CO",575000,2.68,3698,27,4326,11951
2024-01-01,"Denver, CO",560000,4.67,3485,25,4282,11980
2023-12-01,"Denver, CO",550000,0,3317,24,4213,11867
2023-11-01,"Denver, CO",564500,0.8,3239,22,4355,11298
2023-10-01,"Denver, CO",573615,0.63,3243,19,4261,10675
2023-09-01,"Denver, CO",580000,0.87,3413,17,4220,10191
2023-08-01,"Denver, CO",579999,0.87,3577,15,4287,9652
2023-07-01,"Denver, CO",589900,-0.19,3646,16,4157,9283
2023-06-01,"Denver, CO",595000,-2.08,3522,14,4015,9190
2023-05-01,"Denver, CO",590000,-3.28,3570,15,3886,9244
2023-04-01,"Denver, CO",575000,-6.5,3715,18,3886,9824
2023-03-01,"Denver, CO",565000,-5.83,3762,21,4111,10405
2023-02-01,"Denver, CO",560000,-2.61,3739,27,4019,10786
2023-01-01,"Denver, CO",535000,-0.56,3533,26,4011,11307
2022-12-01,"Denver, CO",550000,1.76,3329,23,4089,11463
2022-11-01,"Denver, CO",560000,3.72,3456,21,4180,11296
2022-10-01,"Denver, CO",570000,7.55,3710,19,4223,10954
2022-09-01,"Denver, CO",575000,8.49,4090,18,4566,10975
2022-08-01,"Denver, CO",575000,8.29,3924,14,4570,11076
2022-07-01,"Denver, CO",591000,10.06,4109,11,5140,10910
2022-06-01,"Denver, CO",607657,12.33,4395,8,5252,10081
2022-05-01,"Denver, CO",610000,15.09,4857,9,5334,9740
2022-04-01,"Denver, CO",614950,18.26,4806,7,5461,9664
2022-03-01,"Denver, CO",600000,22.4,4575,6,5161,9072
2022-02-01,"Denver, CO",574995,22.86,4603,4,5146,8731
2022-01-01,"Denver, CO",538000,18.5,5167,4,5067,8721
2021-12-01,"Denver, CO",540500,19.58,5298,5,5634,8664
2021-11-01,"Denver, CO",539903,17.4,5893,5,5904,8825
2021-10-01,"Denver, CO",530000,12.96,5748,5,5711,9008
2021-09-01,"Denver, CO",530000,16.48,5451,5,5526,8989
2021-08-01,"Denver, CO",531000,16.96,5384,6,5619,8989
2021-07-01,"Denver, CO",537000,18.02,5432,7,5577,8814
2021-06-01,"Denver, CO",540950,22.94,5364,8,5701,8728
2021-05-01,"Denver, CO",530000,21.84,5056,9,5170,8617
2021-04-01,"Denver, CO",520000,19.54,4919,9,5156,9106
2021-03-01,"Denver, CO",490199,11.41,5108,7,5233,9655
2021-02-01,"Denver, CO",468000,10.12,5385,5,5438,10191
2021-01-01,"Denver, CO",454000,9.4,5362,5,5774,10389
2020-12-01,"Denver, CO",452000,9.61,5681,7,6187,10096
2020-11-01,"Denver, CO",459900,10.29,5887,6,5680,10007
2020-10-01,"Denver, CO",469212,12.58,6205,7,5977,10389
2020-09-01,"Denver, CO",455000,10.44,5956,8,5597,10499
2020-08-01,"Denver, CO",454000,8.1,5881,10,5814,11184
2020-07-01,"Denver, CO",455000,7.06,5938,14,5558,11682
2020-06-01,"Denver, CO",440000,4.02,4760,19,5211,12315
2020-05-01,"Denver, CO",435000,2.23,2994,23,5304,12806
2020-04-01,"Denver, CO",435000,4.82,3429,10,3276,10679
2020-03-01,"Denver, CO",440000,7.34,4600,14,5666,12740
2020-02-01,"Denver, CO",425000,6.28,4835,16,5441,12552
2020-01-01,"Denver, CO",415000,5.83,5031,21,5333,12647
2019-12-01,"Denver, CO",412381,4.4,5010,21,5356,12897
2019-11-01,"Denver, CO",417000,6.24,4651,20,5139,13003
2019-10-01,"Denver, CO",416770,4.45,4733,21,4992,13127
2019-09-01,"Denver, CO",412000,3.79,4757,21,5250,13421
2019-08-01,"Denver, CO",420000,4.48,4794,22,5182,13428
2019-07-01,"Denver, CO",425000,3.66,4743,21,5030,13566
2019-06-01,"Denver, CO",423000,1.93,4766,19,5328,13929
2019-05-01,"Denver, CO",425500,2.53,4715,18,5590,13946
2019-04-01,"Denver, CO",415000,0,4505,19,5461,13375
2019-03-01,"Denver, CO",409900,1.36,4521,19,5094,13074
2019-02-01,"Denver, CO",399900,-0.01,4590,21,5346,13344
2019-01-01,"Denver, CO",392125,3.22,4499,22,5397,13282
2026-05-01,"Des Moines, IA",305060,-0.14,1035,43,1180,4476
2026-04-01,"Des Moines, IA",297000,-1,1027,45,1154,4513
2026-03-01,"Des Moines, IA",315000,5.35,1021,70,1142,4579
2026-02-01,"Des Moines, IA",292000,1.57,1024,55,1249,4598
2026-01-01,"Des Moines, IA",295500,1.03,898,48,1144,4523
2025-12-01,"Des Moines, IA",294250,0.34,982,46,1057,4532
2025-11-01,"Des Moines, IA",300000,1.9,998,49,1181,4547
2025-10-01,"Des Moines, IA",312000,5.94,945,47,1426,4504
2025-09-01,"Des Moines, IA",305000,1.67,941,46,1180,4380
2025-08-01,"Des Moines, IA",304900,4.24,956,46,1086,4368
2025-07-01,"Des Moines, IA",300000,0,901,44,1124,4321
2025-06-01,"Des Moines, IA",313500,1.13,960,41,1036,4273
2025-05-01,"Des Moines, IA",305500,1.83,979,41,1157,4341
2025-04-01,"Des Moines, IA",300000,5.08,976,46,1181,4244
2025-03-01,"Des Moines, IA",299000,4.36,1009,47,1066,4138
2025-02-01,"Des Moines, IA",287500,8.49,966,38,1077,4182
2025-01-01,"Des Moines, IA",292500,8.33,954,39,1218,4217
2024-12-01,"Des Moines, IA",293250,4.73,970,36,1186,4078
2024-11-01,"Des Moines, IA",294400,7.05,962,35,1133,4028
2024-10-01,"Des Moines, IA",294500,4.8,967,36,1173,4029
2024-09-01,"Des Moines, IA",300000,3.45,879,35,1214,3989
2024-08-01,"Des Moines, IA",292500,0.86,864,37,1092,3783
2024-07-01,"Des Moines, IA",300000,2.39,894,36,994,3717
2024-06-01,"Des Moines, IA",310000,6.9,845,38,1054,3703
2024-05-01,"Des Moines, IA",300000,2.74,920,34,1007,3584
2024-04-01,"Des Moines, IA",285500,1.97,952,34,1025,3587
2024-03-01,"Des Moines, IA",286500,4.18,962,33,1129,3593
2024-02-01,"Des Moines, IA",265000,6,879,30,1061,3504
2024-01-01,"Des Moines, IA",270000,1.89,926,25,939,3473
2023-12-01,"Des Moines, IA",280000,4.09,849,28,1079,3511
2023-11-01,"Des Moines, IA",275000,10,854,29,1100,3416
2023-10-01,"Des Moines, IA",281000,6.04,862,26,1031,3360
2023-09-01,"Des Moines, IA",290000,5.45,917,26,1003,3325
2023-08-01,"Des Moines, IA",290000,7.41,939,25,1037,3332
2023-07-01,"Des Moines, IA",293000,5.57,892,27,1057,3361
2023-06-01,"Des Moines, IA",290000,1.47,931,23,1058,3346
2023-05-01,"Des Moines, IA",292000,6.18,899,28,1078,3325
2023-04-01,"Des Moines, IA",279990,4.87,952,25,980,3322
2023-03-01,"Des Moines, IA",275000,3.09,954,22,1001,3363
2023-02-01,"Des Moines, IA",250000,6.1,972,28,985,3375
2023-01-01,"Des Moines, IA",265000,3.92,910,32,1041,3616
2022-12-01,"Des Moines, IA",269000,6.11,867,24,916,3423
2022-11-01,"Des Moines, IA",250000,-2.34,945,21,1141,3483
2022-10-01,"Des Moines, IA",265000,2.91,995,26,1126,3395
2022-09-01,"Des Moines, IA",275000,3.77,1075,22,1133,3397
2022-08-01,"Des Moines, IA",270000,5.47,1089,21,1115,3428
2022-07-01,"Des Moines, IA",277540,11.02,1055,21,1272,3383
2022-06-01,"Des Moines, IA",285813,13.37,1150,20,1230,3328
2022-05-01,"Des Moines, IA",275000,12.35,1122,19,1177,3296
2022-04-01,"Des Moines, IA",267000,9,1166,13,1234,3297
2022-03-01,"Des Moines, IA",266750,14.12,1259,10,1201,3348
2022-02-01,"Des Moines, IA",235625,4.72,1271,13,1403,3389
2022-01-01,"Des Moines, IA",255000,8.51,1446,13,1282,3431
2021-12-01,"Des Moines, IA",253500,7.87,1291,17,1486,3411
2021-11-01,"Des Moines, IA",255990,11.3,1391,19,1407,3437
2021-10-01,"Des Moines, IA",257500,10.75,1354,18,1357,3459
2021-09-01,"Des Moines, IA",265000,17.78,1328,22,1287,3517
2021-08-01,"Des Moines, IA",256000,7.79,1302,21,1334,3618
2021-07-01,"Des Moines, IA",250000,8.7,1287,20,1261,3499
2021-06-01,"Des Moines, IA",252112,12.05,1230,19,1321,3637
2021-05-01,"Des Moines, IA",244775,10.26,1207,20,1295,3653
2021-04-01,"Des Moines, IA",244950,13.4,1148,17,1362,3773
2021-03-01,"Des Moines, IA",233750,8.03,1264,12,1343,3787
2021-02-01,"Des Moines, IA",225000,15.98,1240,16,1356,3756
2021-01-01,"Des Moines, IA",235000,11.9,1352,24,1350,3834
2020-12-01,"Des Moines, IA",235000,9.3,1438,27,1416,3775
2020-11-01,"Des Moines, IA",230000,9.52,1405,25,1361,3824
2020-10-01,"Des Moines, IA",232500,18.38,1369,26,1444,3911
2020-09-01,"Des Moines, IA",225000,4.65,1351,31,1347,3916
2020-08-01,"Des Moines, IA",237500,8.45,1346,37,1370,3978
2020-07-01,"Des Moines, IA",230000,6.98,1308,38,1402,4125
2020-06-01,"Des Moines, IA",225000,0.22,1112,45,1304,4241
2020-05-01,"Des Moines, IA",222000,4.72,970,42,1210,4255
2020-04-01,"Des Moines, IA",216000,5.37,990,37,980,4183
2020-03-01,"Des Moines, IA",216375,3.9,1059,39,1294,4604
2020-02-01,"Des Moines, IA",194000,0,1110,48,1177,4555
2020-01-01,"Des Moines, IA",210000,8.53,1083,44,1168,4472
2019-12-01,"Des Moines, IA",215000,12.98,1090,40,1272,4452
2019-11-01,"Des Moines, IA",210000,5.53,1035,38,1242,4428
2019-10-01,"Des Moines, IA",196400,3.37,1042,39,1128,4425
2019-09-01,"Des Moines, IA",215000,7.5,1083,41,1268,4436
2019-08-01,"Des Moines, IA",219000,5.93,1078,34,1321,4370
2019-07-01,"Des Moines, IA",215000,5.42,1047,38,1292,4283
2019-06-01,"Des Moines, IA",224500,8.22,1037,37,1204,4122
2019-05-01,"Des Moines, IA",212000,5.15,1018,34,1270,4105
2019-04-01,"Des Moines, IA",205000,3.02,1017,38,1237,4070
2019-03-01,"Des Moines, IA",208250,7.76,923,40,987,3986
2019-02-01,"Des Moines, IA",194000,2.92,983,33,978,4121
2019-01-01,"Des Moines, IA",193500,5.26,958,34,1081,4322
2026-05-01,"Detroit, MI",224308,4.33,1435,29,2140,7341
2026-04-01,"Detroit, MI",210000,8.81,1462,29,2191,7334
2026-03-01,"Detroit, MI",200000,11.11,1498,31,2130,7175
2026-02-01,"Detroit, MI",179950,1.97,1593,33,2183,7189
2026-01-01,"Detroit, MI",176000,1.15,1553,34,2160,7241
2025-12-01,"Detroit, MI",191000,6.7,1531,29,2058,7149
2025-11-01,"Detroit, MI",205000,7.89,1573,28,2191,7258
2025-10-01,"Detroit, MI",203000,6.84,1549,29,2188,7172
2025-09-01,"Detroit, MI",208000,5.32,1525,27,2236,7053
2025-08-01,"Detroit, MI",215000,7.5,1561,28,2195,6825
2025-07-01,"Detroit, MI",217000,3.33,1588,26,2151,6659
2025-06-01,"Detroit, MI",214200,7.64,1596,25,2095,6593
2025-05-01,"Detroit, MI",215000,7.5,1668,26,2115,6620
2025-04-01,"Detroit, MI",193000,1.58,1631,26,2178,6578
2025-03-01,"Detroit, MI",180000,2.86,1615,25,2213,6453
2025-02-01,"Detroit, MI",176473,10.3,1643,26,2108,6326
2025-01-01,"Detroit, MI",174000,2.35,1590,23,2096,6231
2024-12-01,"Detroit, MI",179000,5.64,1642,24,2145,6212
2024-11-01,"Detroit, MI",190000,10.47,1685,24,2055,6101
2024-10-01,"Detroit, MI",190000,5.56,1603,24,2086,6114
2024-09-01,"Detroit, MI",197500,7.98,1630,26,2044,6091
2024-08-01,"Detroit, MI",200000,5.26,1541,24,2020,6060
2024-07-01,"Detroit, MI",210000,13.51,1555,25,2018,6035
2024-06-01,"Detroit, MI",199000,7.57,1649,25,2022,6099
2024-05-01,"Detroit, MI",200000,11.11,1610,25,2028,6172
2024-04-01,"Detroit, MI",190000,13.1,1674,22,2045,6240
2024-03-01,"Detroit, MI",175000,9.38,1645,20,2057,6277
2024-02-01,"Detroit, MI",160000,0,1601,16,2084,6153
2024-01-01,"Detroit, MI",170000,13.33,1666,22,2112,6068
2023-12-01,"Detroit, MI",169450,4.6,1554,21,2256,6178
2023-11-01,"Detroit, MI",172000,-0.58,1602,18,2146,5905
2023-10-01,"Detroit, MI",180000,0.06,1568,19,2085,5685
2023-09-01,"Detroit, MI",182904,-1.13,1603,19,2042,5580
2023-08-01,"Detroit, MI",190000,2.7,1645,22,1963,5579
2023-07-01,"Detroit, MI",185000,-7.5,1612,21,1991,5765
2023-06-01,"Detroit, MI",185000,-9.76,1600,22,1938,5737
2023-05-01,"Detroit, MI",180000,-3.74,1639,23,1998,5872
2023-04-01,"Detroit, MI",168000,-4,1618,25,1933,6014
2023-03-01,"Detroit, MI",160000,-3.03,1727,28,2017,6227
2023-02-01,"Detroit, MI",160000,-3.03,1657,24,2054,6375
2023-01-01,"Detroit, MI",150000,-8.26,1580,24,2090,6454
2022-12-01,"Detroit, MI",162000,-6.63,1606,24,2096,6437
2022-11-01,"Detroit, MI",173000,-3.35,1523,27,2057,6434
2022-10-01,"Detroit, MI",179900,2.8,1663,22,2126,6507
2022-09-01,"Detroit, MI",185000,0,1702,24,2108,6379
2022-08-01,"Detroit, MI",185000,2.78,1647,21,2156,6406
2022-07-01,"Detroit, MI",200000,6.1,1744,21,2284,6404
2022-06-01,"Detroit, MI",205000,12.02,1761,19,2436,6243
2022-05-01,"Detroit, MI",187000,4.76,1857,17,2389,6020
2022-04-01,"Detroit, MI",175000,0,1909,15,2344,5831
2022-03-01,"Detroit, MI",165000,3.13,1835,9,2363,5825
2022-02-01,"Detroit, MI",165000,8.2,1820,10,2341,5694
2022-01-01,"Detroit, MI",163500,5.48,2010,13,2244,5605
2021-12-01,"Detroit, MI",173500,11.94,2002,15,2180,5742
2021-11-01,"Detroit, MI",179000,11.87,2020,16,2434,5935
2021-10-01,"Detroit, MI",175000,9.72,1981,19,2319,5837
2021-09-01,"Detroit, MI",185000,12.12,2001,18,2362,5878
2021-08-01,"Detroit, MI",180000,12.5,1935,17,2434,5696
2021-07-01,"Detroit, MI",188500,15.64,1850,18,2339,5502
2021-06-01,"Detroit, MI",183000,16.93,1911,17,2269,5370
2021-05-01,"Detroit, MI",178500,32.22,1884,18,2243,5346
2021-04-01,"Detroit, MI",175000,11.46,1836,15,2150,5244
2021-03-01,"Detroit, MI",160000,14.29,1909,14,2236,5251
2021-02-01,"Detroit, MI",152500,17.99,1941,15,2120,5295
2021-01-01,"Detroit, MI",155000,24,1938,15,2235,5481
2020-12-01,"Detroit, MI",155000,14.81,2052,15,2222,5334
2020-11-01,"Detroit, MI",160000,14.29,2094,18,2140,5454
2020-10-01,"Detroit, MI",159500,13.93,2143,18,2215,5659
2020-09-01,"Detroit, MI",165000,13.79,1984,22,2275,5831
2020-08-01,"Detroit, MI",160000,10.34,2115,23,2147,6043
2020-07-01,"Detroit, MI",163000,12.49,2054,27,2187,6434
2020-06-01,"Detroit, MI",156500,7.93,1415,33,2090,6736
2020-05-01,"Detroit, MI",135000,-4.93,729,46,2064,6850
2020-04-01,"Detroit, MI",157000,24.6,1094,25,492,5665
2020-03-01,"Detroit, MI",140000,11.11,1710,27,2048,7187
2020-02-01,"Detroit, MI",129250,3.48,1805,31,2265,7428
2020-01-01,"Detroit, MI",125000,4.17,1723,29,2340,7524
2019-12-01,"Detroit, MI",135000,9.76,1821,27,2243,7427
2019-11-01,"Detroit, MI",140000,12,1708,25,2215,7536
2019-10-01,"Detroit, MI",140000,7.69,1758,30,2260,7682
2019-09-01,"Detroit, MI",145000,11.54,1789,27,2335,7853
2019-08-01,"Detroit, MI",145000,7.41,1774,27,2372,7881
2019-07-01,"Detroit, MI",144900,2.04,1849,25,2349,7738
2019-06-01,"Detroit, MI",145000,6.23,1790,25,2473,7771
2019-05-01,"Detroit, MI",142000,4.49,1854,25,2452,7654
2019-04-01,"Detroit, MI",126000,0.8,1860,32,2527,7675
2019-03-01,"Detroit, MI",126000,5,1796,29,2376,7601
2019-02-01,"Detroit, MI",124900,8.61,1768,28,2382,7587
2019-01-01,"Detroit, MI",120000,0.84,1739,23,2274,7533
2026-05-01,"El Paso, TX",275102,3.83,794,56,920,3618
2026-04-01,"El Paso, TX",274950,3.77,762,52,841,3669
2026-03-01,"El Paso, TX",274950,3.95,787,58,1022,3822
2026-02-01,"El Paso, TX",274950,3.75,752,66,919,3777
2026-01-01,"El Paso, TX",269925,1.87,777,59,863,3882
2025-12-01,"El Paso, TX",274950,1.85,720,63,929,3913
2025-11-01,"El Paso, TX",265000,-0.73,718,60,805,3906
2025-10-01,"El Paso, TX",272950,3,711,56,920,4010
2025-09-01,"El Paso, TX",265950,1.08,758,52,871,4012
2025-08-01,"El Paso, TX",269950,2.66,693,54,1081,4134
2025-07-01,"El Paso, TX",265000,0,718,56,922,4001
2025-06-01,"El Paso, TX",269190,3.4,709,56,870,3936
2025-05-01,"El Paso, TX",264950,-0.02,770,54,1023,3955
2025-04-01,"El Paso, TX",264950,1.92,726,53,945,3863
2025-03-01,"El Paso, TX",264500,5.02,744,48,920,3831
2025-02-01,"El Paso, TX",265000,3.54,814,55,1052,3821
2025-01-01,"El Paso, TX",264975,2.7,682,51,1001,3693
2024-12-01,"El Paso, TX",269950,3.85,728,44,874,3617
2024-11-01,"El Paso, TX",266950,5.74,809,48,928,3616
2024-10-01,"El Paso, TX",265000,1.92,736,46,917,3567
2024-09-01,"El Paso, TX",263100,3.18,669,44,960,3591
2024-08-01,"El Paso, TX",262950,3.23,679,44,924,3447
2024-07-01,"El Paso, TX",265000,6.02,710,43,840,3468
2024-06-01,"El Paso, TX",260350,0.13,734,40,833,3455
2024-05-01,"El Paso, TX",265000,3.83,733,41,951,3545
2024-04-01,"El Paso, TX",259950,3.98,698,43,1003,3573
2024-03-01,"El Paso, TX",251850,0.74,678,42,915,3394
2024-02-01,"El Paso, TX",255950,5.79,690,46,877,3351
2024-01-01,"El Paso, TX",258000,9.79,662,41,945,3305
2023-12-01,"El Paso, TX",259950,5.25,681,40,874,3238
2023-11-01,"El Paso, TX",252450,2.42,629,34,963,3221
2023-10-01,"El Paso, TX",260000,8.33,658,37,877,3068
2023-09-01,"El Paso, TX",255000,4.1,673,36,846,2958
2023-08-01,"El Paso, TX",254725,6.14,701,31,810,2907
2023-07-01,"El Paso, TX",249950,4.15,721,33,850,2916
2023-06-01,"El Paso, TX",260000,9.24,699,33,854,2962
2023-05-01,"El Paso, TX",255225,7.69,685,39,886,2950
2023-04-01,"El Paso, TX",250000,7.32,729,37,864,2899
2023-03-01,"El Paso, TX",250000,11.11,730,36,772,2881
2023-02-01,"El Paso, TX",241950,7.53,734,33,740,2936
2023-01-01,"El Paso, TX",235000,9.3,697,32,828,3005
2022-12-01,"El Paso, TX",246975,13.33,723,31,857,2955
2022-11-01,"El Paso, TX",246475,17.37,719,31,899,2901
2022-10-01,"El Paso, TX",240000,18.23,718,31,904,2805
2022-09-01,"El Paso, TX",244950,22.48,824,37,854,2732
2022-08-01,"El Paso, TX",240000,14.31,798,28,897,2808
2022-07-01,"El Paso, TX",240000,15.38,774,24,946,2777
2022-06-01,"El Paso, TX",238000,19.03,798,20,1058,2680
2022-05-01,"El Paso, TX",237000,21.54,828,21,977,2473
2022-04-01,"El Paso, TX",232950,22,841,22,870,2374
2022-03-01,"El Paso, TX",225000,21.62,856,21,932,2425
2022-02-01,"El Paso, TX",225000,19.86,960,26,827,2370
2022-01-01,"El Paso, TX",215000,16.25,942,24,901,2525
2021-12-01,"El Paso, TX",217928,17.94,930,28,998,2578
2021-11-01,"El Paso, TX",209995,16.05,924,27,950,2666
2021-10-01,"El Paso, TX",203000,11.23,913,30,888,2746
2021-09-01,"El Paso, TX",200000,9.32,888,25,1003,2861
2021-08-01,"El Paso, TX",209950,15.39,895,26,965,2936
2021-07-01,"El Paso, TX",208000,16.23,824,26,1023,2974
2021-06-01,"El Paso, TX",199950,14.58,856,25,1104,3000
2021-05-01,"El Paso, TX",195000,14.71,822,27,899,2901
2021-04-01,"El Paso, TX",190950,15.55,867,26,951,3002
2021-03-01,"El Paso, TX",185000,10.15,891,32,941,3070
2021-02-01,"El Paso, TX",187725,13.12,920,26,1046,3152
2021-01-01,"El Paso, TX",184950,14.17,1000,33,950,3194
2020-12-01,"El Paso, TX",184772,8.69,937,33,1107,3272
2020-11-01,"El Paso, TX",180950,7.91,954,35,1019,3221
2020-10-01,"El Paso, TX",182500,12.65,958,37,967,3296
2020-09-01,"El Paso, TX",182950,10.88,978,37,1020,3429
2020-08-01,"El Paso, TX",181950,10.27,907,52,1181,3473
2020-07-01,"El Paso, TX",178950,8.52,868,47,960,3360
2020-06-01,"El Paso, TX",174500,5.76,790,63,962,3529
2020-05-01,"El Paso, TX",170000,4.29,669,55,842,3689
2020-04-01,"El Paso, TX",165250,3.61,687,54,702,3743
2020-03-01,"El Paso, TX",167950,8.35,724,46,908,3892
2020-02-01,"El Paso, TX",165950,3.4,747,47,996,3981
2020-01-01,"El Paso, TX",162000,8.07,861,51,1071,3967
2019-12-01,"El Paso, TX",170000,7.63,752,55,973,3796
2019-11-01,"El Paso, TX",167692,8.22,770,55,871,3794
2019-10-01,"El Paso, TX",162000,4.21,766,51,964,3879
2019-09-01,"El Paso, TX",165000,6.45,688,52,967,3813
2019-08-01,"El Paso, TX",165000,6.75,776,48,925,3797
2019-07-01,"El Paso, TX",164900,4.23,708,50,1016,3843
2019-06-01,"El Paso, TX",165000,6.45,729,51,1010,3792
2019-05-01,"El Paso, TX",163000,5.88,836,54,898,3757
2019-04-01,"El Paso, TX",159500,3.2,766,58,962,3835
2019-03-01,"El Paso, TX",155000,3.33,765,57,909,3789
2019-02-01,"El Paso, TX",160500,10.69,727,55,914,3870
2019-01-01,"El Paso, TX",149900,2.67,725,63,864,3916
2026-05-01,"Elgin, IL",393786,7.59,851,57,1009,3359
2026-04-01,"Elgin, IL",385000,7.39,822,53,973,3261
2026-03-01,"Elgin, IL",366640,5.81,860,54,1003,3211
2026-02-01,"Elgin, IL",366840,9.34,811,60,980,3106
2026-01-01,"Elgin, IL",355500,5.8,775,56,913,3037
2025-12-01,"Elgin, IL",368000,10.18,824,55,897,3038
2025-11-01,"Elgin, IL",369995,8.82,794,55,892,3065
2025-10-01,"Elgin, IL",375000,7.45,778,54,936,3024
2025-09-01,"Elgin, IL",365000,4.29,760,56,900,2949
2025-08-01,"Elgin, IL",370000,2.78,768,53,910,2917
2025-07-01,"Elgin, IL",377550,1.49,779,55,911,2886
2025-06-01,"Elgin, IL",386500,7.36,763,52,886,2820
2025-05-01,"Elgin, IL",366000,0.76,764,54,889,2794
2025-04-01,"Elgin, IL",358500,2.43,790,51,896,2802
2025-03-01,"Elgin, IL",346500,0.46,726,49,887,2818
2025-02-01,"Elgin, IL",335500,1.61,836,47,879,2858
2025-01-01,"Elgin, IL",336000,5.99,857,51,896,2889
2024-12-01,"Elgin, IL",334000,10.6,769,51,947,2880
2024-11-01,"Elgin, IL",340000,3.03,808,51,891,2799
2024-10-01,"Elgin, IL",349000,5.76,777,52,886,2766
2024-09-01,"Elgin, IL",349990,6.06,743,51,857,2697
2024-08-01,"Elgin, IL",360000,5.88,756,52,847,2620
2024-07-01,"Elgin, IL",372000,12.73,733,52,830,2604
2024-06-01,"Elgin, IL",360000,5.88,722,53,828,2583
2024-05-01,"Elgin, IL",363250,10.08,737,53,850,2601
2024-04-01,"Elgin, IL",350000,7.69,747,51,818,2617
2024-03-01,"Elgin, IL",344900,11.26,760,48,836,2613
2024-02-01,"Elgin, IL",330173,15.85,705,49,828,2582
2024-01-01,"Elgin, IL",317000,9.31,721,49,816,2607
2023-12-01,"Elgin, IL",302000,3.78,718,46,803,2658
2023-11-01,"Elgin, IL",330000,10.37,759,49,890,2611
2023-10-01,"Elgin, IL",330000,10.37,739,49,815,2511
2023-09-01,"Elgin, IL",329990,10.71,742,48,859,2464
2023-08-01,"Elgin, IL",340000,9.68,750,50,806,2407
2023-07-01,"Elgin, IL",330000,6.45,720,53,805,2347
2023-06-01,"Elgin, IL",340000,7.94,720,53,798,2370
2023-05-01,"Elgin, IL",330000,6.45,708,51,770,2403
2023-04-01,"Elgin, IL",325000,6.56,746,56,805,2494
2023-03-01,"Elgin, IL",310000,6.9,770,49,770,2528
2023-02-01,"Elgin, IL",285000,2.89,823,51,828,2759
2023-01-01,"Elgin, IL",290000,10.27,758,55,839,2856
2022-12-01,"Elgin, IL",291000,8.48,758,51,850,2879
2022-11-01,"Elgin, IL",299000,4.91,758,53,840,2870
2022-10-01,"Elgin, IL",299000,10.74,860,52,857,2947
2022-09-01,"Elgin, IL",298075,9.59,895,54,896,3056
2022-08-01,"Elgin, IL",310000,10.71,878,53,929,3107
2022-07-01,"Elgin, IL",310000,6.68,929,56,972,3238
2022-06-01,"Elgin, IL",315000,10.53,928,54,1081,3333
2022-05-01,"Elgin, IL",310000,12.73,989,51,1061,3204
2022-04-01,"Elgin, IL",305000,8.93,953,48,1103,3158
2022-03-01,"Elgin, IL",290000,7.79,988,44,1057,3119
2022-02-01,"Elgin, IL",277000,14.23,1038,33,1091,2977
2022-01-01,"Elgin, IL",263000,2.24,1120,14,1141,2764
2021-12-01,"Elgin, IL",268250,8.41,1174,14,1198,2587
2021-11-01,"Elgin, IL",285000,9.62,1169,13,1235,2562
2021-10-01,"Elgin, IL",270000,3.85,1198,11,1211,2514
2021-09-01,"Elgin, IL",272000,8.75,1172,10,1197,2487
2021-08-01,"Elgin, IL",280000,10.89,1175,9,1252,2519
2021-07-01,"Elgin, IL",290584,14.09,1130,7,1261,2376
2021-06-01,"Elgin, IL",285000,14.05,1158,7,1188,2230
2021-05-01,"Elgin, IL",275000,14.14,1071,6,1269,2358
2021-04-01,"Elgin, IL",279995,17.15,1090,7,1204,2397
2021-03-01,"Elgin, IL",269050,15.63,1104,13,1218,2448
2021-02-01,"Elgin, IL",242500,11.75,1085,15,1133,2578
2021-01-01,"Elgin, IL",257250,13.33,1178,15,1212,2904
2020-12-01,"Elgin, IL",247450,15.09,1194,16,1309,2718
2020-11-01,"Elgin, IL",260000,10.64,1321,15,1173,2684
2020-10-01,"Elgin, IL",260000,13.04,1292,17,1264,2765
2020-09-01,"Elgin, IL",250125,16.34,1273,19,1253,2779
2020-08-01,"Elgin, IL",252500,6.54,1207,19,1222,2865
2020-07-01,"Elgin, IL",254700,11.38,1181,29,1214,2991
2020-06-01,"Elgin, IL",249900,4.13,869,35,1116,3089
2020-05-01,"Elgin, IL",240932,4.75,744,37,1008,3153
2020-04-01,"Elgin, IL",239000,2.58,935,65,711,3651
2020-03-01,"Elgin, IL",232685,4.7,1009,72,1124,4935
2020-02-01,"Elgin, IL",217000,0.93,978,78,1218,4912
2020-01-01,"Elgin, IL",227000,8.1,925,79,1248,4915
2019-12-01,"Elgin, IL",215000,0.47,921,77,1107,4953
2019-11-01,"Elgin, IL",235000,8.29,897,74,1110,4991
2019-10-01,"Elgin, IL",230000,7.6,841,74,1109,5025
2019-09-01,"Elgin, IL",215000,0,908,71,1106,5109
2019-08-01,"Elgin, IL",237000,4.87,983,72,1150,5132
2019-07-01,"Elgin, IL",228667,-0.58,1003,71,1115,5092
2019-06-01,"Elgin, IL",240000,2.13,1008,68,1242,5108
2019-05-01,"Elgin, IL",230000,-1.08,991,68,1263,5006
2019-04-01,"Elgin, IL",233000,1.3,977,63,1221,4880
2019-03-01,"Elgin, IL",222250,4.83,900,76,1244,4737
2019-02-01,"Elgin, IL",215000,2.63,926,76,1138,4685
2019-01-01,"Elgin, IL",210000,0,875,66,1094,4701
2026-05-01,"Fort Lauderdale, FL",NA,NA,NA,NA,NA,NA
2026-04-01,"Fort Lauderdale, FL",NA,NA,NA,NA,NA,NA
2026-03-01,"Fort Lauderdale, FL",NA,NA,NA,NA,NA,NA
2026-02-01,"Fort Lauderdale, FL",NA,NA,NA,NA,NA,NA
2026-01-01,"Fort Lauderdale, FL",NA,NA,NA,NA,NA,NA
2025-12-01,"Fort Lauderdale, FL",NA,NA,NA,NA,NA,NA
2025-11-01,"Fort Lauderdale, FL",NA,NA,NA,NA,NA,NA
2025-10-01,"Fort Lauderdale, FL",NA,NA,NA,NA,NA,NA
2025-09-01,"Fort Lauderdale, FL",NA,NA,NA,NA,NA,NA
2025-08-01,"Fort Lauderdale, FL",NA,NA,NA,NA,NA,NA
2025-07-01,"Fort Lauderdale, FL",NA,NA,NA,NA,NA,NA
2025-06-01,"Fort Lauderdale, FL",NA,NA,NA,NA,NA,NA
2025-05-01,"Fort Lauderdale, FL",NA,NA,NA,NA,NA,NA
2025-04-01,"Fort Lauderdale, FL",NA,NA,NA,NA,NA,NA
2025-03-01,"Fort Lauderdale, FL",NA,NA,NA,NA,NA,NA
2025-02-01,"Fort Lauderdale, FL",NA,NA,NA,NA,NA,NA
2025-01-01,"Fort Lauderdale, FL",NA,NA,NA,NA,NA,NA
2024-12-01,"Fort Lauderdale, FL",NA,NA,NA,NA,NA,NA
2024-11-01,"Fort Lauderdale, FL",NA,NA,NA,NA,NA,NA
2024-10-01,"Fort Lauderdale, FL",NA,NA,NA,NA,NA,NA
2024-09-01,"Fort Lauderdale, FL",NA,NA,NA,NA,NA,NA
2024-08-01,"Fort Lauderdale, FL",NA,NA,NA,NA,NA,NA
2024-07-01,"Fort Lauderdale, FL",NA,NA,NA,NA,NA,NA
2024-06-01,"Fort Lauderdale, FL",NA,NA,NA,NA,NA,NA
2024-05-01,"Fort Lauderdale, FL",NA,NA,NA,NA,NA,NA
2024-04-01,"Fort Lauderdale, FL",NA,NA,NA,NA,NA,NA
2024-03-01,"Fort Lauderdale, FL",NA,NA,NA,NA,NA,NA
2024-02-01,"Fort Lauderdale, FL",NA,NA,NA,NA,NA,NA
2024-01-01,"Fort Lauderdale, FL",NA,NA,NA,NA,NA,NA
2023-12-01,"Fort Lauderdale, FL",NA,NA,NA,NA,NA,NA
2023-11-01,"Fort Lauderdale, FL",NA,NA,NA,NA,NA,NA
2023-10-01,"Fort Lauderdale, FL",NA,NA,NA,NA,NA,NA
2023-09-01,"Fort Lauderdale, FL",NA,NA,NA,NA,NA,NA
2023-08-01,"Fort Lauderdale, FL",NA,NA,NA,NA,NA,NA
2023-07-01,"Fort Lauderdale, FL",NA,NA,NA,NA,NA,NA
2023-06-01,"Fort Lauderdale, FL",NA,NA,NA,NA,NA,NA
2023-05-01,"Fort Lauderdale, FL",NA,NA,NA,NA,NA,NA
2023-04-01,"Fort Lauderdale, FL",NA,NA,NA,NA,NA,NA
2023-03-01,"Fort Lauderdale, FL",NA,NA,NA,NA,NA,NA
2023-02-01,"Fort Lauderdale, FL",NA,NA,NA,NA,NA,NA
2023-01-01,"Fort Lauderdale, FL",NA,NA,NA,NA,NA,NA
2022-12-01,"Fort Lauderdale, FL",NA,NA,NA,NA,NA,NA
2022-11-01,"Fort Lauderdale, FL",NA,NA,NA,NA,NA,NA
2022-10-01,"Fort Lauderdale, FL",NA,NA,NA,NA,NA,NA
2022-09-01,"Fort Lauderdale, FL",NA,NA,NA,NA,NA,NA
2022-08-01,"Fort Lauderdale, FL",NA,NA,NA,NA,NA,NA
2022-07-01,"Fort Lauderdale, FL",NA,NA,NA,NA,NA,NA
2022-06-01,"Fort Lauderdale, FL",NA,NA,NA,NA,NA,NA
2022-05-01,"Fort Lauderdale, FL",NA,NA,NA,NA,NA,NA
2022-04-01,"Fort Lauderdale, FL",NA,NA,NA,NA,NA,NA
2022-03-01,"Fort Lauderdale, FL",NA,NA,NA,NA,NA,NA
2022-02-01,"Fort Lauderdale, FL",NA,NA,NA,NA,NA,NA
2022-01-01,"Fort Lauderdale, FL",NA,NA,NA,NA,NA,NA
2021-12-01,"Fort Lauderdale, FL",NA,NA,NA,NA,NA,NA
2021-11-01,"Fort Lauderdale, FL",NA,NA,NA,NA,NA,NA
2021-10-01,"Fort Lauderdale, FL",NA,NA,NA,NA,NA,NA
2021-09-01,"Fort Lauderdale, FL",NA,NA,NA,NA,NA,NA
2021-08-01,"Fort Lauderdale, FL",NA,NA,NA,NA,NA,NA
2021-07-01,"Fort Lauderdale, FL",NA,NA,NA,NA,NA,NA
2021-06-01,"Fort Lauderdale, FL",NA,NA,NA,NA,NA,NA
2021-05-01,"Fort Lauderdale, FL",NA,NA,NA,NA,NA,NA
2021-04-01,"Fort Lauderdale, FL",NA,NA,NA,NA,NA,NA
2021-03-01,"Fort Lauderdale, FL",NA,NA,NA,NA,NA,NA
2021-02-01,"Fort Lauderdale, FL",NA,NA,NA,NA,NA,NA
2021-01-01,"Fort Lauderdale, FL",NA,NA,NA,NA,NA,NA
2020-12-01,"Fort Lauderdale, FL",NA,NA,NA,NA,NA,NA
2020-11-01,"Fort Lauderdale, FL",NA,NA,NA,NA,NA,NA
2020-10-01,"Fort Lauderdale, FL",NA,NA,NA,NA,NA,NA
2020-09-01,"Fort Lauderdale, FL",NA,NA,NA,NA,NA,NA
2020-08-01,"Fort Lauderdale, FL",NA,NA,NA,NA,NA,NA
2020-07-01,"Fort Lauderdale, FL",NA,NA,NA,NA,NA,NA
2020-06-01,"Fort Lauderdale, FL",NA,NA,NA,NA,NA,NA
2020-05-01,"Fort Lauderdale, FL",NA,NA,NA,NA,NA,NA
2020-04-01,"Fort Lauderdale, FL",NA,NA,NA,NA,NA,NA
2020-03-01,"Fort Lauderdale, FL",NA,NA,NA,NA,NA,NA
2020-02-01,"Fort Lauderdale, FL",NA,NA,NA,NA,NA,NA
2020-01-01,"Fort Lauderdale, FL",NA,NA,NA,NA,NA,NA
2019-12-01,"Fort Lauderdale, FL",280000,7.92,1675,69,2052,9951
2019-11-01,"Fort Lauderdale, FL",275500,10.2,1586,68,2142,10010
2019-10-01,"Fort Lauderdale, FL",275000,7.84,1597,62,2152,9803
2019-09-01,"Fort Lauderdale, FL",260000,0,1678,61,2221,9666
2019-08-01,"Fort Lauderdale, FL",274500,7.23,1615,59,2086,9578
2019-07-01,"Fort Lauderdale, FL",280000,7.73,1692,58,2146,9740
2019-06-01,"Fort Lauderdale, FL",275000,-2.48,1654,60,2285,9965
2019-05-01,"Fort Lauderdale, FL",272500,4.81,1730,60,2276,10124
2019-04-01,"Fort Lauderdale, FL",262650,3.41,1591,57,2360,10183
2019-03-01,"Fort Lauderdale, FL",268000,4.08,1550,55,2362,10133
2019-02-01,"Fort Lauderdale, FL",257000,6.13,1535,62,2330,10097
2019-01-01,"Fort Lauderdale, FL",255000,4.08,1508,59,2287,10010
2026-05-01,"Fort Worth, TX",362881,-0.03,2534,59,3170,12890
2026-04-01,"Fort Worth, TX",359900,-0.03,2528,58,3308,13187
2026-03-01,"Fort Worth, TX",352543,-0.69,2463,57,3493,13357
2026-02-01,"Fort Worth, TX",352245,0.64,2324,63,3598,13247
2026-01-01,"Fort Worth, TX",349900,-0.03,2427,54,3275,13138
2025-12-01,"Fort Worth, TX",350000,-2.78,2448,55,3355,13349
2025-11-01,"Fort Worth, TX",349705,-2.86,2397,59,3246,13483
2025-10-01,"Fort Worth, TX",353548,-1.5,2375,58,3202,13510
2025-09-01,"Fort Worth, TX",350000,0,2419,59,3163,13558
2025-08-01,"Fort Worth, TX",358000,1.91,2377,58,3155,13649
2025-07-01,"Fort Worth, TX",360000,-1.64,2419,60,3187,13787
2025-06-01,"Fort Worth, TX",360320,-1.28,2359,57,3290,13895
2025-05-01,"Fort Worth, TX",362993,0.83,2408,57,3436,13841
2025-04-01,"Fort Worth, TX",360000,0,2329,56,3529,13578
2025-03-01,"Fort Worth, TX",355000,1.36,2497,58,3498,13409
2025-02-01,"Fort Worth, TX",350000,0,2496,59,3494,13394
2025-01-01,"Fort Worth, TX",349990,1.48,2432,56,3498,13252
2024-12-01,"Fort Worth, TX",360000,2.86,2549,54,3284,13085
2024-11-01,"Fort Worth, TX",360000,2.86,2540,53,3301,13037
2024-10-01,"Fort Worth, TX",358933,2.55,2427,53,3366,13043
2024-09-01,"Fort Worth, TX",350000,-1.55,2294,53,3238,12815
2024-08-01,"Fort Worth, TX",351305,-2.42,2243,49,3316,12535
2024-07-01,"Fort Worth, TX",365999,0.27,2328,49,3180,12225
2024-06-01,"Fort Worth, TX",365000,0,2416,50,3168,12042
2024-05-01,"Fort Worth, TX",360000,-0.25,2407,46,3250,11884
2024-04-01,"Fort Worth, TX",360000,1.41,2476,48,3362,11743
2024-03-01,"Fort Worth, TX",350254,1.21,2452,45,3348,11507
2024-02-01,"Fort Worth, TX",350000,0.72,2464,44,3312,11139
2024-01-01,"Fort Worth, TX",344900,0.88,2390,45,3087,10865
2023-12-01,"Fort Worth, TX",350000,-1.89,2267,42,3149,10896
2023-11-01,"Fort Worth, TX",350000,-1.68,2184,39,3346,10680
2023-10-01,"Fort Worth, TX",350000,-2.78,2213,37,3173,10226
2023-09-01,"Fort Worth, TX",355500,-0.7,2269,36,3169,9932
2023-08-01,"Fort Worth, TX",360000,-2.58,2465,39,2998,9737
2023-07-01,"Fort Worth, TX",365000,-3.95,2367,38,2898,9714
2023-06-01,"Fort Worth, TX",365000,-5.19,2451,36,3022,9808
2023-05-01,"Fort Worth, TX",360900,-5.55,2517,38,3074,9759
2023-04-01,"Fort Worth, TX",354995,-5.33,2531,41,2865,9733
2023-03-01,"Fort Worth, TX",346063,-1.55,2504,44,2946,9790
2023-02-01,"Fort Worth, TX",347500,0.46,2619,46,2798,9880
2023-01-01,"Fort Worth, TX",341900,3.61,2405,40,3116,9969
2022-12-01,"Fort Worth, TX",356755,6.49,2270,38,2954,9725
2022-11-01,"Fort Worth, TX",355995,11.07,2321,35,3006,9449
2022-10-01,"Fort Worth, TX",360000,13.56,2506,32,3164,9330
2022-09-01,"Fort Worth, TX",358000,13.65,2606,28,3396,9238
2022-08-01,"Fort Worth, TX",369550,17.32,2599,26,3409,9044
2022-07-01,"Fort Worth, TX",380000,19.23,2562,22,3637,8715
2022-06-01,"Fort Worth, TX",385000,23.3,2672,19,3745,8281
2022-05-01,"Fort Worth, TX",382125,23.45,2682,20,3499,7688
2022-04-01,"Fort Worth, TX",375000,28.42,2663,17,3242,7269
2022-03-01,"Fort Worth, TX",351500,22.91,2730,17,3034,7000
2022-02-01,"Fort Worth, TX",345900,22.66,2841,16,2827,6869
2022-01-01,"Fort Worth, TX",330000,24.53,3714,18,3089,6854
2021-12-01,"Fort Worth, TX",335000,24.07,3193,17,3418,6833
2021-11-01,"Fort Worth, TX",320500,20.94,3441,18,3407,6910
2021-10-01,"Fort Worth, TX",317000,17.84,3238,19,3525,6939
2021-09-01,"Fort Worth, TX",315000,18.87,3264,20,3376,6835
2021-08-01,"Fort Worth, TX",315000,18.91,3068,19,3375,6850
2021-07-01,"Fort Worth, TX",318711,20.31,2932,20,3574,6909
2021-06-01,"Fort Worth, TX",312250,21.03,2877,21,3215,6625
2021-05-01,"Fort Worth, TX",309548,23.82,2805,20,3000,6660
2021-04-01,"Fort Worth, TX",292000,12.96,2896,21,3115,7023
2021-03-01,"Fort Worth, TX",285990,14.4,2769,22,3074,7194
2021-02-01,"Fort Worth, TX",282000,15.1,2696,20,2627,7275
2021-01-01,"Fort Worth, TX",265000,10.42,3392,21,3332,7700
2020-12-01,"Fort Worth, TX",270000,10.2,3450,23,3495,7902
2020-11-01,"Fort Worth, TX",265000,10.42,3368,24,3341,8025
2020-10-01,"Fort Worth, TX",269000,8.91,3475,25,3312,8252
2020-09-01,"Fort Worth, TX",265000,8.19,3325,28,3384,8605
2020-08-01,"Fort Worth, TX",264900,6.6,3233,30,3455,8850
2020-07-01,"Fort Worth, TX",264900,6.39,3383,36,3167,9149
2020-06-01,"Fort Worth, TX",258000,3.2,3048,41,3145,9717
2020-05-01,"Fort Worth, TX",249995,0.4,2312,42,3246,10095
2020-04-01,"Fort Worth, TX",258500,7.71,2306,39,2669,9542
2020-03-01,"Fort Worth, TX",249990,4.6,2856,35,3294,10367
2020-02-01,"Fort Worth, TX",245000,5.6,2899,37,3495,10600
2020-01-01,"Fort Worth, TX",240000,8.35,2965,37,3489,10637
2019-12-01,"Fort Worth, TX",245000,4.93,2924,38,3525,10705
2019-11-01,"Fort Worth, TX",240000,7.17,2903,37,3380,10779
2019-10-01,"Fort Worth, TX",247000,8.1,2899,37,3435,10920
2019-09-01,"Fort Worth, TX",244945,6.5,2815,34,3461,10892
2019-08-01,"Fort Worth, TX",248500,5.74,2899,37,3299,10854
2019-07-01,"Fort Worth, TX",249000,3.75,2857,35,3338,10937
2019-06-01,"Fort Worth, TX",250000,4.17,2902,34,3449,10916
2019-05-01,"Fort Worth, TX",249000,3.97,2866,34,3547,10857
2019-04-01,"Fort Worth, TX",240000,2.17,2884,36,3526,10767
2019-03-01,"Fort Worth, TX",239000,4.37,2941,36,3512,10788
2019-02-01,"Fort Worth, TX",232000,4.74,2932,35,3700,10807
2019-01-01,"Fort Worth, TX",221500,3.99,2637,34,3493,10591
2026-05-01,"Frederick, MD",623079,3.85,1213,43,1441,4557
2026-04-01,"Frederick, MD",600000,-1.77,1149,42,1401,4413
2026-03-01,"Frederick, MD",590000,4.42,1152,41,1425,4241
2026-02-01,"Frederick, MD",555000,2.59,1143,44,1367,4144
2026-01-01,"Frederick, MD",560000,6.08,1146,45,1327,4136
2025-12-01,"Frederick, MD",586000,1.91,1174,43,1396,4239
2025-11-01,"Frederick, MD",584000,2.16,1134,40,1367,4169
2025-10-01,"Frederick, MD",575000,1.77,1162,39,1390,4091
2025-09-01,"Frederick, MD",550000,-0.7,1092,43,1407,4015
2025-08-01,"Frederick, MD",580000,0.01,1085,41,1318,3958
2025-07-01,"Frederick, MD",613750,2.29,1081,39,1313,3955
2025-06-01,"Frederick, MD",605000,1.68,1066,38,1341,3990
2025-05-01,"Frederick, MD",600000,-1.64,1072,37,1346,4003
2025-04-01,"Frederick, MD",610791,3.52,1107,34,1323,3839
2025-03-01,"Frederick, MD",565000,2.73,1108,33,1331,3677
2025-02-01,"Frederick, MD",541000,1.69,1128,27,1316,3528
2025-01-01,"Frederick, MD",527900,7.73,1095,28,1387,3368
2024-12-01,"Frederick, MD",575000,8.49,1182,27,1263,3080
2024-11-01,"Frederick, MD",571631,8.44,1128,29,1304,3178
2024-10-01,"Frederick, MD",565000,5.63,1173,27,1282,3136
2024-09-01,"Frederick, MD",553875,6.82,1058,24,1297,3086
2024-08-01,"Frederick, MD",579950,9.01,1106,26,1287,2974
2024-07-01,"Frederick, MD",600000,7.14,1120,27,1220,2942
2024-06-01,"Frederick, MD",595000,5.9,1093,26,1275,3030
2024-05-01,"Frederick, MD",610000,6.27,1106,25,1249,2982
2024-04-01,"Frederick, MD",590000,11.32,1098,25,1215,2947
2024-03-01,"Frederick, MD",550000,10.76,1139,24,1190,2926
2024-02-01,"Frederick, MD",532000,5.77,1062,20,1228,2897
2024-01-01,"Frederick, MD",490000,3.16,1001,21,1171,2716
2023-12-01,"Frederick, MD",530000,9.28,950,21,1158,2564
2023-11-01,"Frederick, MD",527163,2.36,1054,20,1211,2547
2023-10-01,"Frederick, MD",534900,6.98,971,21,1183,2432
2023-09-01,"Frederick, MD",518520,3.7,1118,19,1135,2390
2023-08-01,"Frederick, MD",532000,1.33,1095,21,1163,2396
2023-07-01,"Frederick, MD",560000,6.67,1093,19,1171,2352
2023-06-01,"Frederick, MD",561845,1.89,1057,23,1106,2461
2023-05-01,"Frederick, MD",574000,2.14,1107,21,1126,2562
2023-04-01,"Frederick, MD",530000,-1.85,1099,27,1117,2662
2023-03-01,"Frederick, MD",496567,-3.58,1159,28,1144,2846
2023-02-01,"Frederick, MD",503000,3.71,1275,30,1178,2979
2023-01-01,"Frederick, MD",475000,0,1080,28,1237,3176
2022-12-01,"Frederick, MD",485000,-1.62,1101,26,1244,3147
2022-11-01,"Frederick, MD",515000,5.25,1201,26,1291,3150
2022-10-01,"Frederick, MD",500000,0,1249,27,1306,3218
2022-09-01,"Frederick, MD",500000,4.17,1374,26,1350,3390
2022-08-01,"Frederick, MD",525000,5,1344,24,1375,3600
2022-07-01,"Frederick, MD",525000,2.94,1381,23,1539,3717
2022-06-01,"Frederick, MD",551400,9.19,1436,21,1579,3644
2022-05-01,"Frederick, MD",562000,12.4,1528,20,1597,3552
2022-04-01,"Frederick, MD",540000,10.88,1595,18,1631,3570
2022-03-01,"Frederick, MD",515000,9.57,1602,14,1645,3520
2022-02-01,"Frederick, MD",485000,12.79,1620,16,1747,3494
2022-01-01,"Frederick, MD",475000,6.74,1889,15,1720,3520
2021-12-01,"Frederick, MD",493000,12.05,1809,20,1846,3750
2021-11-01,"Frederick, MD",489325,8.74,1902,21,1898,4029
2021-10-01,"Frederick, MD",500000,11.36,1967,21,1889,4261
2021-09-01,"Frederick, MD",480000,7.99,1906,22,1903,4416
2021-08-01,"Frederick, MD",500000,14.1,1836,20,1984,4507
2021-07-01,"Frederick, MD",510000,13.35,1797,18,2025,4384
2021-06-01,"Frederick, MD",505000,16.09,1750,16,1963,4159
2021-05-01,"Frederick, MD",500000,13.9,1792,20,1833,4161
2021-04-01,"Frederick, MD",487000,9.35,1760,21,1806,4228
2021-03-01,"Frederick, MD",470000,11.93,1705,20,1789,4204
2021-02-01,"Frederick, MD",430000,10.26,1890,15,1674,4121
2021-01-01,"Frederick, MD",445000,10.7,1960,16,2243,4631
2020-12-01,"Frederick, MD",440000,6.02,1966,19,2334,4474
2020-11-01,"Frederick, MD",450000,5.88,1899,21,2110,4363
2020-10-01,"Frederick, MD",449000,9.78,1931,20,2119,4364
2020-09-01,"Frederick, MD",444500,13.39,1905,24,1900,4254
2020-08-01,"Frederick, MD",438202,3.13,1708,29,2020,4395
2020-07-01,"Frederick, MD",449945,7.13,1647,33,1797,4335
2020-06-01,"Frederick, MD",435000,0,1209,40,1704,4310
2020-05-01,"Frederick, MD",439000,4.52,1087,40,1350,4120
2020-04-01,"Frederick, MD",445364,4.8,1259,33,983,4060
2020-03-01,"Frederick, MD",419900,6.3,1620,34,1682,4912
2020-02-01,"Frederick, MD",390000,2.92,1613,33,1784,5196
2020-01-01,"Frederick, MD",402000,9.25,1539,37,1728,5175
2019-12-01,"Frederick, MD",415000,6.41,1511,36,1636,5162
2019-11-01,"Frederick, MD",425000,6.52,1463,34,1707,5155
2019-10-01,"Frederick, MD",409000,4.07,1468,35,1673,5148
2019-09-01,"Frederick, MD",392000,1.82,1447,37,1770,5169
2019-08-01,"Frederick, MD",424900,3.63,1527,35,1623,5051
2019-07-01,"Frederick, MD",420000,2.44,1521,39,1656,5280
2019-06-01,"Frederick, MD",435000,2.35,1436,36,1729,5448
2019-05-01,"Frederick, MD",420000,0,1503,35,1726,5456
2019-04-01,"Frederick, MD",424950,6.5,1391,37,1743,5390
2019-03-01,"Frederick, MD",395000,1.28,1350,39,1716,5190
2019-02-01,"Frederick, MD",378950,1.6,1385,40,1580,5004
2019-01-01,"Frederick, MD",367950,-1.76,1234,41,1695,5079
2026-05-01,"Fresno, CA",428678,0.87,562,54,608,2506
2026-04-01,"Fresno, CA",427750,3.07,579,51,698,2601
2026-03-01,"Fresno, CA",429820,-0.04,567,48,700,2566
2026-02-01,"Fresno, CA",415000,-3.49,581,46,720,2562
2026-01-01,"Fresno, CA",426250,0.29,514,47,751,2538
2025-12-01,"Fresno, CA",404750,-1.28,538,49,667,2508
2025-11-01,"Fresno, CA",435000,2.35,545,47,633,2453
2025-10-01,"Fresno, CA",421500,3.95,560,45,709,2454
2025-09-01,"Fresno, CA",438000,4.29,543,44,656,2378
2025-08-01,"Fresno, CA",435000,2.35,557,47,663,2454
2025-07-01,"Fresno, CA",430000,2.38,539,44,664,2476
2025-06-01,"Fresno, CA",429000,2.14,506,37,716,2385
2025-05-01,"Fresno, CA",425000,2.41,507,30,696,2228
2025-04-01,"Fresno, CA",415000,0,560,29,674,2153
2025-03-01,"Fresno, CA",430000,6.17,524,28,666,2173
2025-02-01,"Fresno, CA",430000,6.17,531,29,680,2164
2025-01-01,"Fresno, CA",425000,7.05,535,27,760,2117
2024-12-01,"Fresno, CA",410000,6.49,525,27,672,1973
2024-11-01,"Fresno, CA",425000,4.94,585,27,668,1946
2024-10-01,"Fresno, CA",405500,2.14,517,26,681,1948
2024-09-01,"Fresno, CA",420000,5,544,25,670,1871
2024-08-01,"Fresno, CA",425000,2.41,519,25,653,1851
2024-07-01,"Fresno, CA",419990,5,558,24,607,1812
2024-06-01,"Fresno, CA",420000,0.06,547,23,638,1860
2024-05-01,"Fresno, CA",415000,2.47,537,21,670,1891
2024-04-01,"Fresno, CA",415000,2.72,516,23,638,1819
2024-03-01,"Fresno, CA",405000,1.25,549,23,644,1785
2024-02-01,"Fresno, CA",405000,6.58,548,23,608,1765
2024-01-01,"Fresno, CA",397000,7.3,545,23,621,1821
2023-12-01,"Fresno, CA",385000,0,516,21,739,1816
2023-11-01,"Fresno, CA",405000,4.53,488,19,660,1699
2023-10-01,"Fresno, CA",397000,0.76,522,18,620,1612
2023-09-01,"Fresno, CA",400000,-1.23,511,20,647,1634
2023-08-01,"Fresno, CA",415000,5.06,509,18,638,1551
2023-07-01,"Fresno, CA",400000,0,564,17,630,1526
2023-06-01,"Fresno, CA",419750,1.14,561,19,642,1536
2023-05-01,"Fresno, CA",405000,-1.46,583,23,633,1507
2023-04-01,"Fresno, CA",404000,-1.46,543,27,593,1575
2023-03-01,"Fresno, CA",400000,0.25,584,29,557,1657
2023-02-01,"Fresno, CA",380000,-1.81,604,31,614,1775
2023-01-01,"Fresno, CA",370000,-3.9,517,30,576,1913
2022-12-01,"Fresno, CA",385000,1.32,533,27,607,1994
2022-11-01,"Fresno, CA",387450,2.43,574,25,673,2034
2022-10-01,"Fresno, CA",394000,5.07,594,24,704,2055
2022-09-01,"Fresno, CA",405000,9.91,684,22,706,2060
2022-08-01,"Fresno, CA",395000,6.34,642,19,736,2123
2022-07-01,"Fresno, CA",400000,9.59,619,15,856,2127
2022-06-01,"Fresno, CA",415000,13.7,708,13,887,1990
2022-05-01,"Fresno, CA",411000,17.43,724,12,934,1908
2022-04-01,"Fresno, CA",410000,20.41,752,11,848,1756
2022-03-01,"Fresno, CA",399000,17.01,801,10,881,1734
2022-02-01,"Fresno, CA",387000,13.82,786,11,883,1654
2022-01-01,"Fresno, CA",385000,21.45,838,11,796,1550
2021-12-01,"Fresno, CA",380000,18.75,825,10,853,1533
2021-11-01,"Fresno, CA",378250,18.2,871,11,906,1687
2021-10-01,"Fresno, CA",375000,14.68,846,11,900,1759
2021-09-01,"Fresno, CA",368500,15.16,842,10,888,1812
2021-08-01,"Fresno, CA",371452,17.92,821,10,911,1805
2021-07-01,"Fresno, CA",365000,15.87,787,10,906,1797
2021-06-01,"Fresno, CA",365000,17.74,812,10,938,1796
2021-05-01,"Fresno, CA",350000,20.69,818,10,906,1723
2021-04-01,"Fresno, CA",340500,19.47,769,10,876,1714
2021-03-01,"Fresno, CA",341000,21.79,746,9,818,1635
2021-02-01,"Fresno, CA",340000,21.43,757,9,804,1586
2021-01-01,"Fresno, CA",317000,11.93,894,10,803,1594
2020-12-01,"Fresno, CA",320000,14.7,848,10,909,1650
2020-11-01,"Fresno, CA",320000,10.73,865,11,871,1701
2020-10-01,"Fresno, CA",327000,17.41,852,10,844,1762
2020-09-01,"Fresno, CA",320000,12.08,772,10,917,1822
2020-08-01,"Fresno, CA",315000,12.5,833,18,901,1820
2020-07-01,"Fresno, CA",315000,12.9,794,22,813,1856
2020-06-01,"Fresno, CA",310000,12.32,716,27,700,1930
2020-05-01,"Fresno, CA",290000,4.35,550,27,701,2129
2020-04-01,"Fresno, CA",285000,5.67,580,25,583,2165
2020-03-01,"Fresno, CA",280000,1.08,708,25,831,2323
2020-02-01,"Fresno, CA",280000,6.67,724,27,862,2394
2020-01-01,"Fresno, CA",283205,6.87,761,27,786,2398
2019-12-01,"Fresno, CA",279000,5.98,804,25,800,2477
2019-11-01,"Fresno, CA",289000,9.47,755,25,903,2586
2019-10-01,"Fresno, CA",278500,3.15,779,26,833,2577
2019-09-01,"Fresno, CA",285500,8.97,771,27,908,2622
2019-08-01,"Fresno, CA",280000,1.82,788,29,879,2633
2019-07-01,"Fresno, CA",279000,3.33,789,30,856,2671
2019-06-01,"Fresno, CA",276000,2.22,774,28,884,2744
2019-05-01,"Fresno, CA",277922,3.32,759,28,900,2823
2019-04-01,"Fresno, CA",269700,4.13,722,31,957,2869
2019-03-01,"Fresno, CA",277000,6.54,767,35,903,2810
2019-02-01,"Fresno, CA",262500,-0.94,659,33,859,2792
2019-01-01,"Fresno, CA",265000,8.16,721,32,900,2811
2026-05-01,"Gary, IN",298978,4.9,811,32,967,3044
2026-04-01,"Gary, IN",290000,7.2,833,37,943,3050
2026-03-01,"Gary, IN",280000,6.46,764,42,996,3103
2026-02-01,"Gary, IN",283000,2.95,809,42,984,3118
2026-01-01,"Gary, IN",277500,2.78,730,44,858,3091
2025-12-01,"Gary, IN",278750,1.4,775,39,877,3069
2025-11-01,"Gary, IN",298620,2.97,721,40,921,3102
2025-10-01,"Gary, IN",281550,2.38,730,40,955,3115
2025-09-01,"Gary, IN",299000,1.36,770,45,879,3090
2025-08-01,"Gary, IN",294950,7.27,748,46,931,3175
2025-07-01,"Gary, IN",299945,6.03,758,45,910,3170
2025-06-01,"Gary, IN",286155,0.25,796,45,882,3184
2025-05-01,"Gary, IN",285000,3.26,814,45,939,3269
2025-04-01,"Gary, IN",270525,1.15,777,44,917,3247
2025-03-01,"Gary, IN",263000,1.15,778,48,946,3269
2025-02-01,"Gary, IN",274900,9.96,800,49,937,3219
2025-01-01,"Gary, IN",270000,10.2,786,43,886,3193
2024-12-01,"Gary, IN",274900,3.74,762,44,941,3212
2024-11-01,"Gary, IN",289995,9.43,824,46,916,3136
2024-10-01,"Gary, IN",275000,8.48,720,46,926,3041
2024-09-01,"Gary, IN",295000,14.12,741,44,906,3014
2024-08-01,"Gary, IN",274950,2.21,707,41,895,2936
2024-07-01,"Gary, IN",282875,7.56,695,43,846,2926
2024-06-01,"Gary, IN",285450,3.8,650,43,870,2927
2024-05-01,"Gary, IN",276000,8.13,707,45,960,2888
2024-04-01,"Gary, IN",267450,4.07,766,45,833,2764
2024-03-01,"Gary, IN",260000,4.04,747,39,787,2630
2024-02-01,"Gary, IN",250000,0.04,753,42,878,3057
2024-01-01,"Gary, IN",245000,8.46,672,44,869,2975
2023-12-01,"Gary, IN",265000,8.16,682,45,932,2918
2023-11-01,"Gary, IN",265000,7.72,649,45,943,2782
2023-10-01,"Gary, IN",253500,3.47,652,40,792,2480
2023-09-01,"Gary, IN",258500,3.4,625,42,855,2546
2023-08-01,"Gary, IN",269000,3.08,672,42,723,2385
2023-07-01,"Gary, IN",263000,1.19,687,42,789,2439
2023-06-01,"Gary, IN",275000,5.77,713,45,717,2462
2023-05-01,"Gary, IN",255238,-0.69,698,45,742,2583
2023-04-01,"Gary, IN",257000,5.98,742,43,762,2691
2023-03-01,"Gary, IN",249900,-0.04,779,44,811,2797
2023-02-01,"Gary, IN",249900,8.65,758,47,849,2920
2023-01-01,"Gary, IN",225900,-0.26,709,43,860,2982
2022-12-01,"Gary, IN",245000,5.95,683,40,889,2891
2022-11-01,"Gary, IN",246000,4.68,752,35,854,2779
2022-10-01,"Gary, IN",245000,4.26,794,40,891,2761
2022-09-01,"Gary, IN",250000,8.7,804,36,964,2717
2022-08-01,"Gary, IN",260950,8.77,824,36,874,2676
2022-07-01,"Gary, IN",259900,9.2,813,32,929,2697
2022-06-01,"Gary, IN",260000,10.64,801,28,1048,2693
2022-05-01,"Gary, IN",257000,15.35,853,29,965,2599
2022-04-01,"Gary, IN",242500,10.76,866,28,993,2591
2022-03-01,"Gary, IN",250000,24.07,875,30,924,2630
2022-02-01,"Gary, IN",230000,21.05,936,32,953,2673
2022-01-01,"Gary, IN",226500,16.15,1032,35,993,2790
2021-12-01,"Gary, IN",231250,10.12,1000,44,988,2883
2021-11-01,"Gary, IN",235000,7.75,1020,51,1071,3463
2021-10-01,"Gary, IN",235000,11.43,988,53,1061,3525
2021-09-01,"Gary, IN",230000,6.48,955,52,1063,3598
2021-08-01,"Gary, IN",239900,5.45,891,55,1162,3594
2021-07-01,"Gary, IN",238000,11.79,853,58,1091,3417
2021-06-01,"Gary, IN",235000,21.13,909,56,1026,3367
2021-05-01,"Gary, IN",222793,16.04,800,54,938,3232
2021-04-01,"Gary, IN",218950,10.64,771,53,971,3119
2021-03-01,"Gary, IN",201500,4.95,826,51,863,3005
2021-02-01,"Gary, IN",190000,5.77,877,47,765,3026
2021-01-01,"Gary, IN",195000,9.54,960,53,970,3227
2020-12-01,"Gary, IN",210000,15.07,1074,54,986,3403
2020-11-01,"Gary, IN",218100,16.55,1004,53,975,3439
2020-10-01,"Gary, IN",210900,17.17,1023,56,1025,3508
2020-09-01,"Gary, IN",216000,11.92,1006,59,1043,3593
2020-08-01,"Gary, IN",227500,14.32,983,64,993,3672
2020-07-01,"Gary, IN",212900,12.05,950,71,925,3818
2020-06-01,"Gary, IN",194000,-3.41,778,75,812,3767
2020-05-01,"Gary, IN",191992,1.85,632,78,803,3737
2020-04-01,"Gary, IN",197900,12.76,785,70,533,3822
2020-03-01,"Gary, IN",192000,6.67,856,62,929,4268
2020-02-01,"Gary, IN",179635,1.06,800,70,937,4226
2020-01-01,"Gary, IN",178025,3.5,804,68,1011,4135
2019-12-01,"Gary, IN",182500,4.61,737,69,891,4003
2019-11-01,"Gary, IN",187125,9.78,850,66,867,4085
2019-10-01,"Gary, IN",180000,4.65,781,67,944,4104
2019-09-01,"Gary, IN",193000,10.29,812,68,977,4109
2019-08-01,"Gary, IN",199000,10.62,835,66,982,4120
2019-07-01,"Gary, IN",190000,2.22,817,69,1016,4104
2019-06-01,"Gary, IN",200847,16.1,858,67,937,4099
2019-05-01,"Gary, IN",188500,5.31,793,66,921,4142
2019-04-01,"Gary, IN",175500,4.46,817,68,941,4139
2019-03-01,"Gary, IN",180000,9.09,749,77,881,4086
2019-02-01,"Gary, IN",177750,11.66,814,73,888,4144
2019-01-01,"Gary, IN",172000,4.24,744,73,845,4094
2026-05-01,"Grand Rapids, MI",368858,2.47,1074,13,1228,2912
2026-04-01,"Grand Rapids, MI",365000,6.1,1047,14,1233,2891
2026-03-01,"Grand Rapids, MI",358000,4.68,997,15,1137,2789
2026-02-01,"Grand Rapids, MI",330000,1.46,1039,16,1146,2778
2026-01-01,"Grand Rapids, MI",334950,4.7,1023,14,1091,2739
2025-12-01,"Grand Rapids, MI",344900,4.2,1111,14,1116,2765
2025-11-01,"Grand Rapids, MI",349400,4.92,1021,14,1178,2788
2025-10-01,"Grand Rapids, MI",340000,3.03,1032,14,1189,2756
2025-09-01,"Grand Rapids, MI",355000,4.9,1060,15,1139,2724
2025-08-01,"Grand Rapids, MI",355000,4.72,1009,14,1166,2751
2025-07-01,"Grand Rapids, MI",356400,4.82,1097,15,1126,2744
2025-06-01,"Grand Rapids, MI",363000,3.71,1046,13,1095,2781
2025-05-01,"Grand Rapids, MI",359950,5.87,1059,14,1204,2891
2025-04-01,"Grand Rapids, MI",344000,0.32,1098,15,1181,2858
2025-03-01,"Grand Rapids, MI",342000,2.86,1104,15,1241,2887
2025-02-01,"Grand Rapids, MI",325250,0.08,1103,14,1191,2868
2025-01-01,"Grand Rapids, MI",319900,3.19,1021,15,1220,2874
2024-12-01,"Grand Rapids, MI",331000,10.37,1036,14,1167,2764
2024-11-01,"Grand Rapids, MI",333000,9.18,1068,14,1142,2720
2024-10-01,"Grand Rapids, MI",330000,3.13,1028,14,1179,2690
2024-09-01,"Grand Rapids, MI",338425,5.76,1011,13,1157,2652
2024-08-01,"Grand Rapids, MI",339000,4.31,1011,14,1140,2603
2024-07-01,"Grand Rapids, MI",340000,2.92,979,12,1136,2594
2024-06-01,"Grand Rapids, MI",350000,7.69,1004,13,1115,2521
2024-05-01,"Grand Rapids, MI",340000,2.87,1030,12,1105,2463
2024-04-01,"Grand Rapids, MI",342913,10.62,1050,10,1141,2493
2024-03-01,"Grand Rapids, MI",332500,7.29,996,10,1116,2443
2024-02-01,"Grand Rapids, MI",325000,13.42,988,10,1096,2405
2024-01-01,"Grand Rapids, MI",310000,12.73,987,11,1048,2322
2023-12-01,"Grand Rapids, MI",299900,10.26,962,11,1143,2383
2023-11-01,"Grand Rapids, MI",305000,6.71,946,10,1083,2301
2023-10-01,"Grand Rapids, MI",320000,9.59,972,10,1077,2305
2023-09-01,"Grand Rapids, MI",320000,4.92,978,10,1110,2276
2023-08-01,"Grand Rapids, MI",325000,6.38,1014,9,1077,2233
2023-07-01,"Grand Rapids, MI",330348,6.56,1009,10,1027,2178
2023-06-01,"Grand Rapids, MI",325000,4.72,1075,10,1063,2299
2023-05-01,"Grand Rapids, MI",330528,5.85,984,10,1073,2353
2023-04-01,"Grand Rapids, MI",310000,0.02,992,10,1010,2343
2023-03-01,"Grand Rapids, MI",309900,6.86,1125,10,1058,2412
2023-02-01,"Grand Rapids, MI",286540,2.15,1118,12,1124,2575
2023-01-01,"Grand Rapids, MI",275000,8.16,1074,12,1257,2724
2022-12-01,"Grand Rapids, MI",272000,4.62,1025,12,1101,2651
2022-11-01,"Grand Rapids, MI",285825,5.86,1078,11,1173,2629
2022-10-01,"Grand Rapids, MI",292000,11.88,1136,12,1142,2603
2022-09-01,"Grand Rapids, MI",305000,13.81,1162,12,1225,2728
2022-08-01,"Grand Rapids, MI",305500,14.21,1217,11,1215,2769
2022-07-01,"Grand Rapids, MI",310000,11.29,1252,11,1373,2883
2022-06-01,"Grand Rapids, MI",310351,10.84,1245,10,1464,2869
2022-05-01,"Grand Rapids, MI",312250,15.69,1245,9,1356,2671
2022-04-01,"Grand Rapids, MI",309950,14.8,1204,8,1364,2552
2022-03-01,"Grand Rapids, MI",290000,13.73,1200,7,1351,2531
2022-02-01,"Grand Rapids, MI",280500,14.49,1229,6,1324,2302
2022-01-01,"Grand Rapids, MI",254250,10.54,1391,6,1293,2235
2021-12-01,"Grand Rapids, MI",260000,11.83,1337,6,1370,2277
2021-11-01,"Grand Rapids, MI",270000,17.26,1421,7,1448,2455
2021-10-01,"Grand Rapids, MI",261000,8.75,1386,8,1379,2541
2021-09-01,"Grand Rapids, MI",268000,9.39,1352,8,1375,2597
2021-08-01,"Grand Rapids, MI",267500,15.55,1318,9,1392,2613
2021-07-01,"Grand Rapids, MI",278550,16.55,1232,8,1377,2548
2021-06-01,"Grand Rapids, MI",280000,20.56,1308,8,1320,2518
2021-05-01,"Grand Rapids, MI",269900,20.49,1327,9,1276,2524
2021-04-01,"Grand Rapids, MI",270000,22.73,1303,8,1299,2636
2021-03-01,"Grand Rapids, MI",255000,14.86,1289,7,1383,2720
2021-02-01,"Grand Rapids, MI",245000,13.95,1358,8,1363,2640
2021-01-01,"Grand Rapids, MI",230000,12.2,1408,7,1454,2726
2020-12-01,"Grand Rapids, MI",232500,13.41,1492,8,1546,2734
2020-11-01,"Grand Rapids, MI",230250,10.7,1540,8,1401,2778
2020-10-01,"Grand Rapids, MI",240000,14.34,1504,8,1560,2963
2020-09-01,"Grand Rapids, MI",245000,16.67,1507,9,1419,2955
2020-08-01,"Grand Rapids, MI",231494,5.27,1432,11,1424,3176
2020-07-01,"Grand Rapids, MI",239000,11.16,1470,12,1447,3389
2020-06-01,"Grand Rapids, MI",232250,6.54,1254,17,1387,3497
2020-05-01,"Grand Rapids, MI",224000,2.75,679,34,1380,3627
2020-04-01,"Grand Rapids, MI",220000,4.27,1005,12,606,3035
2020-03-01,"Grand Rapids, MI",222000,13.38,1437,21,1474,3938
2020-02-01,"Grand Rapids, MI",215000,11.4,1440,23,1527,4155
2020-01-01,"Grand Rapids, MI",205000,6.36,1407,22,1463,4209
2019-12-01,"Grand Rapids, MI",205000,7.89,1340,20,1447,4249
2019-11-01,"Grand Rapids, MI",208000,8.56,1405,19,1462,4235
2019-10-01,"Grand Rapids, MI",209900,6.55,1331,19,1547,4248
2019-09-01,"Grand Rapids, MI",210000,5.05,1303,19,1605,4262
2019-08-01,"Grand Rapids, MI",219900,7.32,1343,18,1504,4077
2019-07-01,"Grand Rapids, MI",215000,6.49,1384,18,1468,4169
2019-06-01,"Grand Rapids, MI",218000,4.86,1411,16,1575,4226
2019-05-01,"Grand Rapids, MI",218000,7.39,1362,17,1556,4264
2019-04-01,"Grand Rapids, MI",211001,11.05,1336,21,1572,4244
2019-03-01,"Grand Rapids, MI",195800,5.84,1272,23,1430,4081
2019-02-01,"Grand Rapids, MI",193000,8.46,1294,19,1405,4203
2019-01-01,"Grand Rapids, MI",192750,12.06,1252,18,1456,4246
2026-05-01,"Greensboro, NC",300773,1.27,815,48,913,3362
2026-04-01,"Greensboro, NC",291050,0.88,731,49,907,3273
2026-03-01,"Greensboro, NC",297500,0.76,621,54,873,3190
2026-02-01,"Greensboro, NC",291000,-0.68,651,55,875,3052
2026-01-01,"Greensboro, NC",285000,0,674,45,842,2983
2025-12-01,"Greensboro, NC",293000,2.36,722,51,819,3028
2025-11-01,"Greensboro, NC",294000,-0.17,707,49,810,3070
2025-10-01,"Greensboro, NC",293000,2.81,705,42,808,3126
2025-09-01,"Greensboro, NC",294000,0.68,724,45,835,3106
2025-08-01,"Greensboro, NC",315000,5,635,44,833,3027
2025-07-01,"Greensboro, NC",298900,4.15,655,41,797,2906
2025-06-01,"Greensboro, NC",310000,3.33,682,40,822,2939
2025-05-01,"Greensboro, NC",297000,-0.34,725,44,869,2970
2025-04-01,"Greensboro, NC",288500,1.23,722,40,849,2920
2025-03-01,"Greensboro, NC",295250,4.98,731,44,868,2924
2025-02-01,"Greensboro, NC",293000,7.33,696,45,844,2852
2025-01-01,"Greensboro, NC",285000,5.17,740,43,826,2829
2024-12-01,"Greensboro, NC",286250,2.97,709,36,837,2802
2024-11-01,"Greensboro, NC",294500,5.18,697,41,829,2765
2024-10-01,"Greensboro, NC",285000,1.42,706,39,829,2726
2024-09-01,"Greensboro, NC",292000,6.18,638,40,788,2613
2024-08-01,"Greensboro, NC",300000,7.05,649,36,766,2512
2024-07-01,"Greensboro, NC",287000,0.7,756,37,801,2499
2024-06-01,"Greensboro, NC",300000,5.02,676,37,815,2433
2024-05-01,"Greensboro, NC",298000,6.43,715,36,759,2430
2024-04-01,"Greensboro, NC",285000,6.34,736,35,793,2473
2024-03-01,"Greensboro, NC",281250,8.17,778,37,821,2519
2024-02-01,"Greensboro, NC",273000,9.2,760,38,838,2558
2024-01-01,"Greensboro, NC",271000,7.33,700,36,847,2580
2023-12-01,"Greensboro, NC",278000,5.9,696,32,887,2504
2023-11-01,"Greensboro, NC",280000,5.66,717,29,859,2405
2023-10-01,"Greensboro, NC",281000,4.46,648,30,813,2231
2023-09-01,"Greensboro, NC",275000,0,687,28,795,2116
2023-08-01,"Greensboro, NC",280250,3.8,707,30,777,2045
2023-07-01,"Greensboro, NC",285000,3.64,685,29,780,1966
2023-06-01,"Greensboro, NC",285650,2.02,685,29,696,1953
2023-05-01,"Greensboro, NC",280000,3.7,664,29,743,2022
2023-04-01,"Greensboro, NC",268000,0.04,732,29,756,2025
2023-03-01,"Greensboro, NC",260000,3.38,719,29,736,2099
2023-02-01,"Greensboro, NC",250000,3.84,769,30,774,2247
2023-01-01,"Greensboro, NC",252500,7.45,769,34,795,2304
2022-12-01,"Greensboro, NC",262500,14.13,714,30,755,2324
2022-11-01,"Greensboro, NC",265000,12.88,758,30,814,2384
2022-10-01,"Greensboro, NC",268990,14.61,779,28,779,2332
2022-09-01,"Greensboro, NC",275000,18.28,875,27,798,2364
2022-08-01,"Greensboro, NC",270000,17.39,860,28,801,2469
2022-07-01,"Greensboro, NC",275000,19.57,856,24,1030,2516
2022-06-01,"Greensboro, NC",280000,17.4,904,24,1079,2435
2022-05-01,"Greensboro, NC",270000,19.52,856,23,1070,2264
2022-04-01,"Greensboro, NC",267900,21.77,929,23,1003,2205
2022-03-01,"Greensboro, NC",251500,17.41,900,21,975,2160
2022-02-01,"Greensboro, NC",240750,23.46,931,19,973,2241
2022-01-01,"Greensboro, NC",235000,13.53,1035,23,988,2359
2021-12-01,"Greensboro, NC",230000,10.84,1067,25,1004,2500
2021-11-01,"Greensboro, NC",234759,11.79,1073,27,1015,2663
2021-10-01,"Greensboro, NC",234700,11.82,1035,27,1106,2784
2021-09-01,"Greensboro, NC",232500,14.53,1089,25,1067,2806
2021-08-01,"Greensboro, NC",230000,6.98,1043,25,1161,2756
2021-07-01,"Greensboro, NC",230000,12.2,1010,27,1126,2639
2021-06-01,"Greensboro, NC",238500,15.78,1006,28,1119,2569
2021-05-01,"Greensboro, NC",225900,18.89,975,26,1052,2533
2021-04-01,"Greensboro, NC",220000,8.51,896,25,1023,2494
2021-03-01,"Greensboro, NC",214200,8.59,980,26,982,2471
2021-02-01,"Greensboro, NC",195000,5.41,943,23,946,2522
2021-01-01,"Greensboro, NC",207000,18.29,931,26,983,2618
2020-12-01,"Greensboro, NC",207500,17.9,938,29,1025,2699
2020-11-01,"Greensboro, NC",210000,16.67,948,28,971,2686
2020-10-01,"Greensboro, NC",209900,16.61,995,31,981,2765
2020-09-01,"Greensboro, NC",203000,18.37,934,33,1000,2821
2020-08-01,"Greensboro, NC",215000,17.97,901,35,920,2847
2020-07-01,"Greensboro, NC",205000,9.92,930,36,903,2878
2020-06-01,"Greensboro, NC",206000,11.05,808,41,883,2959
2020-05-01,"Greensboro, NC",190000,6.74,648,40,825,2926
2020-04-01,"Greensboro, NC",202750,6.71,711,35,618,2815
2020-03-01,"Greensboro, NC",197250,19.55,830,32,938,3090
2020-02-01,"Greensboro, NC",185000,10.78,806,37,942,3127
2020-01-01,"Greensboro, NC",175000,7.36,783,38,929,3066
2019-12-01,"Greensboro, NC",176000,13.55,851,38,874,3116
2019-11-01,"Greensboro, NC",180000,2.23,793,37,932,3187
2019-10-01,"Greensboro, NC",180000,10.43,893,39,881,3223
2019-09-01,"Greensboro, NC",171500,0.88,839,38,970,3326
2019-08-01,"Greensboro, NC",182250,9.13,839,38,923,3298
2019-07-01,"Greensboro, NC",186500,4.93,833,41,905,3263
2019-06-01,"Greensboro, NC",185500,6,786,40,942,3280
2019-05-01,"Greensboro, NC",178000,10.39,875,43,912,3206
2019-04-01,"Greensboro, NC",190000,14.46,799,44,896,3245
2019-03-01,"Greensboro, NC",165000,2.65,805,46,920,3238
2019-02-01,"Greensboro, NC",167000,8.27,826,54,900,3217
2019-01-01,"Greensboro, NC",163000,7.06,722,55,874,3198
2026-05-01,"Greenville, SC",343940,1.16,1248,70,1502,6899
2026-04-01,"Greenville, SC",330000,0.09,1231,76,1655,6815
2026-03-01,"Greenville, SC",338000,2.42,1126,80,1557,6653
2026-02-01,"Greenville, SC",334819,3.02,1135,74,1463,6425
2026-01-01,"Greenville, SC",325000,0,1056,71,1332,6275
2025-12-01,"Greenville, SC",333000,1.68,1191,69,1509,6288
2025-11-01,"Greenville, SC",325400,1.69,1150,64,1474,6219
2025-10-01,"Greenville, SC",339000,4.31,1118,68,1557,6131
2025-09-01,"Greenville, SC",344900,6.12,1128,66,1462,5955
2025-08-01,"Greenville, SC",340000,3.03,1071,64,1401,5857
2025-07-01,"Greenville, SC",353895,5.5,1097,64,1414,5798
2025-06-01,"Greenville, SC",349900,4.45,1052,62,1410,5741
2025-05-01,"Greenville, SC",340000,3.06,1109,59,1434,5663
2025-04-01,"Greenville, SC",329700,1.56,1128,56,1423,5576
2025-03-01,"Greenville, SC",330000,1.63,1154,57,1452,5492
2025-02-01,"Greenville, SC",325000,0.71,1136,57,1432,5342
2025-01-01,"Greenville, SC",325000,1.66,1101,55,1367,5128
2024-12-01,"Greenville, SC",327500,0.8,1143,58,1341,5022
2024-11-01,"Greenville, SC",320000,-0.92,1129,58,1328,4938
2024-10-01,"Greenville, SC",325000,-1.36,1036,57,1164,4819
2024-09-01,"Greenville, SC",325000,0.03,995,57,1302,4848
2024-08-01,"Greenville, SC",330000,3.13,1055,57,1388,4811
2024-07-01,"Greenville, SC",335450,3.22,1094,53,1214,4727
2024-06-01,"Greenville, SC",335000,1.52,1109,53,1325,4820
2024-05-01,"Greenville, SC",329900,2.14,1076,55,1326,4793
2024-04-01,"Greenville, SC",324645,4.72,1055,50,1296,4744
2024-03-01,"Greenville, SC",324700,6.46,1102,49,1308,4695
2024-02-01,"Greenville, SC",322700,8.65,1081,54,1334,4750
2024-01-01,"Greenville, SC",319695,4.82,1017,54,1406,4693
2023-12-01,"Greenville, SC",324900,6.52,1045,52,1188,4443
2023-11-01,"Greenville, SC",322973,4.18,1054,52,1279,4358
2023-10-01,"Greenville, SC",329470,6.93,1087,49,1313,4237
2023-09-01,"Greenville, SC",324900,1.53,1080,48,1283,4172
2023-08-01,"Greenville, SC",320000,1.59,1064,48,1255,4118
2023-07-01,"Greenville, SC",325000,1.56,1072,53,1204,4057
2023-06-01,"Greenville, SC",329995,6.49,1076,52,1172,4101
2023-05-01,"Greenville, SC",322995,-0.35,1136,54,1203,4290
2023-04-01,"Greenville, SC",310000,3.73,1051,57,1171,4362
2023-03-01,"Greenville, SC",305000,1.67,1064,55,1136,4483
2023-02-01,"Greenville, SC",297000,1.6,1115,56,1196,4569
2023-01-01,"Greenville, SC",305000,7.02,1035,51,1226,4579
2022-12-01,"Greenville, SC",305000,6.01,1009,49,1192,4494
2022-11-01,"Greenville, SC",310000,8.58,1084,46,1270,4435
2022-10-01,"Greenville, SC",308120,9.85,1142,43,1394,4408
2022-09-01,"Greenville, SC",320000,19.85,1182,46,1399,4345
2022-08-01,"Greenville, SC",315000,14.55,1185,42,1298,4233
2022-07-01,"Greenville, SC",320000,19.9,1158,40,1439,4167
2022-06-01,"Greenville, SC",309875,13.51,1278,39,1502,3986
2022-05-01,"Greenville, SC",324118,23.24,1229,38,1400,3743
2022-04-01,"Greenville, SC",298850,19.56,1273,37,1391,3655
2022-03-01,"Greenville, SC",300000,20,1281,34,1259,3654
2022-02-01,"Greenville, SC",292313,19.31,1333,32,1389,3802
2022-01-01,"Greenville, SC",285000,20.81,1516,38,1305,3887
2021-12-01,"Greenville, SC",287700,17.79,1459,40,1483,4026
2021-11-01,"Greenville, SC",285500,16.53,1404,40,1542,4113
2021-10-01,"Greenville, SC",280495,12.24,1296,42,1510,4109
2021-09-01,"Greenville, SC",267000,13.39,1357,43,1397,4038
2021-08-01,"Greenville, SC",275000,13.64,1239,43,1411,4074
2021-07-01,"Greenville, SC",266880,12.61,1278,44,1494,4079
2021-06-01,"Greenville, SC",273000,16.67,1271,46,1451,4035
2021-05-01,"Greenville, SC",263000,14.72,1278,48,1354,4065
2021-04-01,"Greenville, SC",249950,9.05,1352,50,1306,4222
2021-03-01,"Greenville, SC",250010,9.87,1294,49,1257,4406
2021-02-01,"Greenville, SC",245000,13.95,1274,52,1294,4563
2021-01-01,"Greenville, SC",235900,15.07,1457,49,1401,4717
2020-12-01,"Greenville, SC",244245,14.46,1341,52,1543,4776
2020-11-01,"Greenville, SC",245000,13.43,1362,54,1453,4784
2020-10-01,"Greenville, SC",249900,16.23,1416,56,1424,4786
2020-09-01,"Greenville, SC",235474,9.52,1325,58,1423,4835
2020-08-01,"Greenville, SC",242000,8.16,1284,61,1362,4951
2020-07-01,"Greenville, SC",237000,5.38,1252,64,1382,5022
2020-06-01,"Greenville, SC",234000,6.27,1173,68,1215,5085
2020-05-01,"Greenville, SC",229250,4.25,1029,64,1151,5191
2020-04-01,"Greenville, SC",229206,6.63,1006,61,1055,5246
2020-03-01,"Greenville, SC",227550,8.88,1174,63,1307,5482
2020-02-01,"Greenville, SC",215000,7.9,1157,66,1314,5488
2020-01-01,"Greenville, SC",205000,-0.24,1076,64,1311,5425
2019-12-01,"Greenville, SC",213389,3.09,1182,64,1434,5462
2019-11-01,"Greenville, SC",216000,8,1078,66,1274,5395
2019-10-01,"Greenville, SC",215000,7.5,1177,64,1241,5463
2019-09-01,"Greenville, SC",215000,5.31,1132,64,1269,5582
2019-08-01,"Greenville, SC",223750,13.35,1203,61,1366,5708
2019-07-01,"Greenville, SC",224900,6.59,1041,62,1347,5656
2019-06-01,"Greenville, SC",220200,4.86,1112,61,1387,5586
2019-05-01,"Greenville, SC",219900,4.71,1137,62,1380,5532
2019-04-01,"Greenville, SC",214945,8.28,1153,62,1351,5436
2019-03-01,"Greenville, SC",209000,4.5,1087,65,1295,5341
2019-02-01,"Greenville, SC",199250,4.87,1197,60,1214,5334
2019-01-01,"Greenville, SC",205495,8.16,878,68,1285,5280
2026-05-01,"Hartford, CT",408740,6.17,1003,28,1189,2958
2026-04-01,"Hartford, CT",398000,6.13,923,33,1157,2832
2026-03-01,"Hartford, CT",375000,4.46,955,32,1044,2754
2026-02-01,"Hartford, CT",360000,4.35,1041,33,999,2803
2026-01-01,"Hartford, CT",365000,4.29,984,31,1039,2895
2025-12-01,"Hartford, CT",375000,4.18,1053,31,1132,2913
2025-11-01,"Hartford, CT",385778,7.16,1034,30,1140,2920
2025-10-01,"Hartford, CT",379900,5.56,1097,30,1167,2964
2025-09-01,"Hartford, CT",380000,1.33,1004,33,1168,2989
2025-08-01,"Hartford, CT",400000,7.24,1042,29,1180,2987
2025-07-01,"Hartford, CT",405000,8,1072,32,1122,2979
2025-06-01,"Hartford, CT",405000,5.19,1015,31,1175,3016
2025-05-01,"Hartford, CT",385000,8.79,1056,30,1130,2997
2025-04-01,"Hartford, CT",375000,10.33,1045,27,1134,3056
2025-03-01,"Hartford, CT",359000,5.59,1052,30,1228,3092
2025-02-01,"Hartford, CT",345000,7.81,1060,28,1229,3017
2025-01-01,"Hartford, CT",350000,7.69,1066,31,1244,3016
2024-12-01,"Hartford, CT",359944,9.11,1021,30,1168,2814
2024-11-01,"Hartford, CT",360000,10.77,1087,31,1125,2860
2024-10-01,"Hartford, CT",359900,5.85,1010,31,1187,2877
2024-09-01,"Hartford, CT",375000,13.64,1005,28,1167,2787
2024-08-01,"Hartford, CT",373000,7.96,1046,29,1086,2749
2024-07-01,"Hartford, CT",375000,10.29,1029,28,1115,2779
2024-06-01,"Hartford, CT",385000,15.53,994,27,1063,2699
2024-05-01,"Hartford, CT",353900,7.24,975,31,1108,2844
2024-04-01,"Hartford, CT",339900,11.08,1064,28,1089,2868
2024-03-01,"Hartford, CT",340000,15.55,1077,27,1089,2893
2024-02-01,"Hartford, CT",320000,8.47,1033,27,1094,2930
2024-01-01,"Hartford, CT",325000,15.25,1067,28,1118,2897
2023-12-01,"Hartford, CT",329900,15.75,1081,28,1238,2849
2023-11-01,"Hartford, CT",325000,10.73,1032,29,1256,2809
2023-10-01,"Hartford, CT",340000,13.33,1017,27,1138,2712
2023-09-01,"Hartford, CT",330000,10,1074,28,1139,2734
2023-08-01,"Hartford, CT",345500,11.45,1041,29,1140,2766
2023-07-01,"Hartford, CT",340000,7.17,1012,30,1148,2751
2023-06-01,"Hartford, CT",333250,5.79,1012,30,1096,2745
2023-05-01,"Hartford, CT",330000,10,1038,29,1059,2816
2023-04-01,"Hartford, CT",306000,6.07,1047,33,1087,2878
2023-03-01,"Hartford, CT",294250,8.98,1062,30,1080,2942
2023-02-01,"Hartford, CT",295000,11.32,1113,34,1236,3041
2023-01-01,"Hartford, CT",282000,7.63,1112,35,1257,3090
2022-12-01,"Hartford, CT",285000,5.36,1064,35,1146,3084
2022-11-01,"Hartford, CT",293500,6.73,1141,34,1175,3098
2022-10-01,"Hartford, CT",300000,11.11,1192,36,1219,3172
2022-09-01,"Hartford, CT",300000,9.09,1299,34,1183,3290
2022-08-01,"Hartford, CT",310000,8.58,1269,36,1313,3623
2022-07-01,"Hartford, CT",317250,9.42,1286,33,1408,3710
2022-06-01,"Hartford, CT",315000,11.9,1368,30,1480,3740
2022-05-01,"Hartford, CT",300000,10.01,1412,30,1485,3801
2022-04-01,"Hartford, CT",288500,7.25,1455,31,1527,3855
2022-03-01,"Hartford, CT",270000,8,1423,35,1575,3892
2022-02-01,"Hartford, CT",265000,6,1467,36,1607,3744
2022-01-01,"Hartford, CT",262000,3.76,1687,38,1463,3873
2021-12-01,"Hartford, CT",270500,6.08,1568,40,1583,4109
2021-11-01,"Hartford, CT",275000,7.84,1641,40,1692,4404
2021-10-01,"Hartford, CT",270000,4.27,1598,42,1585,4575
2021-09-01,"Hartford, CT",275000,10,1587,41,1669,4705
2021-08-01,"Hartford, CT",285500,9.85,1551,43,1776,4806
2021-07-01,"Hartford, CT",289950,13.71,1563,45,1767,4937
2021-06-01,"Hartford, CT",281500,16.08,1574,50,1801,5082
2021-05-01,"Hartford, CT",272700,16.04,1616,50,1724,5165
2021-04-01,"Hartford, CT",269000,14.18,1611,50,1721,5247
2021-03-01,"Hartford, CT",250000,10.9,1596,48,1818,5275
2021-02-01,"Hartford, CT",250000,19.05,1626,51,1651,4995
2021-01-01,"Hartford, CT",252500,14.82,1702,48,1679,5275
2020-12-01,"Hartford, CT",255000,16.97,1808,48,1830,5480
2020-11-01,"Hartford, CT",255000,15.38,1741,50,1884,5633
2020-10-01,"Hartford, CT",258950,16.91,1793,50,2036,5726
2020-09-01,"Hartford, CT",250000,13.64,1679,55,1980,5683
2020-08-01,"Hartford, CT",259900,13,1639,56,1861,5641
2020-07-01,"Hartford, CT",255000,8.51,1500,61,1779,5664
2020-06-01,"Hartford, CT",242500,3.19,1122,70,1657,5556
2020-05-01,"Hartford, CT",235000,3.07,1310,73,1307,5463
2020-04-01,"Hartford, CT",235600,8.92,1366,66,839,5732
2020-03-01,"Hartford, CT",225437,9.17,1473,66,1627,6971
2020-02-01,"Hartford, CT",210000,10.58,1425,69,1705,7117
2020-01-01,"Hartford, CT",219900,11.06,1332,67,1814,7073
2019-12-01,"Hartford, CT",218000,4.56,1354,71,1583,6954
2019-11-01,"Hartford, CT",221000,5.24,1294,70,1575,6945
2019-10-01,"Hartford, CT",221500,4.6,1270,73,1575,7243
2019-09-01,"Hartford, CT",220000,4.76,1317,80,1627,7458
2019-08-01,"Hartford, CT",230000,1.37,1309,81,1653,7537
2019-07-01,"Hartford, CT",235000,2.17,1325,82,1568,7567
2019-06-01,"Hartford, CT",235000,0,1465,83,1645,7882
2019-05-01,"Hartford, CT",228000,6.05,1433,83,1729,8152
2019-04-01,"Hartford, CT",216300,1.07,1388,84,1765,8078
2019-03-01,"Hartford, CT",206500,-0.48,1353,90,1784,7988
2019-02-01,"Hartford, CT",189900,-1.61,1307,84,1777,7941
2019-01-01,"Hartford, CT",198000,1.54,1274,81,1610,7897
2026-05-01,"Honolulu, HI",744704,2.72,611,82,950,4771
2026-04-01,"Honolulu, HI",720000,3.45,577,83,882,4638
2026-03-01,"Honolulu, HI",720000,4.35,649,90,859,4637
2026-02-01,"Honolulu, HI",699000,4.68,636,86,910,4724
2026-01-01,"Honolulu, HI",730000,-2.47,638,81,932,4732
2025-12-01,"Honolulu, HI",735000,-3.61,683,87,879,4761
2025-11-01,"Honolulu, HI",732500,2.45,687,86,893,4769
2025-10-01,"Honolulu, HI",787000,9.31,746,70,981,4855
2025-09-01,"Honolulu, HI",745500,-0.6,1091,49,1286,5215
2025-08-01,"Honolulu, HI",742500,2.41,629,91,877,4893
2025-07-01,"Honolulu, HI",710000,-2.41,600,91,843,4894
2025-06-01,"Honolulu, HI",750000,-4.46,619,84,884,5023
2025-05-01,"Honolulu, HI",725000,5.22,576,81,950,4997
2025-04-01,"Honolulu, HI",696000,-5.31,607,85,995,4997
2025-03-01,"Honolulu, HI",690000,-6.63,602,79,1069,4848
2025-02-01,"Honolulu, HI",667750,-4.61,604,80,925,4631
2025-01-01,"Honolulu, HI",748500,6.93,626,76,951,4599
2024-12-01,"Honolulu, HI",762500,4.45,605,76,926,4512
2024-11-01,"Honolulu, HI",715000,4.53,600,79,938,4378
2024-10-01,"Honolulu, HI",720000,1.41,610,70,817,4208
2024-09-01,"Honolulu, HI",750000,4.17,582,79,905,4219
2024-08-01,"Honolulu, HI",725000,5.53,599,75,872,4129
2024-07-01,"Honolulu, HI",727500,7.38,615,74,890,4011
2024-06-01,"Honolulu, HI",785000,13.36,597,72,858,3924
2024-05-01,"Honolulu, HI",689000,-2.75,647,74,856,3884
2024-04-01,"Honolulu, HI",735000,10.53,653,72,845,3857
2024-03-01,"Honolulu, HI",739000,2.64,591,72,880,3770
2024-02-01,"Honolulu, HI",700000,6.87,642,70,773,3633
2024-01-01,"Honolulu, HI",700000,5.26,580,72,803,3555
2023-12-01,"Honolulu, HI",730000,7.67,527,66,783,3423
2023-11-01,"Honolulu, HI",684000,-1.58,539,68,780,3340
2023-10-01,"Honolulu, HI",710000,-3.99,601,65,829,3239
2023-09-01,"Honolulu, HI",720000,2.86,582,62,784,3155
2023-08-01,"Honolulu, HI",687000,0.29,611,62,789,3142
2023-07-01,"Honolulu, HI",677500,-6.23,646,62,721,3116
2023-06-01,"Honolulu, HI",692500,-5.78,634,64,749,3182
2023-05-01,"Honolulu, HI",708500,1.21,638,65,766,3254
2023-04-01,"Honolulu, HI",665000,-6.4,643,65,759,3279
2023-03-01,"Honolulu, HI",720000,3.6,653,69,717,3284
2023-02-01,"Honolulu, HI",655000,-2.96,663,64,746,3375
2023-01-01,"Honolulu, HI",665000,-7.64,561,60,756,3357
2022-12-01,"Honolulu, HI",678000,-4.51,595,59,797,3366
2022-11-01,"Honolulu, HI",695000,1.46,599,58,873,3340
2022-10-01,"Honolulu, HI",739500,6.17,664,59,831,3258
2022-09-01,"Honolulu, HI",700000,2.94,713,54,865,3290
2022-08-01,"Honolulu, HI",685000,-2,738,53,895,3304
2022-07-01,"Honolulu, HI",722500,7.04,795,50,947,3307
2022-06-01,"Honolulu, HI",735000,13.08,850,50,960,3346
2022-05-01,"Honolulu, HI",700000,5.9,966,51,1045,3433
2022-04-01,"Honolulu, HI",710500,13.23,948,48,1059,3474
2022-03-01,"Honolulu, HI",695000,13.93,950,45,1001,3443
2022-02-01,"Honolulu, HI",675000,5.8,957,47,1141,3462
2022-01-01,"Honolulu, HI",720000,14.2,1143,51,996,3476
2021-12-01,"Honolulu, HI",710000,9.23,948,49,1115,3490
2021-11-01,"Honolulu, HI",685000,9.6,1039,49,1086,3588
2021-10-01,"Honolulu, HI",696500,16.76,973,50,1114,3568
2021-09-01,"Honolulu, HI",680000,6.75,965,50,1167,3533
2021-08-01,"Honolulu, HI",699000,11.84,1013,52,1113,3532
2021-07-01,"Honolulu, HI",675000,12.5,985,52,1048,3475
2021-06-01,"Honolulu, HI",650000,6.64,1038,51,1140,3537
2021-05-01,"Honolulu, HI",661000,7.48,957,52,1052,3481
2021-04-01,"Honolulu, HI",627500,0.4,921,53,1032,3587
2021-03-01,"Honolulu, HI",610000,-4.24,935,55,975,3654
2021-02-01,"Honolulu, HI",638000,7.23,935,55,948,3720
2021-01-01,"Honolulu, HI",630463,5.94,888,52,970,3781
2020-12-01,"Honolulu, HI",650000,5.69,930,60,1028,3922
2020-11-01,"Honolulu, HI",625000,8.6,803,59,1004,3907
2020-10-01,"Honolulu, HI",596500,-0.42,778,59,990,3897
2020-09-01,"Honolulu, HI",637000,4.43,783,60,899,3903
2020-08-01,"Honolulu, HI",625000,6.84,751,69,967,4005
2020-07-01,"Honolulu, HI",599999,-4.46,712,68,888,4023
2020-06-01,"Honolulu, HI",609500,1.16,531,83,799,3949
2020-05-01,"Honolulu, HI",615000,5.4,493,67,747,3937
2020-04-01,"Honolulu, HI",625000,8.7,546,71,620,4008
2020-03-01,"Honolulu, HI",637000,8.7,711,67,867,4362
2020-02-01,"Honolulu, HI",595000,9.17,718,76,951,4465
2020-01-01,"Honolulu, HI",595140,0.02,779,74,911,4460
2019-12-01,"Honolulu, HI",615000,13.78,763,72,899,4560
2019-11-01,"Honolulu, HI",575500,0.09,781,74,950,4618
2019-10-01,"Honolulu, HI",599000,3.28,745,73,934,4636
2019-09-01,"Honolulu, HI",610000,5.17,769,75,978,4675
2019-08-01,"Honolulu, HI",585000,-1.68,773,73,1039,4733
2019-07-01,"Honolulu, HI",628000,5.37,824,70,1054,4689
2019-06-01,"Honolulu, HI",602500,3.88,750,74,1001,4661
2019-05-01,"Honolulu, HI",583500,-2.75,750,76,1039,4683
2019-04-01,"Honolulu, HI",575000,4.55,749,72,992,4642
2019-03-01,"Honolulu, HI",586000,5.59,783,70,1011,4654
2019-02-01,"Honolulu, HI",545000,-0.91,719,67,969,4638
2019-01-01,"Honolulu, HI",595000,4.48,731,66,1141,4593
2026-05-01,"Houston, TX",341996,1.48,7386,66,10818,45968
2026-04-01,"Houston, TX",334495,-1.33,7415,67,10697,46162
2026-03-01,"Houston, TX",330000,-2.07,7353,66,10811,46281
2026-02-01,"Houston, TX",325000,-0.61,7318,61,10829,45990
2026-01-01,"Houston, TX",325000,-0.05,7374,60,10664,45603
2025-12-01,"Houston, TX",335000,0,7371,63,10820,45652
2025-11-01,"Houston, TX",325800,-1.27,7426,60,10596,45928
2025-10-01,"Houston, TX",330000,-1.49,7360,60,10768,46334
2025-09-01,"Houston, TX",329200,-1.73,7370,60,10715,46596
2025-08-01,"Houston, TX",336990,-0.15,7502,63,10625,46868
2025-07-01,"Houston, TX",339990,-2.86,7355,66,10716,46910
2025-06-01,"Houston, TX",345000,-0.86,7356,60,10708,46586
2025-05-01,"Houston, TX",337000,-2.29,7517,55,11047,46266
2025-04-01,"Houston, TX",338998,-0.59,7311,53,10963,45273
2025-03-01,"Houston, TX",336990,2.12,7345,54,11005,44115
2025-02-01,"Houston, TX",327000,-0.91,7425,46,10902,42984
2025-01-01,"Houston, TX",325155,1.61,7307,44,10721,41865
2024-12-01,"Houston, TX",335000,1.52,7473,46,10955,41189
2024-11-01,"Houston, TX",330000,1,7348,44,10729,40466
2024-10-01,"Houston, TX",335000,1.82,7396,45,10772,39887
2024-09-01,"Houston, TX",335000,0.91,7256,48,10576,39160
2024-08-01,"Houston, TX",337500,0.14,6907,48,10753,38450
2024-07-01,"Houston, TX",350000,2.94,7024,46,8077,35757
2024-06-01,"Houston, TX",348000,2.05,7108,45,10394,37963
2024-05-01,"Houston, TX",344900,1.47,7055,42,10172,37528
2024-04-01,"Houston, TX",341000,2.71,7232,42,10362,36969
2024-03-01,"Houston, TX",330000,1.54,7195,39,10136,36119
2024-02-01,"Houston, TX",330000,3.13,7232,40,10133,35392
2024-01-01,"Houston, TX",320000,2.2,7272,39,9966,34743
2023-12-01,"Houston, TX",329990,0,6929,37,9837,34237
2023-11-01,"Houston, TX",326725,-0.99,7161,33,10156,33457
2023-10-01,"Houston, TX",329000,-0.3,6976,33,9591,32045
2023-09-01,"Houston, TX",331990,-2.36,7087,34,9756,30875
2023-08-01,"Houston, TX",337020,-0.88,7274,31,9483,29843
2023-07-01,"Houston, TX",340000,-1.45,7202,32,9269,29449
2023-06-01,"Houston, TX",341000,-2.99,7167,35,9363,29515
2023-05-01,"Houston, TX",339900,-2.89,7158,36,9308,29548
2023-04-01,"Houston, TX",332000,-2.64,7173,39,9040,29933
2023-03-01,"Houston, TX",325000,-1.52,7183,40,9322,30743
2023-02-01,"Houston, TX",319990,-1.54,7211,38,9113,31304
2023-01-01,"Houston, TX",313125,1.66,7068,37,9275,31825
2022-12-01,"Houston, TX",330000,3.88,7175,34,9447,31786
2022-11-01,"Houston, TX",330000,6.19,7165,30,9314,31218
2022-10-01,"Houston, TX",329990,8.19,7649,27,9572,30853
2022-09-01,"Houston, TX",340000,13.33,7848,26,9911,30683
2022-08-01,"Houston, TX",340000,10.78,7742,21,9737,30086
2022-07-01,"Houston, TX",345000,12.38,7984,16,10242,29009
2022-06-01,"Houston, TX",351500,13.03,8373,16,10339,27477
2022-05-01,"Houston, TX",350000,16.67,8630,14,10314,25980
2022-04-01,"Houston, TX",341000,16.07,8764,13,10476,24988
2022-03-01,"Houston, TX",330000,14.58,9092,14,10338,24833
2022-02-01,"Houston, TX",325000,18.22,9229,15,10462,25387
2022-01-01,"Houston, TX",308000,18.36,9711,16,10669,25783
2021-12-01,"Houston, TX",317682,17.32,9445,16,10621,25719
2021-11-01,"Houston, TX",310750,15.74,9704,18,10807,26183
2021-10-01,"Houston, TX",305000,15.09,9503,17,10735,26460
2021-09-01,"Houston, TX",300000,14.94,9497,15,10540,26663
2021-08-01,"Houston, TX",306919,15.82,9690,15,10928,26758
2021-07-01,"Houston, TX",307000,13.7,9524,14,10721,25946
2021-06-01,"Houston, TX",310970,19.15,9648,13,10754,25053
2021-05-01,"Houston, TX",300000,20.48,9498,16,10525,24639
2021-04-01,"Houston, TX",293780,16.58,9479,18,10460,25266
2021-03-01,"Houston, TX",288000,15.43,9394,20,10271,25868
2021-02-01,"Houston, TX",274900,12.2,7794,22,8670,26544
2021-01-01,"Houston, TX",260219,11.2,9527,22,10253,27966
2020-12-01,"Houston, TX",270775,7.45,9417,22,10511,28604
2020-11-01,"Houston, TX",268500,10.95,9306,24,10175,28814
2020-10-01,"Houston, TX",265000,10.46,9429,26,10305,29185
2020-09-01,"Houston, TX",261000,7.41,9154,31,10227,29383
2020-08-01,"Houston, TX",265000,6.43,8748,35,9913,29947
2020-07-01,"Houston, TX",270000,8.04,9059,47,9866,31151
2020-06-01,"Houston, TX",261000,3.57,8409,56,9599,32921
2020-05-01,"Houston, TX",249000,-0.36,6137,53,9554,34672
2020-04-01,"Houston, TX",251999,2.86,6078,42,7028,33814
2020-03-01,"Houston, TX",249500,3.96,7900,43,9664,36434
2020-02-01,"Houston, TX",245000,6.52,7907,45,9898,36488
2020-01-01,"Houston, TX",234000,4.93,7663,46,9710,35952
2019-12-01,"Houston, TX",252000,5,7929,45,9554,35699
2019-11-01,"Houston, TX",242000,2.98,7660,43,9671,35830
2019-10-01,"Houston, TX",239900,2.96,7545,44,9554,36201
2019-09-01,"Houston, TX",243000,5.65,7523,46,9548,36454
2019-08-01,"Houston, TX",249000,5.06,7743,45,9654,36848
2019-07-01,"Houston, TX",249900,3.26,7559,44,9594,37254
2019-06-01,"Houston, TX",252000,4.13,7534,44,9785,37654
2019-05-01,"Houston, TX",249900,3.69,7492,45,9764,37635
2019-04-01,"Houston, TX",245000,2.13,7517,46,9754,37407
2019-03-01,"Houston, TX",240000,3.65,7479,46,9753,37013
2019-02-01,"Houston, TX",230000,2.22,7296,44,9560,36835
2019-01-01,"Houston, TX",223000,2.77,7010,42,9686,36497
2026-05-01,"Indianapolis, IN",324001,2.53,3012,32,3087,9675
2026-04-01,"Indianapolis, IN",315000,1.61,2732,32,3296,9817
2026-03-01,"Indianapolis, IN",310000,2.31,2588,45,3139,9657
2026-02-01,"Indianapolis, IN",300000,0.69,2623,31,3030,9626
2026-01-01,"Indianapolis, IN",300000,2.04,2538,30,2868,9594
2025-12-01,"Indianapolis, IN",310000,1.64,2661,29,2749,9552
2025-11-01,"Indianapolis, IN",310000,1.81,2638,30,3000,9640
2025-10-01,"Indianapolis, IN",310000,3.68,2654,26,3089,9524
2025-09-01,"Indianapolis, IN",312000,4,2482,31,3030,9455
2025-08-01,"Indianapolis, IN",318000,1.92,2670,29,3024,9335
2025-07-01,"Indianapolis, IN",325000,7.26,2486,27,2882,9287
2025-06-01,"Indianapolis, IN",325000,1.56,2585,27,2923,9156
2025-05-01,"Indianapolis, IN",316000,0.16,2642,27,3135,9082
2025-04-01,"Indianapolis, IN",310000,3.33,2735,27,3015,8806
2025-03-01,"Indianapolis, IN",303000,2.71,2728,25,3106,8778
2025-02-01,"Indianapolis, IN",297948,5.28,2677,24,3052,8643
2025-01-01,"Indianapolis, IN",294000,5.38,2570,24,2948,8483
2024-12-01,"Indianapolis, IN",305000,8.97,2592,24,2949,8349
2024-11-01,"Indianapolis, IN",304500,5.04,2523,23,2822,8192
2024-10-01,"Indianapolis, IN",299000,3.1,2542,23,2906,8161
2024-09-01,"Indianapolis, IN",300000,0.03,2577,22,2831,7984
2024-08-01,"Indianapolis, IN",312000,4.03,2370,23,2786,7916
2024-07-01,"Indianapolis, IN",303000,1,2489,22,2772,7747
2024-06-01,"Indianapolis, IN",320000,6.67,2447,23,2697,7677
2024-05-01,"Indianapolis, IN",315500,5.17,2472,22,2746,7551
2024-04-01,"Indianapolis, IN",300000,3.48,2601,21,2670,7426
2024-03-01,"Indianapolis, IN",295000,7.27,2716,21,2808,7408
2024-02-01,"Indianapolis, IN",283000,2.91,2683,21,2878,7325
2024-01-01,"Indianapolis, IN",279000,1.45,2589,21,2784,7218
2023-12-01,"Indianapolis, IN",279900,-0.04,2372,21,2802,7219
2023-11-01,"Indianapolis, IN",289900,5.42,2451,19,2867,7059
2023-10-01,"Indianapolis, IN",290000,3.57,2327,18,2652,6856
2023-09-01,"Indianapolis, IN",299900,5.23,2430,16,2763,6876
2023-08-01,"Indianapolis, IN",299900,6.73,2488,15,2729,6731
2023-07-01,"Indianapolis, IN",300000,3.09,2548,16,2627,6699
2023-06-01,"Indianapolis, IN",300000,0.5,2478,14,2732,6765
2023-05-01,"Indianapolis, IN",300000,4.3,2620,13,2578,6792
2023-04-01,"Indianapolis, IN",289900,6.58,2714,18,2529,6908
2023-03-01,"Indianapolis, IN",275000,3.77,2800,20,2665,7032
2023-02-01,"Indianapolis, IN",275000,10,2735,19,2860,7182
2023-01-01,"Indianapolis, IN",275000,12.75,2615,18,2921,7229
2022-12-01,"Indianapolis, IN",280000,9.97,2675,17,3053,7222
2022-11-01,"Indianapolis, IN",275000,9.19,2781,17,2852,7126
2022-10-01,"Indianapolis, IN",280000,11.11,2853,14,2842,7173
2022-09-01,"Indianapolis, IN",285000,12.76,2966,14,2941,7117
2022-08-01,"Indianapolis, IN",281000,12.4,3002,10,3039,7107
2022-07-01,"Indianapolis, IN",291000,13.01,3008,9,3334,7114
2022-06-01,"Indianapolis, IN",298500,19.4,3115,8,3501,6952
2022-05-01,"Indianapolis, IN",287625,14.14,3132,8,3281,6711
2022-04-01,"Indianapolis, IN",272000,15.43,3112,5,3196,6519
2022-03-01,"Indianapolis, IN",265000,17.78,3014,5,3031,6408
2022-02-01,"Indianapolis, IN",250000,13.17,3317,4,3065,6257
2022-01-01,"Indianapolis, IN",243900,16.14,3763,6,3381,6246
2021-12-01,"Indianapolis, IN",254625,15.74,3586,6,3424,6037
2021-11-01,"Indianapolis, IN",251863,12.94,3708,6,3588,6125
2021-10-01,"Indianapolis, IN",252000,14.55,3497,6,3551,6075
2021-09-01,"Indianapolis, IN",252750,12.33,3536,7,3196,5928
2021-08-01,"Indianapolis, IN",250000,10.62,3397,6,3360,6115
2021-07-01,"Indianapolis, IN",257500,14.44,3334,7,3334,6012
2021-06-01,"Indianapolis, IN",250000,14.68,3278,8,3230,5985
2021-05-01,"Indianapolis, IN",252000,17.92,3249,8,2984,6019
2021-04-01,"Indianapolis, IN",235632,12.21,3119,7,3096,6105
2021-03-01,"Indianapolis, IN",225000,8.43,3032,7,2848,6051
2021-02-01,"Indianapolis, IN",220914,16.33,3311,8,2701,6138
2021-01-01,"Indianapolis, IN",210000,16.68,3483,8,3174,6431
2020-12-01,"Indianapolis, IN",220000,12.82,3665,10,3418,6514
2020-11-01,"Indianapolis, IN",223000,19.96,3624,8,3333,6564
2020-10-01,"Indianapolis, IN",220000,15.79,3672,9,3335,6702
2020-09-01,"Indianapolis, IN",225000,18.48,3530,10,3533,6971
2020-08-01,"Indianapolis, IN",226000,14.14,3393,10,3117,6908
2020-07-01,"Indianapolis, IN",225000,12.56,3321,14,3046,7185
2020-06-01,"Indianapolis, IN",218000,9.82,2884,19,2800,7452
2020-05-01,"Indianapolis, IN",213700,9.65,2599,19,2936,7779
2020-04-01,"Indianapolis, IN",210000,13.21,2787,16,2188,7365
2020-03-01,"Indianapolis, IN",207500,14.01,3207,20,3221,8340
2020-02-01,"Indianapolis, IN",189901,9.2,3115,21,3195,8544
2020-01-01,"Indianapolis, IN",179980,7.93,2988,22,3163,8585
2019-12-01,"Indianapolis, IN",195000,10.64,3040,21,2928,8720
2019-11-01,"Indianapolis, IN",185900,5.03,3020,20,3057,8916
2019-10-01,"Indianapolis, IN",190000,9.51,3061,20,3216,9077
2019-09-01,"Indianapolis, IN",189900,5.79,2967,20,3205,9124
2019-08-01,"Indianapolis, IN",198000,11.55,3049,20,3167,9236
2019-07-01,"Indianapolis, IN",199900,10.44,3035,20,3205,9285
2019-06-01,"Indianapolis, IN",198500,6.15,3117,19,3124,9325
2019-05-01,"Indianapolis, IN",194900,5.35,3077,19,3352,9422
2019-04-01,"Indianapolis, IN",185500,6,3037,23,3189,9225
2019-03-01,"Indianapolis, IN",182000,5.2,2995,26,3134,9226
2019-02-01,"Indianapolis, IN",173900,4.19,2909,25,3117,9298
2019-01-01,"Indianapolis, IN",166750,6.21,2757,24,3028,9383
2026-05-01,"Jacksonville, FL",388801,6.23,2334,69,2973,12672
2026-04-01,"Jacksonville, FL",372250,0,2367,69,2900,12618
2026-03-01,"Jacksonville, FL",372500,2.36,2272,74,2914,12717
2026-02-01,"Jacksonville, FL",365000,-1.32,2401,71,2903,12897
2026-01-01,"Jacksonville, FL",355000,-0.21,2256,74,2948,12944
2025-12-01,"Jacksonville, FL",370600,-2.47,2385,75,2805,13064
2025-11-01,"Jacksonville, FL",360000,-4.66,2321,76,2880,13516
2025-10-01,"Jacksonville, FL",360000,-4,2346,82,2920,13737
2025-09-01,"Jacksonville, FL",365000,-0.54,2341,81,2925,14046
2025-08-01,"Jacksonville, FL",370000,0.82,2251,82,2999,14409
2025-07-01,"Jacksonville, FL",373990,-2.86,2256,80,2891,14653
2025-06-01,"Jacksonville, FL",372690,-3.2,2289,77,3028,15053
2025-05-01,"Jacksonville, FL",366013,-4.75,2294,75,3065,15338
2025-04-01,"Jacksonville, FL",372250,-2.74,2262,71,3161,15330
2025-03-01,"Jacksonville, FL",363900,-2.96,2337,66,3175,15099
2025-02-01,"Jacksonville, FL",369900,-0.36,2163,65,3206,14638
2025-01-01,"Jacksonville, FL",355745,-1.18,2262,69,3237,14079
2024-12-01,"Jacksonville, FL",379994,1.33,2466,66,3175,13818
2024-11-01,"Jacksonville, FL",377589,0.16,2296,69,3267,13847
2024-10-01,"Jacksonville, FL",375000,3.31,2254,65,3130,13447
2024-09-01,"Jacksonville, FL",366984,1.41,2306,66,3174,13379
2024-08-01,"Jacksonville, FL",366990,-0.79,2346,69,3123,13393
2024-07-01,"Jacksonville, FL",385000,1.85,2354,68,3260,13671
2024-06-01,"Jacksonville, FL",384995,3.42,2338,66,3188,13440
2024-05-01,"Jacksonville, FL",384250,3.87,2346,62,3187,13277
2024-04-01,"Jacksonville, FL",382750,8.46,2372,61,3202,13019
2024-03-01,"Jacksonville, FL",375000,8.7,2445,59,3138,12572
2024-02-01,"Jacksonville, FL",371240,7.35,2319,61,3150,12244
2024-01-01,"Jacksonville, FL",359990,3.45,2145,58,3092,11748
2023-12-01,"Jacksonville, FL",375000,5.2,2075,50,3056,11083
2023-11-01,"Jacksonville, FL",376995,5.99,2217,49,2989,10544
2023-10-01,"Jacksonville, FL",362990,-0.55,2325,46,2942,10215
2023-09-01,"Jacksonville, FL",361885,0.8,2399,46,2999,10022
2023-08-01,"Jacksonville, FL",369900,-0.99,2373,45,2925,9659
2023-07-01,"Jacksonville, FL",377990,-0.63,2423,45,2878,9635
2023-06-01,"Jacksonville, FL",372250,-2.3,2394,46,2826,9376
2023-05-01,"Jacksonville, FL",369945,-1.35,2472,51,2818,9443
2023-04-01,"Jacksonville, FL",352900,-3.32,2544,60,2766,9790
2023-03-01,"Jacksonville, FL",345000,-2.82,2613,58,2817,10210
2023-02-01,"Jacksonville, FL",345820,1.71,2574,59,2764,10600
2023-01-01,"Jacksonville, FL",348000,5.45,2382,48,2731,11066
2022-12-01,"Jacksonville, FL",356460,8.18,2234,50,2753,11181
2022-11-01,"Jacksonville, FL",355692,7.62,2315,46,2726,11063
2022-10-01,"Jacksonville, FL",365000,14.42,2813,41,2862,10974
2022-09-01,"Jacksonville, FL",359000,12.19,2178,37,2729,10657
2022-08-01,"Jacksonville, FL",373600,18.72,2476,35,3314,10633
2022-07-01,"Jacksonville, FL",380392,20.76,2497,29,3395,10132
2022-06-01,"Jacksonville, FL",381000,22.79,2811,27,3603,9575
2022-05-01,"Jacksonville, FL",375000,25.84,2826,26,3533,8668
2022-04-01,"Jacksonville, FL",365000,22.69,2899,24,3449,8023
2022-03-01,"Jacksonville, FL",355000,24.67,3025,24,3344,7917
2022-02-01,"Jacksonville, FL",340000,25.93,3188,24,3439,8260
2022-01-01,"Jacksonville, FL",330000,24.53,3604,27,3418,8845
2021-12-01,"Jacksonville, FL",329500,19.82,3440,27,3688,9283
2021-11-01,"Jacksonville, FL",330500,21.05,3675,29,3601,9536
2021-10-01,"Jacksonville, FL",319000,16.87,3644,28,3572,9901
2021-09-01,"Jacksonville, FL",320000,20.08,3356,29,3705,9864
2021-08-01,"Jacksonville, FL",314700,16.77,3303,28,3691,9612
2021-07-01,"Jacksonville, FL",315000,14.96,3247,27,3691,9089
2021-06-01,"Jacksonville, FL",310275,17.98,3123,28,3521,8710
2021-05-01,"Jacksonville, FL",298000,16.86,3333,29,3613,8845
2021-04-01,"Jacksonville, FL",297500,15.76,3253,31,3584,8874
2021-03-01,"Jacksonville, FL",284750,13.9,3199,32,3456,8708
2021-02-01,"Jacksonville, FL",270000,8.88,3363,32,3428,8987
2021-01-01,"Jacksonville, FL",265000,10.42,3490,35,3402,9352
2020-12-01,"Jacksonville, FL",275000,12.17,3357,38,3404,9552
2020-11-01,"Jacksonville, FL",273032,13.76,3422,38,3337,9823
2020-10-01,"Jacksonville, FL",272950,11.86,3558,43,3382,10123
2020-09-01,"Jacksonville, FL",266500,8.78,3474,47,3269,10257
2020-08-01,"Jacksonville, FL",269500,8.92,3240,47,3289,10614
2020-07-01,"Jacksonville, FL",274000,9.62,3417,57,3165,10993
2020-06-01,"Jacksonville, FL",263000,5.2,2627,60,3207,11494
2020-05-01,"Jacksonville, FL",255000,6.25,2084,53,3041,11520
2020-04-01,"Jacksonville, FL",256990,8.95,2351,49,2496,11369
2020-03-01,"Jacksonville, FL",250000,5.71,2686,51,3286,12138
2020-02-01,"Jacksonville, FL",247990,5.98,2808,53,3123,11907
2020-01-01,"Jacksonville, FL",240000,11.63,2664,55,3189,11823
2019-12-01,"Jacksonville, FL",245164,3.88,2836,53,3127,11847
2019-11-01,"Jacksonville, FL",240000,4.35,2672,53,3089,11973
2019-10-01,"Jacksonville, FL",244000,8.59,2639,51,3211,12061
2019-09-01,"Jacksonville, FL",245000,7.93,2781,52,3037,11742
2019-08-01,"Jacksonville, FL",247429,7.58,2800,50,3096,12038
2019-07-01,"Jacksonville, FL",249948,4.64,2716,52,3156,12411
2019-06-01,"Jacksonville, FL",250000,3.09,2734,53,3104,12607
2019-05-01,"Jacksonville, FL",240000,2.13,2837,52,3232,12848
2019-04-01,"Jacksonville, FL",235876,3.86,2780,50,3162,12927
2019-03-01,"Jacksonville, FL",236500,0.23,2489,53,3157,12994
2019-02-01,"Jacksonville, FL",234000,4,2590,55,3203,12798
2019-01-01,"Jacksonville, FL",215000,1.06,2438,52,3184,12579
2026-05-01,"Kansas City, MO",363878,3.97,2670,24,3025,8736
2026-04-01,"Kansas City, MO",352000,7.01,2670,25,3084,8837
2026-03-01,"Kansas City, MO",345000,6.16,2711,26,3076,8846
2026-02-01,"Kansas City, MO",338500,4.15,2771,29,3249,8980
2026-01-01,"Kansas City, MO",330000,4.76,2666,28,3072,8967
2025-12-01,"Kansas City, MO",337500,3.56,2677,27,2942,8984
2025-11-01,"Kansas City, MO",343496,4.41,2642,26,3143,9234
2025-10-01,"Kansas City, MO",350000,7.69,2613,26,3197,9135
2025-09-01,"Kansas City, MO",349900,6.03,2665,26,3047,9015
2025-08-01,"Kansas City, MO",349975,6.38,2608,29,3007,9051
2025-07-01,"Kansas City, MO",355000,6.29,2558,24,2845,9012
2025-06-01,"Kansas City, MO",359900,2.83,2608,23,3057,9094
2025-05-01,"Kansas City, MO",350000,3.24,2618,23,3232,9076
2025-04-01,"Kansas City, MO",328950,1.22,2624,25,2969,8663
2025-03-01,"Kansas City, MO",324995,5.86,2563,31,2940,8755
2025-02-01,"Kansas City, MO",325000,6.56,2516,31,2819,8781
2025-01-01,"Kansas City, MO",315000,8.25,2523,28,2712,8702
2024-12-01,"Kansas City, MO",325900,8.63,2638,30,2937,8945
2024-11-01,"Kansas City, MO",329000,5.45,2588,28,2910,8818
2024-10-01,"Kansas City, MO",325000,3.17,2563,31,2964,8872
2024-09-01,"Kansas City, MO",330000,4.76,2427,31,3039,8832
2024-08-01,"Kansas City, MO",329000,-0.29,2505,29,2848,8619
2024-07-01,"Kansas City, MO",334000,2.77,2511,33,2887,8576
2024-06-01,"Kansas City, MO",350000,4.51,2454,36,2795,8579
2024-05-01,"Kansas City, MO",339000,2.82,2442,33,2779,8540
2024-04-01,"Kansas City, MO",325000,6.56,2522,30,2870,8663
2024-03-01,"Kansas City, MO",307000,4.07,2517,27,3095,8769
2024-02-01,"Kansas City, MO",305000,8.93,2448,26,3005,8501
2024-01-01,"Kansas City, MO",291000,5.82,2427,26,2884,8224
2023-12-01,"Kansas City, MO",300000,3.48,2377,24,2963,8116
2023-11-01,"Kansas City, MO",312000,7.6,2445,26,2943,7830
2023-10-01,"Kansas City, MO",315000,5,2399,24,2760,7549
2023-09-01,"Kansas City, MO",315000,5,2421,23,2855,7448
2023-08-01,"Kansas City, MO",329950,7.48,2418,25,2745,7176
2023-07-01,"Kansas City, MO",325000,3.17,2437,25,2745,7161
2023-06-01,"Kansas City, MO",334900,2.89,2467,23,2643,7186
2023-05-01,"Kansas City, MO",329700,3.03,2484,25,2745,7379
2023-04-01,"Kansas City, MO",305000,1.56,2496,26,2678,7646
2023-03-01,"Kansas City, MO",295000,0,2438,23,2606,7811
2023-02-01,"Kansas City, MO",280000,2.56,2694,25,2715,8153
2023-01-01,"Kansas City, MO",275000,2.52,2542,25,3084,8460
2022-12-01,"Kansas City, MO",289900,5.42,2525,26,2787,8181
2022-11-01,"Kansas City, MO",289950,7.39,2622,25,2713,8038
2022-10-01,"Kansas City, MO",300000,11.11,2765,22,2867,7993
2022-09-01,"Kansas City, MO",300000,10.29,2814,21,2962,8091
2022-08-01,"Kansas City, MO",307000,11.64,2861,18,3145,8242
2022-07-01,"Kansas City, MO",315000,10.53,2932,17,3377,8300
2022-06-01,"Kansas City, MO",325500,15.2,3002,17,3533,8209
2022-05-01,"Kansas City, MO",320000,14.29,3068,16,3374,7917
2022-04-01,"Kansas City, MO",300325,11.27,3122,15,3379,8050
2022-03-01,"Kansas City, MO",295000,11.74,3187,13,3379,7982
2022-02-01,"Kansas City, MO",273000,8.76,3167,13,3601,7988
2022-01-01,"Kansas City, MO",268250,9.49,3427,14,3381,7919
2021-12-01,"Kansas City, MO",275000,12.24,3421,15,3728,7973
2021-11-01,"Kansas City, MO",270000,8,3486,15,3618,8107
2021-10-01,"Kansas City, MO",270000,6.93,3410,17,3627,8388
2021-09-01,"Kansas City, MO",272000,4.62,3498,17,3544,8614
2021-08-01,"Kansas City, MO",275000,7.84,3451,15,3795,8782
2021-07-01,"Kansas City, MO",285000,10.89,3387,15,3789,8710
2021-06-01,"Kansas City, MO",282550,12.12,3473,14,3726,8402
2021-05-01,"Kansas City, MO",280000,16.72,3417,14,3672,8444
2021-04-01,"Kansas City, MO",269900,13.97,3379,14,3619,8418
2021-03-01,"Kansas City, MO",264000,11.63,3255,16,3590,8365
2021-02-01,"Kansas City, MO",251000,14.09,3435,15,3333,8246
2021-01-01,"Kansas City, MO",245000,13.95,3568,15,3766,8591
2020-12-01,"Kansas City, MO",245000,10.73,3514,15,4155,8455
2020-11-01,"Kansas City, MO",250000,13.64,3493,15,3872,8442
2020-10-01,"Kansas City, MO",252500,16.9,3502,14,4133,8481
2020-09-01,"Kansas City, MO",260000,20.93,3484,16,3817,8227
2020-08-01,"Kansas City, MO",255000,11.35,3307,17,3769,8355
2020-07-01,"Kansas City, MO",257000,10.78,3359,21,3589,8323
2020-06-01,"Kansas City, MO",252000,7.23,3107,26,3320,8523
2020-05-01,"Kansas City, MO",239900,1.98,2669,29,3191,8643
2020-04-01,"Kansas City, MO",236813,4.55,3050,25,2401,8472
2020-03-01,"Kansas City, MO",236500,8.99,3209,28,3324,10029
2020-02-01,"Kansas City, MO",220000,10,3142,31,3304,10105
2020-01-01,"Kansas City, MO",215000,2.38,2990,33,3344,10121
2019-12-01,"Kansas City, MO",221250,7.93,3156,32,3142,10304
2019-11-01,"Kansas City, MO",220000,4.76,2997,30,3433,10425
2019-10-01,"Kansas City, MO",216000,2.86,3015,31,3433,10502
2019-09-01,"Kansas City, MO",215000,5.91,2968,30,3585,10544
2019-08-01,"Kansas City, MO",229000,10.36,3101,31,3519,10454
2019-07-01,"Kansas City, MO",232000,6.66,3009,30,3494,10549
2019-06-01,"Kansas City, MO",235000,6.33,3101,30,3477,10544
2019-05-01,"Kansas City, MO",235250,6.93,3013,29,3583,10767
2019-04-01,"Kansas City, MO",226500,7.86,2982,35,3645,10840
2019-03-01,"Kansas City, MO",217000,4.83,2914,36,3273,10690
2019-02-01,"Kansas City, MO",200000,2.77,2991,34,3103,10888
2019-01-01,"Kansas City, MO",210000,7.97,2932,34,3405,11141
2026-05-01,"Knoxville, TN",408740,3.28,1165,67,1394,5824
2026-04-01,"Knoxville, TN",395900,0.23,1138,67,1422,5708
2026-03-01,"Knoxville, TN",391000,1.03,1024,67,1403,5593
2026-02-01,"Knoxville, TN",389000,-0.23,1177,67,1299,5521
2026-01-01,"Knoxville, TN",380000,2.09,1188,66,1385,5616
2025-12-01,"Knoxville, TN",380450,-1.18,1168,64,1323,5637
2025-11-01,"Knoxville, TN",385000,-1.53,1135,66,1352,5699
2025-10-01,"Knoxville, TN",388900,-2.29,1001,65,1417,5610
2025-09-01,"Knoxville, TN",397400,1.9,1049,64,1318,5434
2025-08-01,"Knoxville, TN",389200,0.57,1164,66,1339,5538
2025-07-01,"Knoxville, TN",392375,0.61,1115,64,1353,5578
2025-06-01,"Knoxville, TN",402000,3.08,1112,62,1310,5552
2025-05-01,"Knoxville, TN",395750,4.17,1065,58,1387,5561
2025-04-01,"Knoxville, TN",395000,6.33,1089,61,1465,5529
2025-03-01,"Knoxville, TN",387000,4.59,1202,57,1472,5392
2025-02-01,"Knoxville, TN",389900,5.52,1061,60,1395,5207
2025-01-01,"Knoxville, TN",372220,-0.74,1047,57,1348,5037
2024-12-01,"Knoxville, TN",385000,5.24,1079,58,1337,4953
2024-11-01,"Knoxville, TN",391000,8.95,1094,58,1366,4856
2024-10-01,"Knoxville, TN",398000,10.59,1116,57,1284,4752
2024-09-01,"Knoxville, TN",390000,7.51,1032,57,1325,4676
2024-08-01,"Knoxville, TN",387000,5.02,1057,54,1285,4588
2024-07-01,"Knoxville, TN",390000,5.41,1030,56,1322,4484
2024-06-01,"Knoxville, TN",390000,4,1030,56,1252,4393
2024-05-01,"Knoxville, TN",379900,2.7,1103,57,1232,4462
2024-04-01,"Knoxville, TN",371500,6.14,1105,54,1209,4477
2024-03-01,"Knoxville, TN",370000,5.74,1155,58,1241,4582
2024-02-01,"Knoxville, TN",369500,9.77,1066,58,1304,4566
2024-01-01,"Knoxville, TN",375000,13.64,1051,54,1172,4431
2023-12-01,"Knoxville, TN",365814,11.11,946,52,1359,4377
2023-11-01,"Knoxville, TN",358895,8.76,1031,48,1313,4148
2023-10-01,"Knoxville, TN",359900,12.47,1020,48,1287,3945
2023-09-01,"Knoxville, TN",362750,10.59,953,47,1259,3766
2023-08-01,"Knoxville, TN",368500,5.74,944,49,1115,3529
2023-07-01,"Knoxville, TN",370000,10.45,957,48,1102,3446
2023-06-01,"Knoxville, TN",375000,6.84,959,47,1104,3400
2023-05-01,"Knoxville, TN",369900,8.79,1027,49,1054,3387
2023-04-01,"Knoxville, TN",350000,6.06,1002,48,1022,3484
2023-03-01,"Knoxville, TN",349900,9.34,1024,50,1042,3616
2023-02-01,"Knoxville, TN",336600,10.36,1023,46,1096,3750
2023-01-01,"Knoxville, TN",330000,10,1061,50,1236,3859
2022-12-01,"Knoxville, TN",329250,9.02,1078,48,1125,3749
2022-11-01,"Knoxville, TN",330000,10,1051,48,1194,3803
2022-10-01,"Knoxville, TN",320000,11.11,1143,48,1155,3856
2022-09-01,"Knoxville, TN",328000,13.1,1193,48,1246,3967
2022-08-01,"Knoxville, TN",348500,20.21,1180,45,1309,4011
2022-07-01,"Knoxville, TN",335000,13.56,1213,44,1353,4048
2022-06-01,"Knoxville, TN",351000,23.16,1168,42,1548,3960
2022-05-01,"Knoxville, TN",340000,25.93,1177,42,1395,3713
2022-04-01,"Knoxville, TN",330000,20.88,1208,42,1342,3665
2022-03-01,"Knoxville, TN",320000,23.08,1190,38,1354,3594
2022-02-01,"Knoxville, TN",305000,22,1282,36,1353,3610
2022-01-01,"Knoxville, TN",300000,20.05,1474,40,1276,3739
2021-12-01,"Knoxville, TN",302000,20.85,1387,43,1380,3834
2021-11-01,"Knoxville, TN",300000,20.22,1518,44,1374,3970
2021-10-01,"Knoxville, TN",288000,12.96,1422,45,1361,4103
2021-09-01,"Knoxville, TN",290000,17.55,1380,45,1438,4215
2021-08-01,"Knoxville, TN",289900,16.29,1324,45,1494,4155
2021-07-01,"Knoxville, TN",295000,19.43,1279,44,1467,4021
2021-06-01,"Knoxville, TN",285000,20.76,1309,47,1434,3977
2021-05-01,"Knoxville, TN",270000,20,1171,46,1373,3865
2021-04-01,"Knoxville, TN",273000,18.75,1260,49,1244,3852
2021-03-01,"Knoxville, TN",260000,16.59,1293,48,1148,4053
2021-02-01,"Knoxville, TN",250000,15.72,1348,49,1362,4329
2021-01-01,"Knoxville, TN",249900,19.86,1472,50,1312,4444
2020-12-01,"Knoxville, TN",249900,14.11,1521,50,1398,4632
2020-11-01,"Knoxville, TN",249545,15,1407,48,1465,4636
2020-10-01,"Knoxville, TN",254950,19.69,1457,51,1528,4651
2020-09-01,"Knoxville, TN",246710,12.14,1426,52,1408,4549
2020-08-01,"Knoxville, TN",249300,13.32,1303,55,1364,4574
2020-07-01,"Knoxville, TN",247000,11.51,1356,58,1298,4690
2020-06-01,"Knoxville, TN",236000,7.27,1233,59,1227,4832
2020-05-01,"Knoxville, TN",225000,0.04,990,61,1295,4834
2020-04-01,"Knoxville, TN",229900,9.48,1110,56,1004,4797
2020-03-01,"Knoxville, TN",223000,9.56,1267,60,1376,5242
2020-02-01,"Knoxville, TN",216040,13.77,1219,62,1299,5226
2020-01-01,"Knoxville, TN",208500,4.77,1203,63,1338,5276
2019-12-01,"Knoxville, TN",219000,9.55,1315,59,1321,5404
2019-11-01,"Knoxville, TN",217000,4.84,1226,62,1366,5423
2019-10-01,"Knoxville, TN",213000,1.43,1232,58,1393,5387
2019-09-01,"Knoxville, TN",220000,10,1230,60,1402,5382
2019-08-01,"Knoxville, TN",220000,9.78,1234,61,1424,5381
2019-07-01,"Knoxville, TN",221500,9.11,1233,61,1318,5351
2019-06-01,"Knoxville, TN",220000,10,1198,61,1314,5403
2019-05-01,"Knoxville, TN",224900,9.71,1240,62,1380,5509
2019-04-01,"Knoxville, TN",210000,11.41,1276,61,1326,5614
2019-03-01,"Knoxville, TN",203543,2.93,1178,60,1393,5627
2019-02-01,"Knoxville, TN",189900,0.77,1176,63,1385,5627
2019-01-01,"Knoxville, TN",199000,10.56,1143,61,1406,5555
2026-05-01,"Lake County, IL",418958,4.74,855,52,1006,3021
2026-04-01,"Lake County, IL",420000,10.53,838,48,985,3007
2026-03-01,"Lake County, IL",370500,2.92,808,49,980,2998
2026-02-01,"Lake County, IL",352000,10.02,840,46,1009,2979
2026-01-01,"Lake County, IL",360500,9.24,804,52,949,2969
2025-12-01,"Lake County, IL",355000,4.41,794,52,897,2969
2025-11-01,"Lake County, IL",360000,0,817,51,913,2974
2025-10-01,"Lake County, IL",360000,9.09,829,54,949,2982
2025-09-01,"Lake County, IL",364990,4.88,828,52,953,2997
2025-08-01,"Lake County, IL",389000,5.63,819,53,950,3004
2025-07-01,"Lake County, IL",385000,2.67,829,55,926,3006
2025-06-01,"Lake County, IL",400000,6.67,832,52,912,3013
2025-05-01,"Lake County, IL",400000,11.73,827,54,974,3018
2025-04-01,"Lake County, IL",380000,13.43,823,52,983,3025
2025-03-01,"Lake County, IL",360000,8.93,826,51,915,3020
2025-02-01,"Lake County, IL",319950,-7.66,880,55,976,3042
2025-01-01,"Lake County, IL",330000,6.45,826,53,999,3043
2024-12-01,"Lake County, IL",340000,9.68,905,49,1020,3018
2024-11-01,"Lake County, IL",360000,12.85,825,52,1001,2994
2024-10-01,"Lake County, IL",330000,3.13,853,50,1004,2975
2024-09-01,"Lake County, IL",348000,3.88,778,52,970,2930
2024-08-01,"Lake County, IL",368250,5.21,791,52,951,2893
2024-07-01,"Lake County, IL",375000,7.14,818,53,914,2876
2024-06-01,"Lake County, IL",375000,3.95,801,52,910,2857
2024-05-01,"Lake County, IL",358000,4.55,826,53,904,2850
2024-04-01,"Lake County, IL",335000,-0.89,791,50,893,2828
2024-03-01,"Lake County, IL",330500,8.36,855,42,911,2810
2024-02-01,"Lake County, IL",346500,26,805,48,888,2789
2024-01-01,"Lake County, IL",310000,10.32,842,47,851,2782
2023-12-01,"Lake County, IL",310000,6.9,871,50,999,2796
2023-11-01,"Lake County, IL",319000,8.69,828,49,949,2795
2023-10-01,"Lake County, IL",320000,16.36,776,47,932,2791
2023-09-01,"Lake County, IL",335000,7.89,814,52,950,2809
2023-08-01,"Lake County, IL",350000,10.76,888,53,909,2837
2023-07-01,"Lake County, IL",350000,9.03,862,54,948,2858
2023-06-01,"Lake County, IL",360750,3.07,782,54,951,2890
2023-05-01,"Lake County, IL",342430,7.01,820,54,865,2916
2023-04-01,"Lake County, IL",338000,5.62,837,51,861,2963
2023-03-01,"Lake County, IL",305000,4.45,853,53,906,3034
2023-02-01,"Lake County, IL",275000,1.85,900,50,914,3102
2023-01-01,"Lake County, IL",281000,4.07,853,55,1009,3399
2022-12-01,"Lake County, IL",290000,6.72,819,52,898,3252
2022-11-01,"Lake County, IL",293500,3.53,908,53,1017,3312
2022-10-01,"Lake County, IL",275000,-3.51,944,58,1012,3366
2022-09-01,"Lake County, IL",310500,6.34,1006,58,1040,3429
2022-08-01,"Lake County, IL",316000,8.97,1007,57,1065,3485
2022-07-01,"Lake County, IL",321000,3.55,1004,58,1099,3534
2022-06-01,"Lake County, IL",350000,7.69,1117,59,1203,3821
2022-05-01,"Lake County, IL",320000,6.67,1068,55,1227,3845
2022-04-01,"Lake County, IL",320000,3.16,1239,51,1227,3874
2022-03-01,"Lake County, IL",292000,3.55,1117,46,1316,3889
2022-02-01,"Lake County, IL",270000,5.95,1186,42,1255,3584
2022-01-01,"Lake County, IL",270000,1.12,1367,28,1258,3548
2021-12-01,"Lake County, IL",271750,5.33,1297,28,1417,3524
2021-11-01,"Lake County, IL",283500,11.18,1409,28,1416,3538
2021-10-01,"Lake County, IL",285000,3.64,1325,26,1406,3564
2021-09-01,"Lake County, IL",292000,6.18,1410,20,1402,3559
2021-08-01,"Lake County, IL",290000,9.33,1351,19,1470,3555
2021-07-01,"Lake County, IL",310000,16.98,1393,15,1576,3549
2021-06-01,"Lake County, IL",325000,30.52,1408,14,1546,3544
2021-05-01,"Lake County, IL",300000,23.97,1418,15,1506,3542
2021-04-01,"Lake County, IL",310200,21.65,1317,18,1544,3540
2021-03-01,"Lake County, IL",282000,10.59,1316,29,1465,3517
2021-02-01,"Lake County, IL",254834,12.01,1353,32,1361,3497
2021-01-01,"Lake County, IL",267000,21.42,1334,31,1433,4051
2020-12-01,"Lake County, IL",258000,16.74,1380,31,1551,4065
2020-11-01,"Lake County, IL",255000,9.91,1491,32,1515,4080
2020-10-01,"Lake County, IL",275000,20.04,1530,31,1516,4086
2020-09-01,"Lake County, IL",275000,19.57,1484,36,1522,4105
2020-08-01,"Lake County, IL",265250,10.34,1385,41,1553,4138
2020-07-01,"Lake County, IL",265000,4.95,1333,47,1472,4160
2020-06-01,"Lake County, IL",249000,-0.28,880,59,1333,4183
2020-05-01,"Lake County, IL",242000,1.89,848,53,985,4204
2020-04-01,"Lake County, IL",255000,10.87,926,71,764,4770
2020-03-01,"Lake County, IL",255000,13.33,1123,77,1295,6260
2020-02-01,"Lake County, IL",227500,6.31,1084,81,1455,6358
2020-01-01,"Lake County, IL",219900,7.79,1082,83,1535,6424
2019-12-01,"Lake County, IL",221000,2.79,1085,78,1243,6427
2019-11-01,"Lake County, IL",232000,10.48,994,81,1342,6433
2019-10-01,"Lake County, IL",229088,8.06,1057,81,1364,6421
2019-09-01,"Lake County, IL",230000,5.26,1054,82,1319,6431
2019-08-01,"Lake County, IL",240395,9.27,1051,76,1337,6411
2019-07-01,"Lake County, IL",252500,6.29,1033,78,1403,6398
2019-06-01,"Lake County, IL",249700,-1.69,1089,75,1392,6387
2019-05-01,"Lake County, IL",237500,-2.26,1127,75,1427,6401
2019-04-01,"Lake County, IL",230000,0.22,1107,65,1490,6385
2019-03-01,"Lake County, IL",225000,2.27,1071,69,1504,6342
2019-02-01,"Lake County, IL",214000,1.41,1019,76,1475,6313
2019-01-01,"Lake County, IL",204000,2,918,77,1326,6298
2026-05-01,"Lakeland, FL",315054,-1.08,1077,60,1424,6409
2026-04-01,"Lakeland, FL",310306,-1.49,1037,61,1385,6526
2026-03-01,"Lakeland, FL",313000,0.97,1074,57,1456,6560
2026-02-01,"Lakeland, FL",305000,-3.17,1013,51,1415,6599
2026-01-01,"Lakeland, FL",311490,0.48,1035,54,1469,6683
2025-12-01,"Lakeland, FL",310000,-1.27,1099,66,1397,6734
2025-11-01,"Lakeland, FL",313205,-0.57,1071,60,1445,6824
2025-10-01,"Lakeland, FL",313428,-1.13,1099,60,1523,6919
2025-09-01,"Lakeland, FL",322500,2.68,1139,65,1370,6940
2025-08-01,"Lakeland, FL",314990,-1.1,1127,63,1391,7111
2025-07-01,"Lakeland, FL",312000,-1.27,1128,73,1439,7310
2025-06-01,"Lakeland, FL",315000,-2.47,1081,71,1503,7437
2025-05-01,"Lakeland, FL",318490,-0.13,1147,60,1617,7569
2025-04-01,"Lakeland, FL",315000,-2.72,1172,62,1647,7626
2025-03-01,"Lakeland, FL",310000,-3.13,1261,65,1656,7660
2025-02-01,"Lakeland, FL",315000,-1.91,1170,57,1732,7669
2025-01-01,"Lakeland, FL",310000,-3.13,1085,58,1642,7504
2024-12-01,"Lakeland, FL",313990,-1.86,1260,62,1641,7416
2024-11-01,"Lakeland, FL",315000,-3.08,1191,58,1611,7436
2024-10-01,"Lakeland, FL",317000,-2.46,1112,56,1450,7366
2024-09-01,"Lakeland, FL",314093,-2.76,1244,58,1619,7494
2024-08-01,"Lakeland, FL",318499,-2,1262,53,1701,7462
2024-07-01,"Lakeland, FL",316000,-1.48,1300,54,1702,7431
2024-06-01,"Lakeland, FL",322990,-0.62,1368,50,1832,7390
2024-05-01,"Lakeland, FL",318900,-1.88,1325,48,1842,7276
2024-04-01,"Lakeland, FL",323800,1.19,1263,44,1817,7110
2024-03-01,"Lakeland, FL",320000,0.69,1229,44,1791,6877
2024-02-01,"Lakeland, FL",321118,1.94,1322,41,1858,6643
2024-01-01,"Lakeland, FL",320000,1.91,1278,40,1718,6362
2023-12-01,"Lakeland, FL",319925,-0.39,1217,35,1689,6177
2023-11-01,"Lakeland, FL",325000,0.03,1350,33,1834,6036
2023-10-01,"Lakeland, FL",325000,-0.91,1217,31,1754,5717
2023-09-01,"Lakeland, FL",323000,-0.63,1334,34,1707,5429
2023-08-01,"Lakeland, FL",325000,-0.85,1282,34,1608,5202
2023-07-01,"Lakeland, FL",320745,-2.21,1293,33,1667,5069
2023-06-01,"Lakeland, FL",325000,-2.98,1240,29,1521,4985
2023-05-01,"Lakeland, FL",325000,-0.91,1276,32,1589,5031
2023-04-01,"Lakeland, FL",320000,1.59,1333,33,1592,5071
2023-03-01,"Lakeland, FL",317795,2.51,1309,38,1428,5049
2023-02-01,"Lakeland, FL",315000,1.61,1369,41,1467,5225
2023-01-01,"Lakeland, FL",314000,7.94,1201,33,1520,5320
2022-12-01,"Lakeland, FL",321178,8.73,1255,31,1552,5307
2022-11-01,"Lakeland, FL",324900,16.04,1175,28,1459,5199
2022-10-01,"Lakeland, FL",328000,19.27,1394,26,1495,5152
2022-09-01,"Lakeland, FL",325050,20.01,1168,20,1506,5079
2022-08-01,"Lakeland, FL",327800,22.03,1337,16,1914,5209
2022-07-01,"Lakeland, FL",328000,26.15,1447,12,1986,4757
2022-06-01,"Lakeland, FL",334990,30.86,1466,9,2112,4433
2022-05-01,"Lakeland, FL",328000,29.8,1528,9,2042,3928
2022-04-01,"Lakeland, FL",315000,29.9,1415,8,1779,3515
2022-03-01,"Lakeland, FL",310000,29.64,1538,7,1701,3358
2022-02-01,"Lakeland, FL",310000,31.92,1544,8,1661,3138
2022-01-01,"Lakeland, FL",290900,24.32,1674,11,1564,3115
2021-12-01,"Lakeland, FL",295400,26.75,1537,10,1659,3162
2021-11-01,"Lakeland, FL",280000,22.03,1677,8,1647,3251
2021-10-01,"Lakeland, FL",275000,23.32,1583,9,1797,3311
2021-09-01,"Lakeland, FL",270850,25.06,1470,8,1630,3212
2021-08-01,"Lakeland, FL",268625,23.23,1410,9,1579,3194
2021-07-01,"Lakeland, FL",260000,20.37,1338,7,1607,3043
2021-06-01,"Lakeland, FL",256000,19.79,1480,8,1571,2870
2021-05-01,"Lakeland, FL",252700,26.35,1375,10,1512,2827
2021-04-01,"Lakeland, FL",242492,16.08,1529,13,1383,2907
2021-03-01,"Lakeland, FL",239115,19.56,1503,14,1477,3160
2021-02-01,"Lakeland, FL",234999,18.69,1491,20,1363,3271
2021-01-01,"Lakeland, FL",234000,17.59,1589,19,1379,3526
2020-12-01,"Lakeland, FL",233055,15.95,1552,19,1483,3702
2020-11-01,"Lakeland, FL",229461,13.62,1524,20,1455,3738
2020-10-01,"Lakeland, FL",222990,14.02,1624,24,1545,3887
2020-09-01,"Lakeland, FL",216579,8.83,1545,25,1518,4079
2020-08-01,"Lakeland, FL",217990,8.99,1424,32,1471,4230
2020-07-01,"Lakeland, FL",216000,8.05,1406,48,1420,4493
2020-06-01,"Lakeland, FL",213700,6.86,1246,45,1356,4741
2020-05-01,"Lakeland, FL",200000,3.76,910,35,1257,4933
2020-04-01,"Lakeland, FL",208900,10.06,947,31,1054,4889
2020-03-01,"Lakeland, FL",200000,7.56,1254,32,1496,5037
2020-02-01,"Lakeland, FL",198000,7.61,1273,40,1400,5079
2020-01-01,"Lakeland, FL",199000,17.06,1313,35,1434,5207
2019-12-01,"Lakeland, FL",201000,10.59,1295,33,1445,5238
2019-11-01,"Lakeland, FL",201950,10.66,1345,32,1518,5255
2019-10-01,"Lakeland, FL",195575,7.96,1225,35,1507,5344
2019-09-01,"Lakeland, FL",199000,8.15,1337,33,1564,5329
2019-08-01,"Lakeland, FL",200000,8.11,1330,27,1567,5287
2019-07-01,"Lakeland, FL",199900,11.06,1308,30,1486,5225
2019-06-01,"Lakeland, FL",199990,11.17,1295,41,1506,5207
2019-05-01,"Lakeland, FL",192750,9.83,1265,40,1408,5213
2019-04-01,"Lakeland, FL",189799,6.81,1241,38,1442,5413
2019-03-01,"Lakeland, FL",185950,8.43,1188,39,1451,5453
2019-02-01,"Lakeland, FL",184000,12.2,1128,39,1482,5419
2019-01-01,"Lakeland, FL",170000,1.19,1090,38,1515,5298
2026-05-01,"Las Vegas, NV",453602,1.02,2511,64,3365,14424
2026-04-01,"Las Vegas, NV",440000,-2,2474,65,3302,14427
2026-03-01,"Las Vegas, NV",450000,0.02,2557,59,3304,14458
2026-02-01,"Las Vegas, NV",440000,-0.56,2476,64,3464,14421
2026-01-01,"Las Vegas, NV",437200,-0.64,2407,58,3373,14158
2025-12-01,"Las Vegas, NV",445000,1.37,2496,56,3124,14112
2025-11-01,"Las Vegas, NV",450000,0.9,2480,58,3052,14144
2025-10-01,"Las Vegas, NV",440000,-0.22,2364,58,3168,14048
2025-09-01,"Las Vegas, NV",440000,-1.12,2430,62,3161,14019
2025-08-01,"Las Vegas, NV",447500,1.36,2405,62,3196,14005
2025-07-01,"Las Vegas, NV",445000,-0.89,2411,67,3338,14211
2025-06-01,"Las Vegas, NV",449900,0.77,2312,60,3501,14372
2025-05-01,"Las Vegas, NV",449000,2.05,2366,56,3592,14412
2025-04-01,"Las Vegas, NV",449000,2.44,2538,55,3758,14065
2025-03-01,"Las Vegas, NV",449900,4.02,2585,50,3562,13511
2025-02-01,"Las Vegas, NV",442500,1.72,2700,43,3475,13095
2025-01-01,"Las Vegas, NV",440000,6.02,2583,42,3603,12728
2024-12-01,"Las Vegas, NV",439000,4.52,2645,42,3324,12185
2024-11-01,"Las Vegas, NV",446000,7.47,2598,38,3289,11813
2024-10-01,"Las Vegas, NV",440990,5,2604,43,3267,11513
2024-09-01,"Las Vegas, NV",445000,7.23,2526,44,3316,11221
2024-08-01,"Las Vegas, NV",441493,6.38,2687,46,3403,10740
2024-07-01,"Las Vegas, NV",449000,7.16,2623,50,3497,10471
2024-06-01,"Las Vegas, NV",446445,7.58,2643,49,3551,10425
2024-05-01,"Las Vegas, NV",440000,6.73,2702,46,3367,10371
2024-04-01,"Las Vegas, NV",438318,9.58,2656,45,3100,10226
2024-03-01,"Las Vegas, NV",432500,8.13,2584,40,3147,10337
2024-02-01,"Las Vegas, NV",435000,9.65,2667,35,3122,10277
2024-01-01,"Las Vegas, NV",415000,5.22,2522,37,3140,10111
2023-12-01,"Las Vegas, NV",420000,5,2396,33,2922,9838
2023-11-01,"Las Vegas, NV",415000,3.75,2298,29,3123,9183
2023-10-01,"Las Vegas, NV",420000,2.44,2395,35,2972,8516
2023-09-01,"Las Vegas, NV",415000,-2.24,2558,38,2889,8295
2023-08-01,"Las Vegas, NV",415000,-1.06,2565,42,2955,8244
2023-07-01,"Las Vegas, NV",419000,-3.68,2670,48,2925,8472
2023-06-01,"Las Vegas, NV",415000,-7.78,2622,50,3027,8973
2023-05-01,"Las Vegas, NV",412250,-8.39,2651,54,2757,9563
2023-04-01,"Las Vegas, NV",400000,-9.91,2555,58,2740,10427
2023-03-01,"Las Vegas, NV",400000,-6.98,2628,64,2531,11031
2023-02-01,"Las Vegas, NV",396700,-6.22,2595,64,2568,11951
2023-01-01,"Las Vegas, NV",394400,-2.52,2294,60,2639,12700
2022-12-01,"Las Vegas, NV",400000,0,2144,56,2645,13255
2022-11-01,"Las Vegas, NV",400000,1.27,2321,49,2638,13519
2022-10-01,"Las Vegas, NV",410000,7.61,2501,51,3074,14095
2022-09-01,"Las Vegas, NV",424510,11.71,2601,48,3373,14440
2022-08-01,"Las Vegas, NV",419448,11.85,2518,42,3991,14527
2022-07-01,"Las Vegas, NV",435000,14.83,2729,38,5081,13800
2022-06-01,"Las Vegas, NV",450000,23.29,3080,32,5504,12216
2022-05-01,"Las Vegas, NV",450000,26.76,3432,27,4749,10697
2022-04-01,"Las Vegas, NV",444000,28.7,3629,24,4450,9897
2022-03-01,"Las Vegas, NV",430000,27.33,3702,17,3990,9416
2022-02-01,"Las Vegas, NV",423000,27.79,3828,9,4049,9445
2022-01-01,"Las Vegas, NV",404600,26.12,4466,16,4057,9594
2021-12-01,"Las Vegas, NV",400000,25,4305,16,4205,9679
2021-11-01,"Las Vegas, NV",395000,22.67,4687,18,4431,10174
2021-10-01,"Las Vegas, NV",381000,19.79,4353,24,4497,10398
2021-09-01,"Las Vegas, NV",380000,19.87,4252,24,4385,10301
2021-08-01,"Las Vegas, NV",375000,20.48,4119,27,4677,10479
2021-07-01,"Las Vegas, NV",378806,22.22,4066,32,4903,10267
2021-06-01,"Las Vegas, NV",365000,17.95,4017,27,4746,9903
2021-05-01,"Las Vegas, NV",355000,18.33,3932,27,4478,10010
2021-04-01,"Las Vegas, NV",345000,17.35,4234,29,4335,10164
2021-03-01,"Las Vegas, NV",337694,14.09,4213,29,4089,10401
2021-02-01,"Las Vegas, NV",331000,12.2,4206,26,4096,11037
2021-01-01,"Las Vegas, NV",320800,12.56,4386,28,3832,11608
2020-12-01,"Las Vegas, NV",320000,8.47,4339,30,4396,12104
2020-11-01,"Las Vegas, NV",322000,11.81,4435,31,4199,12380
2020-10-01,"Las Vegas, NV",318050,10.05,4058,37,4198,12723
2020-09-01,"Las Vegas, NV",317000,8.56,3996,42,4533,12992
2020-08-01,"Las Vegas, NV",311250,8.64,3591,52,4355,12947
2020-07-01,"Las Vegas, NV",309950,8.75,3672,60,4079,12993
2020-06-01,"Las Vegas, NV",309450,8.01,2482,58,3562,13066
2020-05-01,"Las Vegas, NV",300000,5.47,1941,53,3330,13090
2020-04-01,"Las Vegas, NV",294000,5.76,2251,47,2687,12470
2020-03-01,"Las Vegas, NV",296000,5.71,3219,44,3995,13273
2020-02-01,"Las Vegas, NV",295000,7.27,3537,44,3966,13387
2020-01-01,"Las Vegas, NV",285000,1.79,3632,47,3700,13635
2019-12-01,"Las Vegas, NV",295000,7.27,3541,46,3402,13842
2019-11-01,"Las Vegas, NV",288000,3.97,3412,42,3668,14287
2019-10-01,"Las Vegas, NV",289000,4.71,3625,50,3895,14737
2019-09-01,"Las Vegas, NV",292000,4.29,3625,52,3899,15229
2019-08-01,"Las Vegas, NV",286500,4.18,3705,57,4034,15649
2019-07-01,"Las Vegas, NV",285000,5.17,3521,60,4161,16188
2019-06-01,"Las Vegas, NV",286500,5.62,3438,56,4568,16545
2019-05-01,"Las Vegas, NV",284450,5.35,3582,58,4459,16758
2019-04-01,"Las Vegas, NV",278000,3.44,3352,52,4504,16451
2019-03-01,"Las Vegas, NV",280000,5.66,3188,49,4509,16273
2019-02-01,"Las Vegas, NV",275000,7.84,3072,42,4105,15764
2019-01-01,"Las Vegas, NV",280000,12,2915,38,4503,15369
2026-05-01,"Little Rock, AR",257107,9.41,907,55,1139,4628
2026-04-01,"Little Rock, AR",254000,4.42,1030,59,1205,4690
2026-03-01,"Little Rock, AR",252000,3.3,882,66,1149,4604
2026-02-01,"Little Rock, AR",247160,8.4,947,66,1193,4626
2026-01-01,"Little Rock, AR",250875,9.56,902,61,1057,4571
2025-12-01,"Little Rock, AR",238000,4.62,901,59,1104,4636
2025-11-01,"Little Rock, AR",248500,1.47,889,59,1149,4701
2025-10-01,"Little Rock, AR",249500,3.96,870,57,1138,4608
2025-09-01,"Little Rock, AR",247750,3.66,883,54,1160,4542
2025-08-01,"Little Rock, AR",249900,4.13,864,60,1133,4468
2025-07-01,"Little Rock, AR",250000,4.17,873,56,1104,4441
2025-06-01,"Little Rock, AR",259000,5.07,899,59,1089,4445
2025-05-01,"Little Rock, AR",235000,-4.86,860,56,1069,4418
2025-04-01,"Little Rock, AR",243238,1.35,846,57,1090,4397
2025-03-01,"Little Rock, AR",243950,6.07,943,61,1155,4465
2025-02-01,"Little Rock, AR",228000,5.07,823,62,1124,4406
2025-01-01,"Little Rock, AR",228985,1.77,890,60,1161,4345
2024-12-01,"Little Rock, AR",227500,5.81,901,57,1119,4288
2024-11-01,"Little Rock, AR",244900,13.34,871,53,1127,4243
2024-10-01,"Little Rock, AR",240000,7.19,929,57,1101,4208
2024-09-01,"Little Rock, AR",239000,3.91,824,51,1085,4140
2024-08-01,"Little Rock, AR",240000,4.35,867,50,1092,4018
2024-07-01,"Little Rock, AR",240000,3,842,49,1122,3913
2024-06-01,"Little Rock, AR",246500,4.19,802,47,1114,3778
2024-05-01,"Little Rock, AR",247000,4.66,860,47,1113,3674
2024-04-01,"Little Rock, AR",240000,6.03,870,47,1043,3590
2024-03-01,"Little Rock, AR",230000,0,868,46,1047,3576
2024-02-01,"Little Rock, AR",217000,-1.36,833,44,1047,3541
2024-01-01,"Little Rock, AR",225000,7.14,846,47,980,3518
2023-12-01,"Little Rock, AR",215000,-2.03,810,47,1137,3549
2023-11-01,"Little Rock, AR",216075,-4.58,752,44,1001,3345
2023-10-01,"Little Rock, AR",223900,3.18,814,39,1039,3247
2023-09-01,"Little Rock, AR",230000,0.25,787,40,1052,3096
2023-08-01,"Little Rock, AR",230000,-2.13,792,41,1047,2917
2023-07-01,"Little Rock, AR",233000,3.01,804,39,881,2738
2023-06-01,"Little Rock, AR",236587,1.98,832,38,942,2760
2023-05-01,"Little Rock, AR",236000,9.77,799,38,947,2730
2023-04-01,"Little Rock, AR",226350,2.86,832,37,906,2801
2023-03-01,"Little Rock, AR",230000,8.49,905,37,908,2920
2023-02-01,"Little Rock, AR",220000,7.58,903,34,972,3078
2023-01-01,"Little Rock, AR",210000,-1.41,876,41,1072,3185
2022-12-01,"Little Rock, AR",219450,2.07,909,39,1021,3152
2022-11-01,"Little Rock, AR",226450,10.46,857,38,1097,3091
2022-10-01,"Little Rock, AR",217000,8.55,948,36,1068,3025
2022-09-01,"Little Rock, AR",229433,12.19,919,39,1041,3020
2022-08-01,"Little Rock, AR",235000,17.5,1048,37,1074,3069
2022-07-01,"Little Rock, AR",226183,10.33,999,35,1173,3053
2022-06-01,"Little Rock, AR",232000,17.99,997,37,1215,3038
2022-05-01,"Little Rock, AR",215000,4.88,1196,35,1224,3095
2022-04-01,"Little Rock, AR",220050,10.02,1068,33,1256,3143
2022-03-01,"Little Rock, AR",212000,13.37,1116,33,1246,3192
2022-02-01,"Little Rock, AR",204500,13.61,1149,31,1161,3206
2022-01-01,"Little Rock, AR",213000,18.33,1280,32,1193,3267
2021-12-01,"Little Rock, AR",215000,16.22,1209,35,1224,3282
2021-11-01,"Little Rock, AR",205000,9.92,1327,36,1266,3386
2021-10-01,"Little Rock, AR",199900,7.76,1266,39,1276,3523
2021-09-01,"Little Rock, AR",204500,10.54,1223,39,1294,3612
2021-08-01,"Little Rock, AR",200000,7.82,1135,44,1311,3862
2021-07-01,"Little Rock, AR",205000,9.63,1103,48,1352,3993
2021-06-01,"Little Rock, AR",196625,9.27,1151,48,1274,3958
2021-05-01,"Little Rock, AR",205000,15.17,1139,48,1301,3928
2021-04-01,"Little Rock, AR",200000,12.99,1011,48,1186,3761
2021-03-01,"Little Rock, AR",187000,6.49,1051,48,1212,3665
2021-02-01,"Little Rock, AR",180000,9.76,1100,39,931,3465
2021-01-01,"Little Rock, AR",180000,10.77,1213,43,1183,3527
2020-12-01,"Little Rock, AR",185000,8.82,1190,44,1161,3694
2020-11-01,"Little Rock, AR",186500,6.66,1320,46,1199,3868
2020-10-01,"Little Rock, AR",185500,12.49,1230,49,1251,3942
2020-09-01,"Little Rock, AR",185000,12.12,1198,51,1205,3963
2020-08-01,"Little Rock, AR",185500,9.08,1183,50,1204,4065
2020-07-01,"Little Rock, AR",187000,10.06,1102,52,1241,4143
2020-06-01,"Little Rock, AR",179950,4.02,1040,58,1187,4081
2020-05-01,"Little Rock, AR",178000,4.71,900,64,1112,4046
2020-04-01,"Little Rock, AR",177000,8.92,889,58,788,4046
2020-03-01,"Little Rock, AR",175600,9.82,983,54,1127,4428
2020-02-01,"Little Rock, AR",164000,4.74,1013,62,1105,4437
2020-01-01,"Little Rock, AR",162500,-0.69,942,62,1136,4473
2019-12-01,"Little Rock, AR",170000,6.42,940,61,1142,4489
2019-11-01,"Little Rock, AR",174850,8.27,894,56,1084,4415
2019-10-01,"Little Rock, AR",164900,3.39,923,59,1049,4468
2019-09-01,"Little Rock, AR",165000,2.33,992,60,1069,4606
2019-08-01,"Little Rock, AR",170063,6.86,939,60,1104,4658
2019-07-01,"Little Rock, AR",169900,4.91,944,66,1061,4690
2019-06-01,"Little Rock, AR",173000,3.62,920,65,1046,4708
2019-05-01,"Little Rock, AR",170000,3.03,947,66,1087,4818
2019-04-01,"Little Rock, AR",162500,-1.52,940,65,1128,4856
2019-03-01,"Little Rock, AR",159900,3.83,928,60,1127,4937
2019-02-01,"Little Rock, AR",156572,0.53,940,74,1100,5003
2019-01-01,"Little Rock, AR",163625,7.01,841,66,1178,5025
2026-05-01,"Los Angeles, CA",937111,0.76,4332,49,5655,23011
2026-04-01,"Los Angeles, CA",930000,2.31,4107,50,5795,23156
2026-03-01,"Los Angeles, CA",913000,-1.3,4161,51,6035,23086
2026-02-01,"Los Angeles, CA",905000,-1.47,4279,53,6034,22872
2026-01-01,"Los Angeles, CA",880000,-0.56,4116,53,6082,22554
2025-12-01,"Los Angeles, CA",890000,-1.66,4149,52,5795,22503
2025-11-01,"Los Angeles, CA",900000,0.56,4402,53,5694,22426
2025-10-01,"Los Angeles, CA",905000,0.56,4206,52,5523,22430
2025-09-01,"Los Angeles, CA",915000,3.39,4257,51,5625,22891
2025-08-01,"Los Angeles, CA",908500,0.94,4048,52,5676,23200
2025-07-01,"Los Angeles, CA",928000,0.87,4016,53,5442,23254
2025-06-01,"Los Angeles, CA",949000,2.59,3941,49,5362,23765
2025-05-01,"Los Angeles, CA",930000,2.76,3906,47,5995,24045
2025-04-01,"Los Angeles, CA",909000,1,4198,48,6222,23803
2025-03-01,"Los Angeles, CA",925000,5.29,4284,48,6304,23307
2025-02-01,"Los Angeles, CA",918500,4.97,4557,46,6314,22985
2025-01-01,"Los Angeles, CA",885000,5.11,4059,46,6477,22177
2024-12-01,"Los Angeles, CA",905000,6.47,4344,45,6052,21264
2024-11-01,"Los Angeles, CA",895000,2.29,4173,44,5804,20655
2024-10-01,"Los Angeles, CA",900000,2.27,4096,44,5733,20404
2024-09-01,"Los Angeles, CA",885000,1.72,4164,42,5923,20086
2024-08-01,"Los Angeles, CA",900000,3.81,4114,40,5557,19478
2024-07-01,"Los Angeles, CA",920000,6.98,4125,38,5532,19256
2024-06-01,"Los Angeles, CA",925000,7.03,4049,40,5675,18972
2024-05-01,"Los Angeles, CA",905000,7.39,4008,41,5541,18450
2024-04-01,"Los Angeles, CA",900000,9.09,4038,41,5256,17779
2024-03-01,"Los Angeles, CA",878500,7.13,4021,40,5246,17332
2024-02-01,"Los Angeles, CA",875000,10.06,4042,38,5053,17039
2024-01-01,"Los Angeles, CA",842000,5.91,4180,39,5302,17139
2023-12-01,"Los Angeles, CA",850000,6.52,3891,37,5840,16853
2023-11-01,"Los Angeles, CA",875000,8.02,3823,36,5592,16493
2023-10-01,"Los Angeles, CA",880000,6.67,3848,36,5390,15977
2023-09-01,"Los Angeles, CA",870000,3.57,3762,35,5070,15369
2023-08-01,"Los Angeles, CA",867000,2.6,3983,34,4804,15117
2023-07-01,"Los Angeles, CA",860000,-0.58,4132,35,4737,15117
2023-06-01,"Los Angeles, CA",864250,-3.44,3913,39,4563,15322
2023-05-01,"Los Angeles, CA",842750,-6.36,4057,40,4553,15639
2023-04-01,"Los Angeles, CA",825000,-8.33,3990,44,4505,15985
2023-03-01,"Los Angeles, CA",820000,-6.29,4020,47,4261,16494
2023-02-01,"Los Angeles, CA",795000,-5.36,4265,49,4715,17240
2023-01-01,"Los Angeles, CA",795000,-3.64,4230,46,4854,18086
2022-12-01,"Los Angeles, CA",798000,-4.74,3647,46,5481,18711
2022-11-01,"Los Angeles, CA",810000,-1.04,3946,45,5547,18824
2022-10-01,"Los Angeles, CA",825000,1.85,4364,43,5385,18972
2022-09-01,"Los Angeles, CA",840000,2.44,4483,43,5401,19253
2022-08-01,"Los Angeles, CA",845000,2.77,4524,40,5870,19686
2022-07-01,"Los Angeles, CA",865000,5.49,4809,37,6512,19770
2022-06-01,"Los Angeles, CA",895000,8.22,5338,33,6996,19311
2022-05-01,"Los Angeles, CA",900000,11.11,5640,32,6963,18831
2022-04-01,"Los Angeles, CA",900000,13.85,6019,31,7078,18563
2022-03-01,"Los Angeles, CA",875000,12.9,6182,30,6903,18232
2022-02-01,"Los Angeles, CA",840000,12.75,6000,28,7145,17758
2022-01-01,"Los Angeles, CA",825000,14.42,6527,31,6746,17348
2021-12-01,"Los Angeles, CA",837750,14.76,6604,32,6807,17652
2021-11-01,"Los Angeles, CA",818500,14,6756,33,7098,18745
2021-10-01,"Los Angeles, CA",810000,10.2,6731,33,7407,19533
2021-09-01,"Los Angeles, CA",820000,12.33,6759,34,7263,19903
2021-08-01,"Los Angeles, CA",822250,15.81,6632,34,7543,20234
2021-07-01,"Los Angeles, CA",820000,17.14,6838,34,7882,20380
2021-06-01,"Los Angeles, CA",827000,26.26,6773,35,7521,20568
2021-05-01,"Los Angeles, CA",810000,27.56,6947,36,7347,21028
2021-04-01,"Los Angeles, CA",790500,21.62,6965,37,7379,21542
2021-03-01,"Los Angeles, CA",775000,17.42,6862,36,7625,21887
2021-02-01,"Los Angeles, CA",745000,17.32,6464,35,7543,21974
2021-01-01,"Los Angeles, CA",721000,13.54,6742,34,7293,22555
2020-12-01,"Los Angeles, CA",730000,12.48,6911,36,7796,23441
2020-11-01,"Los Angeles, CA",718000,12.36,6751,37,7805,23304
2020-10-01,"Los Angeles, CA",735000,14.84,6595,36,8452,23167
2020-09-01,"Los Angeles, CA",730000,14.06,6358,39,8134,22687
2020-08-01,"Los Angeles, CA",710000,11.81,6107,42,7866,22256
2020-07-01,"Los Angeles, CA",700000,7.69,5537,45,7251,21782
2020-06-01,"Los Angeles, CA",655000,3.15,3695,48,5952,20815
2020-05-01,"Los Angeles, CA",635000,1.6,2869,51,5510,19888
2020-04-01,"Los Angeles, CA",650000,4,3527,43,3360,18461
2020-03-01,"Los Angeles, CA",660000,6.45,5259,43,5449,20964
2020-02-01,"Los Angeles, CA",635000,5.83,5734,43,7051,21996
2020-01-01,"Los Angeles, CA",635000,7.45,5697,46,6750,22116
2019-12-01,"Los Angeles, CA",649000,8.17,5842,48,6726,22639
2019-11-01,"Los Angeles, CA",639000,2.73,5849,46,6724,23168
2019-10-01,"Los Angeles, CA",640000,4.92,5736,48,6651,23626
2019-09-01,"Los Angeles, CA",640000,4.07,5886,49,6994,24292
2019-08-01,"Los Angeles, CA",635000,1.2,5834,50,6735,24725
2019-07-01,"Los Angeles, CA",650000,3.83,5882,51,6825,25436
2019-06-01,"Los Angeles, CA",635000,0.63,5799,51,6999,26413
2019-05-01,"Los Angeles, CA",625000,-0.79,5825,52,7438,27117
2019-04-01,"Los Angeles, CA",625000,2.46,5686,54,7344,27326
2019-03-01,"Los Angeles, CA",620000,3.33,5556,53,7190,27141
2019-02-01,"Los Angeles, CA",600000,0.84,5495,51,6921,26776
2019-01-01,"Los Angeles, CA",591000,2.78,5123,48,7344,26852
2026-05-01,"Louisville, KY",288112,1.09,1555,49,1878,6222
2026-04-01,"Louisville, KY",282000,2.55,1464,49,1895,6176
2026-03-01,"Louisville, KY",275700,0.62,1413,48,1815,5950
2026-02-01,"Louisville, KY",279900,7.65,1428,45,1721,5873
2026-01-01,"Louisville, KY",268500,1.32,1410,43,1767,5795
2025-12-01,"Louisville, KY",276750,5.43,1530,44,1697,5843
2025-11-01,"Louisville, KY",285000,5.56,1415,44,1728,5796
2025-10-01,"Louisville, KY",290000,7.41,1429,45,1793,5698
2025-09-01,"Louisville, KY",280000,3.32,1408,44,1715,5569
2025-08-01,"Louisville, KY",290000,6.42,1419,44,1729,5531
2025-07-01,"Louisville, KY",290000,5.45,1423,45,1744,5422
2025-06-01,"Louisville, KY",294900,4.76,1381,44,1640,5267
2025-05-01,"Louisville, KY",285000,1.79,1358,41,1708,5265
2025-04-01,"Louisville, KY",275000,1.85,1451,42,1670,5165
2025-03-01,"Louisville, KY",273990,6.2,1379,36,1693,5026
2025-02-01,"Louisville, KY",260000,1.96,1363,35,1705,4836
2025-01-01,"Louisville, KY",265000,6.04,1369,32,1523,4581
2024-12-01,"Louisville, KY",262500,4.17,1402,31,1687,4670
2024-11-01,"Louisville, KY",270000,3.85,1389,31,1648,4533
2024-10-01,"Louisville, KY",270000,5.88,1351,31,1603,4466
2024-09-01,"Louisville, KY",271000,5.45,1340,28,1597,4379
2024-08-01,"Louisville, KY",272500,0.93,1312,27,1590,4319
2024-07-01,"Louisville, KY",275000,2.61,1338,27,1510,4207
2024-06-01,"Louisville, KY",281500,6.23,1319,27,1559,4213
2024-05-01,"Louisville, KY",280000,5.66,1325,27,1596,4218
2024-04-01,"Louisville, KY",270000,6.09,1386,27,1538,4139
2024-03-01,"Louisville, KY",258000,3.43,1437,27,1551,4184
2024-02-01,"Louisville, KY",255000,8.05,1428,29,1558,4275
2024-01-01,"Louisville, KY",249900,8.65,1279,28,1590,4282
2023-12-01,"Louisville, KY",252000,5,1280,28,1564,4145
2023-11-01,"Louisville, KY",260000,7.22,1291,25,1591,4087
2023-10-01,"Louisville, KY",255000,0,1297,23,1550,3943
2023-09-01,"Louisville, KY",257000,2.8,1238,24,1615,3827
2023-08-01,"Louisville, KY",270000,3.85,1340,23,1479,3642
2023-07-01,"Louisville, KY",268000,3.88,1362,21,1430,3633
2023-06-01,"Louisville, KY",265000,1.73,1305,20,1538,3719
2023-05-01,"Louisville, KY",265000,3.9,1338,24,1433,3671
2023-04-01,"Louisville, KY",254505,1.4,1328,24,1470,3766
2023-03-01,"Louisville, KY",249450,6.15,1496,26,1443,3853
2023-02-01,"Louisville, KY",236000,0.88,1457,25,1673,4117
2023-01-01,"Louisville, KY",230000,1.55,1384,26,1697,4181
2022-12-01,"Louisville, KY",240000,1.27,1268,24,1531,3959
2022-11-01,"Louisville, KY",242500,3.19,1355,22,1556,3910
2022-10-01,"Louisville, KY",255000,7.03,1485,23,1553,3934
2022-09-01,"Louisville, KY",250000,4.17,1588,23,1585,4110
2022-08-01,"Louisville, KY",260000,10.64,1531,21,1698,4285
2022-07-01,"Louisville, KY",258000,6.61,1593,18,1833,4298
2022-06-01,"Louisville, KY",260500,10.85,1598,13,1890,4243
2022-05-01,"Louisville, KY",255050,10.89,1645,13,1851,4093
2022-04-01,"Louisville, KY",251000,13.09,1745,12,1870,4042
2022-03-01,"Louisville, KY",235000,9.3,1735,14,1907,4072
2022-02-01,"Louisville, KY",233950,11.4,1791,18,1894,3903
2022-01-01,"Louisville, KY",226500,9.69,1914,20,1776,4007
2021-12-01,"Louisville, KY",237000,12.86,1896,19,2029,4124
2021-11-01,"Louisville, KY",235000,7.55,1957,20,2002,4344
2021-10-01,"Louisville, KY",238250,10.3,1919,21,1980,4484
2021-09-01,"Louisville, KY",240000,9.09,1862,21,1934,4600
2021-08-01,"Louisville, KY",235000,5.15,1702,16,2050,4603
2021-07-01,"Louisville, KY",242000,6.14,1777,26,2054,4625
2021-06-01,"Louisville, KY",235000,12.2,1802,26,1945,4532
2021-05-01,"Louisville, KY",230000,12.2,1801,27,1897,4492
2021-04-01,"Louisville, KY",221950,10.99,1735,30,1888,4564
2021-03-01,"Louisville, KY",215000,10.26,1719,31,1875,4520
2021-02-01,"Louisville, KY",210000,11.7,1776,29,1713,4390
2021-01-01,"Louisville, KY",206500,16.01,1962,29,1929,4639
2020-12-01,"Louisville, KY",210000,10.53,2019,32,2191,4835
2020-11-01,"Louisville, KY",218500,17.47,1966,32,2067,4835
2020-10-01,"Louisville, KY",216000,13.74,1934,34,2066,4931
2020-09-01,"Louisville, KY",220000,16.4,1743,35,1923,4781
2020-08-01,"Louisville, KY",223500,13.6,1859,39,1870,4836
2020-07-01,"Louisville, KY",228000,9.77,1778,43,1798,4988
2020-06-01,"Louisville, KY",209450,1.92,1732,47,1760,5115
2020-05-01,"Louisville, KY",205000,4.17,1298,44,1741,5218
2020-04-01,"Louisville, KY",199975,11.1,1433,42,1401,5206
2020-03-01,"Louisville, KY",195000,9.55,1715,39,1765,5599
2020-02-01,"Louisville, KY",188000,7.43,1689,41,1849,5842
2020-01-01,"Louisville, KY",178000,0.56,1609,43,1945,5783
2019-12-01,"Louisville, KY",190000,6.29,1657,42,1668,5643
2019-11-01,"Louisville, KY",186000,3.39,1709,41,1798,5820
2019-10-01,"Louisville, KY",189900,5.5,1670,42,1831,5862
2019-09-01,"Louisville, KY",189000,8.58,1672,42,1966,5940
2019-08-01,"Louisville, KY",196750,8.1,1660,43,1839,5859
2019-07-01,"Louisville, KY",207700,6.51,1678,42,1903,5882
2019-06-01,"Louisville, KY",205500,8.16,1720,41,1826,5848
2019-05-01,"Louisville, KY",196800,7.54,1648,41,1969,5978
2019-04-01,"Louisville, KY",180000,1.12,1649,41,1909,5989
2019-03-01,"Louisville, KY",178000,4.71,1688,44,1909,5945
2019-02-01,"Louisville, KY",175000,4.17,1609,38,1847,5911
2019-01-01,"Louisville, KY",177000,7.27,1578,39,1888,5872
2026-05-01,"McAllen, TX",256958,1.77,346,103,662,3851
2026-04-01,"McAllen, TX",235000,-1.34,398,85,645,3840
2026-03-01,"McAllen, TX",255000,2,416,91,709,3877
2026-02-01,"McAllen, TX",243000,-2.51,370,76,668,3875
2026-01-01,"McAllen, TX",260000,6.12,381,88,732,3873
2025-12-01,"McAllen, TX",259000,2.17,376,86,683,3881
2025-11-01,"McAllen, TX",245010,-2.68,387,87,694,3954
2025-10-01,"McAllen, TX",250900,-2.75,369,86,686,3966
2025-09-01,"McAllen, TX",251000,2.68,366,97,693,3896
2025-08-01,"McAllen, TX",249000,1.54,349,93,689,3870
2025-07-01,"McAllen, TX",254950,0.37,382,89,641,3838
2025-06-01,"McAllen, TX",254950,1.17,380,74,659,3825
2025-05-01,"McAllen, TX",252500,2.85,373,74,681,3790
2025-04-01,"McAllen, TX",238200,-0.75,379,95,682,3708
2025-03-01,"McAllen, TX",250000,4.06,349,87,667,3593
2025-02-01,"McAllen, TX",249250,3.85,345,80,744,3574
2025-01-01,"McAllen, TX",245000,2.08,325,75,612,3484
2024-12-01,"McAllen, TX",253500,5.62,360,74,624,3478
2024-11-01,"McAllen, TX",251750,2.76,357,68,696,3430
2024-10-01,"McAllen, TX",258000,7.5,368,82,637,3377
2024-09-01,"McAllen, TX",244450,-2.61,348,66,662,3341
2024-08-01,"McAllen, TX",245236,-1.51,328,67,594,3236
2024-07-01,"McAllen, TX",254000,6.62,392,70,627,3199
2024-06-01,"McAllen, TX",252000,2.86,370,60,678,3147
2024-05-01,"McAllen, TX",245500,-1.41,369,67,638,3033
2024-04-01,"McAllen, TX",240000,3.45,355,64,623,2941
2024-03-01,"McAllen, TX",240241,4.91,378,62,607,2851
2024-02-01,"McAllen, TX",240000,7.05,361,65,559,2806
2024-01-01,"McAllen, TX",240000,9.34,331,56,639,2792
2023-12-01,"McAllen, TX",240000,9.09,353,51,652,2727
2023-11-01,"McAllen, TX",245000,11.36,332,55,568,2657
2023-10-01,"McAllen, TX",240000,6.67,363,61,584,2571
2023-09-01,"McAllen, TX",251000,9.13,365,61,560,2496
2023-08-01,"McAllen, TX",249000,11.96,372,47,617,2477
2023-07-01,"McAllen, TX",238225,1.37,321,49,577,2346
2023-06-01,"McAllen, TX",245000,4.26,348,53,518,2233
2023-05-01,"McAllen, TX",249000,8.26,352,57,510,2221
2023-04-01,"McAllen, TX",232000,3.57,343,49,549,2229
2023-03-01,"McAllen, TX",229000,4.09,356,49,524,2155
2023-02-01,"McAllen, TX",224200,6.76,346,40,522,2161
2023-01-01,"McAllen, TX",219500,6.55,306,54,516,2151
2022-12-01,"McAllen, TX",220000,0,342,44,528,2132
2022-11-01,"McAllen, TX",220000,6.54,312,41,520,2098
2022-10-01,"McAllen, TX",225000,8.7,337,37,509,2035
2022-09-01,"McAllen, TX",230000,9.52,339,34,548,2011
2022-08-01,"McAllen, TX",222400,17.11,351,31,574,1896
2022-07-01,"McAllen, TX",235000,14.63,348,24,554,1755
2022-06-01,"McAllen, TX",235000,18.39,378,25,568,1654
2022-05-01,"McAllen, TX",230000,24.32,407,25,561,1541
2022-04-01,"McAllen, TX",224000,17.89,379,28,509,1461
2022-03-01,"McAllen, TX",220000,17.65,395,27,521,1436
2022-02-01,"McAllen, TX",210000,15.38,406,36,442,1409
2022-01-01,"McAllen, TX",206000,16.91,441,28,458,1499
2021-12-01,"McAllen, TX",220000,17.65,375,27,484,1577
2021-11-01,"McAllen, TX",206500,12.84,350,27,536,1545
2021-10-01,"McAllen, TX",207000,15.26,353,25,477,1496
2021-09-01,"McAllen, TX",210000,16.67,368,33,463,1484
2021-08-01,"McAllen, TX",189900,6.09,390,32,495,1452
2021-07-01,"McAllen, TX",205000,18.5,361,27,474,1418
2021-06-01,"McAllen, TX",198500,18.33,388,37,471,1414
2021-05-01,"McAllen, TX",185000,8.19,382,34,467,1444
2021-04-01,"McAllen, TX",190000,16.35,352,39,445,1481
2021-03-01,"McAllen, TX",187000,14.9,348,35,431,1440
2021-02-01,"McAllen, TX",182000,6.59,299,46,377,1461
2021-01-01,"McAllen, TX",176200,7.77,372,36,390,1543
2020-12-01,"McAllen, TX",187000,16.87,351,32,509,1637
2020-11-01,"McAllen, TX",183000,14.45,364,30,495,1598
2020-10-01,"McAllen, TX",179600,9.35,374,51,490,1580
2020-09-01,"McAllen, TX",180000,15.46,361,48,457,1561
2020-08-01,"McAllen, TX",179000,13.29,369,65,397,1594
2020-07-01,"McAllen, TX",173000,4.85,355,82,358,1738
2020-06-01,"McAllen, TX",167750,5.21,313,82,370,1888
2020-05-01,"McAllen, TX",171000,6.21,235,67,376,2077
2020-04-01,"McAllen, TX",163300,8.15,256,60,266,2043
2020-03-01,"McAllen, TX",162750,7.78,288,64,427,2151
2020-02-01,"McAllen, TX",170750,14.6,297,70,448,2213
2020-01-01,"McAllen, TX",163500,7.39,312,70,476,2246
2019-12-01,"McAllen, TX",160000,10,311,66,411,2211
2019-11-01,"McAllen, TX",159900,11.69,313,61,428,2289
2019-10-01,"McAllen, TX",164250,5.97,302,72,430,2364
2019-09-01,"McAllen, TX",155900,10.57,300,64,462,2431
2019-08-01,"McAllen, TX",158000,8.03,299,68,455,2424
2019-07-01,"McAllen, TX",165000,9.27,266,61,465,2413
2019-06-01,"McAllen, TX",159450,13.19,298,66,479,2389
2019-05-01,"McAllen, TX",161000,6.83,313,74,429,2376
2019-04-01,"McAllen, TX",151000,4.63,324,64,465,2464
2019-03-01,"McAllen, TX",151000,5.78,272,72,475,2485
2019-02-01,"McAllen, TX",149000,2.76,290,63,506,2509
2019-01-01,"McAllen, TX",152250,2.53,250,67,446,2419
2026-05-01,"Memphis, TN",313533,4.51,1230,42,1640,6871
2026-04-01,"Memphis, TN",298850,2.17,1159,43,1705,6877
2026-03-01,"Memphis, TN",299950,5.99,1127,59,1810,6748
2026-02-01,"Memphis, TN",280000,3.7,1172,47,1723,6505
2026-01-01,"Memphis, TN",280000,1.82,1100,46,1623,6420
2025-12-01,"Memphis, TN",295000,7.27,1205,46,1603,6346
2025-11-01,"Memphis, TN",299999,11.11,1154,44,1594,6306
2025-10-01,"Memphis, TN",282745,1.36,1127,45,1597,6287
2025-09-01,"Memphis, TN",299000,6.82,1182,42,1593,6267
2025-08-01,"Memphis, TN",288500,-0.52,1130,39,1567,6211
2025-07-01,"Memphis, TN",295000,2.97,1146,38,1554,6164
2025-06-01,"Memphis, TN",300000,4.53,1159,36,1566,6201
2025-05-01,"Memphis, TN",300000,4.17,1182,37,1597,6229
2025-04-01,"Memphis, TN",292500,4.46,1237,35,1607,6241
2025-03-01,"Memphis, TN",282990,4.31,1214,50,1695,6313
2025-02-01,"Memphis, TN",270000,0,1225,49,1638,6189
2025-01-01,"Memphis, TN",275000,10,1167,47,1709,6163
2024-12-01,"Memphis, TN",275000,5.81,1255,34,1612,5981
2024-11-01,"Memphis, TN",270000,0.37,1316,42,1617,5891
2024-10-01,"Memphis, TN",278940,1.43,1168,42,1606,5824
2024-09-01,"Memphis, TN",279900,1.8,1164,44,1585,5784
2024-08-01,"Memphis, TN",290000,0.87,1169,47,1497,5935
2024-07-01,"Memphis, TN",286500,-1.21,1256,45,1567,6029
2024-06-01,"Memphis, TN",287000,-3.45,1184,46,1661,6063
2024-05-01,"Memphis, TN",288000,-0.67,1303,45,1650,6014
2024-04-01,"Memphis, TN",280000,-0.71,1328,47,1678,6057
2024-03-01,"Memphis, TN",271300,-1.35,1337,44,1610,5944
2024-02-01,"Memphis, TN",270000,-4.26,1302,46,1697,5932
2024-01-01,"Memphis, TN",250000,-3.85,1225,42,1495,5681
2023-12-01,"Memphis, TN",259900,1.13,1197,44,1680,5757
2023-11-01,"Memphis, TN",269000,-0.37,1168,42,1617,5509
2023-10-01,"Memphis, TN",275000,0.74,1261,40,1564,5363
2023-09-01,"Memphis, TN",274950,-1.79,1247,40,1706,5393
2023-08-01,"Memphis, TN",287500,-0.86,1256,39,1621,5004
2023-07-01,"Memphis, TN",290000,0.36,1188,39,1514,4819
2023-06-01,"Memphis, TN",297250,-0.88,1280,41,1463,4799
2023-05-01,"Memphis, TN",289950,1.74,1254,38,1550,4956
2023-04-01,"Memphis, TN",281995,2.54,1272,41,1454,5006
2023-03-01,"Memphis, TN",275000,-0.72,1291,41,1522,5043
2023-02-01,"Memphis, TN",282000,8.46,1261,41,1520,5006
2023-01-01,"Memphis, TN",260000,-0.95,1209,41,1514,5004
2022-12-01,"Memphis, TN",257000,-6.88,1222,37,1467,4985
2022-11-01,"Memphis, TN",270000,2.66,1270,37,1631,4976
2022-10-01,"Memphis, TN",272990,4.1,1342,34,1623,4782
2022-09-01,"Memphis, TN",279950,11.98,1491,35,1652,4865
2022-08-01,"Memphis, TN",290000,13.73,1410,33,1736,4872
2022-07-01,"Memphis, TN",288950,13.87,1441,31,1766,4759
2022-06-01,"Memphis, TN",299900,15.79,1500,29,1944,4692
2022-05-01,"Memphis, TN",285000,14,1533,27,1741,4441
2022-04-01,"Memphis, TN",275000,13.64,1510,27,1747,4364
2022-03-01,"Memphis, TN",276995,19.39,1571,27,1675,4393
2022-02-01,"Memphis, TN",260000,20.93,1640,28,1718,4456
2022-01-01,"Memphis, TN",262500,19.86,1808,29,1794,4563
2021-12-01,"Memphis, TN",276000,20,1674,30,1830,4569
2021-11-01,"Memphis, TN",263000,16.94,1710,33,1820,4643
2021-10-01,"Memphis, TN",262250,12.46,1707,36,1806,4770
2021-09-01,"Memphis, TN",250000,5.04,1669,36,1655,4856
2021-08-01,"Memphis, TN",255000,8.97,1717,37,1897,5121
2021-07-01,"Memphis, TN",253745,12.78,1642,36,1946,5052
2021-06-01,"Memphis, TN",259000,17.78,1577,37,1780,4928
2021-05-01,"Memphis, TN",250000,13.9,1586,38,1821,5004
2021-04-01,"Memphis, TN",242000,10,1517,36,1739,4852
2021-03-01,"Memphis, TN",232000,11.92,1527,38,1613,4702
2021-02-01,"Memphis, TN",215000,5.91,1521,33,1487,4671
2021-01-01,"Memphis, TN",219000,15.87,1718,36,1766,4888
2020-12-01,"Memphis, TN",230000,15.06,1729,39,1726,4958
2020-11-01,"Memphis, TN",224900,15.39,1676,39,1749,4959
2020-10-01,"Memphis, TN",233200,24.04,1704,41,1785,5011
2020-09-01,"Memphis, TN",238000,25.33,1544,40,1805,4917
2020-08-01,"Memphis, TN",234000,18.78,1577,43,1711,4879
2020-07-01,"Memphis, TN",225000,7.14,1596,45,1617,4973
2020-06-01,"Memphis, TN",219900,4.76,1443,45,1534,5074
2020-05-01,"Memphis, TN",219500,9.75,1251,49,1474,5163
2020-04-01,"Memphis, TN",220000,18.92,1326,47,1200,5189
2020-03-01,"Memphis, TN",207300,14.56,1360,42,1557,5389
2020-02-01,"Memphis, TN",203000,14.53,1460,41,1561,5490
2020-01-01,"Memphis, TN",189000,12.5,1465,45,1653,5587
2019-12-01,"Memphis, TN",199900,14.23,1464,43,1620,5610
2019-11-01,"Memphis, TN",194900,7.68,1450,43,1692,5622
2019-10-01,"Memphis, TN",188000,4.44,1439,43,1642,5655
2019-09-01,"Memphis, TN",189900,4.05,1462,44,1681,5746
2019-08-01,"Memphis, TN",197000,7.42,1467,43,1623,5764
2019-07-01,"Memphis, TN",210000,10.53,1416,43,1724,5816
2019-06-01,"Memphis, TN",209900,10.47,1499,46,1686,5813
2019-05-01,"Memphis, TN",200000,2.56,1515,44,1725,5876
2019-04-01,"Memphis, TN",185000,7.62,1469,44,1825,5892
2019-03-01,"Memphis, TN",180950,4.6,1466,43,1673,5657
2019-02-01,"Memphis, TN",177250,3.58,1492,47,1700,5683
2019-01-01,"Memphis, TN",168000,0,1435,47,1617,5615
2026-05-01,"Miami, FL",568248,0.04,1926,88,3358,19426
2026-04-01,"Miami, FL",570000,-2.56,2000,93,3370,19371
2026-03-01,"Miami, FL",575000,1.32,2078,90,3278,19567
2026-02-01,"Miami, FL",550000,-3.68,2160,93,3460,19936
2026-01-01,"Miami, FL",555000,0.91,2119,89,3477,20081
2025-12-01,"Miami, FL",550000,-4.1,2022,94,3413,20496
2025-11-01,"Miami, FL",550000,-3.33,2149,95,3596,20866
2025-10-01,"Miami, FL",550000,0,2037,98,3474,20977
2025-09-01,"Miami, FL",560000,1.82,2022,98,3407,21218
2025-08-01,"Miami, FL",555000,3.74,2021,97,3456,21659
2025-07-01,"Miami, FL",550000,-0.9,1877,93,3330,22154
2025-06-01,"Miami, FL",575000,3.98,1812,90,3408,22461
2025-05-01,"Miami, FL",568000,6.17,1836,86,3625,22572
2025-04-01,"Miami, FL",585000,5.41,1857,85,3904,22356
2025-03-01,"Miami, FL",567500,1.34,2034,81,4012,21810
2025-02-01,"Miami, FL",571000,8.76,2000,84,4017,21209
2025-01-01,"Miami, FL",550000,2.8,2009,82,3884,20423
2024-12-01,"Miami, FL",573500,13.12,2022,81,3894,20061
2024-11-01,"Miami, FL",568950,10.69,2035,80,3669,19516
2024-10-01,"Miami, FL",550000,6.8,2008,73,3381,19094
2024-09-01,"Miami, FL",550000,7.84,2058,73,3861,19157
2024-08-01,"Miami, FL",535000,1.9,2131,71,3740,18691
2024-07-01,"Miami, FL",555000,6.12,2197,73,3510,18412
2024-06-01,"Miami, FL",553000,7.38,2195,70,3634,18301
2024-05-01,"Miami, FL",535000,4.49,2220,70,3553,18095
2024-04-01,"Miami, FL",555000,11,2189,67,3543,17811
2024-03-01,"Miami, FL",560000,12,2199,63,3748,17492
2024-02-01,"Miami, FL",525000,8.92,2163,63,3626,16858
2024-01-01,"Miami, FL",535000,13.83,2086,65,3554,16193
2023-12-01,"Miami, FL",507000,11.43,2023,60,3680,15593
2023-11-01,"Miami, FL",514000,8.5,2097,57,3633,15134
2023-10-01,"Miami, FL",515000,8.42,2265,58,3640,14622
2023-09-01,"Miami, FL",510000,7.37,2357,54,3504,13995
2023-08-01,"Miami, FL",525000,14.9,2317,58,3403,13657
2023-07-01,"Miami, FL",523000,11.4,2327,59,3234,13450
2023-06-01,"Miami, FL",515000,6.19,2238,59,2984,13658
2023-05-01,"Miami, FL",512000,4.49,2217,62,3101,14007
2023-04-01,"Miami, FL",500000,6.38,2314,62,3047,14258
2023-03-01,"Miami, FL",500000,7.53,2348,63,2925,14551
2023-02-01,"Miami, FL",482000,7.95,2308,65,2996,14803
2023-01-01,"Miami, FL",470000,8.05,2194,65,2940,14923
2022-12-01,"Miami, FL",455000,4.6,1949,61,3232,14973
2022-11-01,"Miami, FL",473750,14.16,2300,61,3285,15035
2022-10-01,"Miami, FL",475000,17.28,2453,58,3273,15059
2022-09-01,"Miami, FL",475000,17.28,2431,55,3256,15097
2022-08-01,"Miami, FL",456900,12.81,2540,49,3521,15277
2022-07-01,"Miami, FL",469500,13.65,2707,46,4033,15141
2022-06-01,"Miami, FL",485000,16.87,2902,48,4484,14623
2022-05-01,"Miami, FL",490000,20.99,3161,46,4332,13835
2022-04-01,"Miami, FL",470000,14.91,3557,48,4025,13505
2022-03-01,"Miami, FL",465000,19.26,3953,51,3870,13816
2022-02-01,"Miami, FL",446500,19.07,3520,55,3966,14141
2022-01-01,"Miami, FL",435000,17.57,3640,59,3673,14547
2021-12-01,"Miami, FL",435000,20.83,3699,57,3792,15120
2021-11-01,"Miami, FL",415000,17.98,3640,58,3883,15825
2021-10-01,"Miami, FL",405000,15.71,3479,59,4111,16637
2021-09-01,"Miami, FL",405000,14.28,3501,59,4114,16852
2021-08-01,"Miami, FL",405000,15.71,3592,59,4283,17099
2021-07-01,"Miami, FL",413100,21.14,3997,60,4437,17139
2021-06-01,"Miami, FL",415000,22.06,4143,65,4496,17443
2021-05-01,"Miami, FL",405000,23.78,3671,66,4530,17714
2021-04-01,"Miami, FL",409000,23.94,3978,69,4273,17912
2021-03-01,"Miami, FL",389900,18.15,3740,72,4276,18213
2021-02-01,"Miami, FL",374995,17.19,3186,69,4017,18158
2021-01-01,"Miami, FL",370000,19.35,3196,72,3904,18624
2020-12-01,"Miami, FL",360000,14.29,3291,71,4044,19213
2020-11-01,"Miami, FL",351750,12.29,3120,67,3958,19428
2020-10-01,"Miami, FL",350000,12.9,3150,76,3953,19871
2020-09-01,"Miami, FL",354400,14.32,2927,82,4012,20277
2020-08-01,"Miami, FL",350000,14.75,2899,91,4017,20521
2020-07-01,"Miami, FL",341000,7.57,2630,96,3897,20785
2020-06-01,"Miami, FL",340000,6.75,1737,94,3790,20914
2020-05-01,"Miami, FL",327200,7.28,1253,82,3291,20327
2020-04-01,"Miami, FL",330000,8.2,1426,75,1921,19805
2020-03-01,"Miami, FL",330000,8.2,2441,78,3120,21175
2020-02-01,"Miami, FL",320000,7.02,2547,78,3937,21313
2020-01-01,"Miami, FL",310000,7.27,2578,78,4000,21497
2019-12-01,"Miami, FL",315000,6.78,2696,76,3823,21680
2019-11-01,"Miami, FL",313250,7.98,2625,78,4019,21909
2019-10-01,"Miami, FL",310000,5.08,2620,74,4083,21761
2019-09-01,"Miami, FL",310000,5.28,2634,74,3918,21452
2019-08-01,"Miami, FL",305000,3.74,2559,69,3811,21481
2019-07-01,"Miami, FL",317000,7.46,2647,69,3783,21892
2019-06-01,"Miami, FL",318500,4.43,2640,69,3839,22292
2019-05-01,"Miami, FL",305000,3.39,2657,76,3986,22635
2019-04-01,"Miami, FL",305000,5.17,2581,70,4137,23105
2019-03-01,"Miami, FL",305000,2.01,2465,71,4132,22987
2019-02-01,"Miami, FL",299000,6.79,2434,68,4227,23284
2019-01-01,"Miami, FL",289000,3.21,2362,66,4375,23175
2026-05-01,"Milwaukee, WI",363878,3.97,1605,44,1746,5456
2026-04-01,"Milwaukee, WI",352250,2.1,1573,45,1781,5449
2026-03-01,"Milwaukee, WI",350000,8.04,1525,44,1778,5336
2026-02-01,"Milwaukee, WI",325300,-1.42,1514,45,1850,5272
2026-01-01,"Milwaukee, WI",330000,10,1406,44,1707,5132
2025-12-01,"Milwaukee, WI",330000,3.13,1495,44,1579,5064
2025-11-01,"Milwaukee, WI",340000,4.62,1423,44,1631,5018
2025-10-01,"Milwaukee, WI",354500,9.08,1439,44,1657,4977
2025-09-01,"Milwaukee, WI",360000,9.12,1436,44,1669,4949
2025-08-01,"Milwaukee, WI",362300,4.41,1430,44,1601,4904
2025-07-01,"Milwaukee, WI",370000,2.78,1396,43,1631,4916
2025-06-01,"Milwaukee, WI",365000,3.93,1478,44,1654,4963
2025-05-01,"Milwaukee, WI",350000,4.48,1462,43,1689,4944
2025-04-01,"Milwaukee, WI",345000,9.14,1428,43,1584,4768
2025-03-01,"Milwaukee, WI",323950,6.91,1450,44,1625,4760
2025-02-01,"Milwaukee, WI",330000,20,1487,43,1577,4738
2025-01-01,"Milwaukee, WI",300000,13.21,1511,43,1683,4857
2024-12-01,"Milwaukee, WI",320000,14.33,1492,43,1651,4771
2024-11-01,"Milwaukee, WI",325000,9.43,1473,43,1624,4758
2024-10-01,"Milwaukee, WI",325000,11.88,1429,43,1654,4751
2024-09-01,"Milwaukee, WI",329900,8.16,1387,43,1620,4636
2024-08-01,"Milwaukee, WI",347000,8.27,1386,42,1592,4549
2024-07-01,"Milwaukee, WI",360000,11.54,1422,43,1561,4496
2024-06-01,"Milwaukee, WI",351200,4.84,1386,42,1536,4453
2024-05-01,"Milwaukee, WI",335000,8.06,1459,43,1597,4590
2024-04-01,"Milwaukee, WI",316100,5.02,1475,42,1611,4593
2024-03-01,"Milwaukee, WI",303000,7.26,1487,42,1593,4601
2024-02-01,"Milwaukee, WI",275000,3.77,1483,42,1516,4595
2024-01-01,"Milwaukee, WI",265000,1.92,1426,42,1528,4547
2023-12-01,"Milwaukee, WI",279900,5.62,1356,42,1677,4525
2023-11-01,"Milwaukee, WI",297000,8,1471,41,1654,4489
2023-10-01,"Milwaukee, WI",290500,5.64,1472,42,1611,4485
2023-09-01,"Milwaukee, WI",305000,3.39,1410,41,1598,4427
2023-08-01,"Milwaukee, WI",320500,10.52,1412,42,1649,4414
2023-07-01,"Milwaukee, WI",322750,7.58,1426,42,1578,4265
2023-06-01,"Milwaukee, WI",335000,10.96,1345,42,1566,4253
2023-05-01,"Milwaukee, WI",310000,8.56,1382,42,1465,4239
2023-04-01,"Milwaukee, WI",301000,7.5,1371,43,1505,4334
2023-03-01,"Milwaukee, WI",282500,10.14,1334,43,1505,4353
2023-02-01,"Milwaukee, WI",265000,10.42,1437,43,1464,4390
2023-01-01,"Milwaukee, WI",260000,10.17,1390,44,1503,4469
2022-12-01,"Milwaukee, WI",265000,7.72,1453,44,1549,4569
2022-11-01,"Milwaukee, WI",275000,7,1443,44,1700,4677
2022-10-01,"Milwaukee, WI",275000,6.22,1501,44,1604,4667
2022-09-01,"Milwaukee, WI",295000,9.26,1643,45,1578,4834
2022-08-01,"Milwaukee, WI",290000,8.61,1694,45,1565,5106
2022-07-01,"Milwaukee, WI",300000,9.09,1738,45,1905,5380
2022-06-01,"Milwaukee, WI",301900,7.86,1790,45,1975,5489
2022-05-01,"Milwaukee, WI",285550,5.8,1779,44,2021,5601
2022-04-01,"Milwaukee, WI",280000,9.61,1813,46,1993,5605
2022-03-01,"Milwaukee, WI",256500,4.69,1910,45,1878,5716
2022-02-01,"Milwaukee, WI",240000,4.35,1888,45,1990,5841
2022-01-01,"Milwaukee, WI",236000,4.89,2096,46,2034,5932
2021-12-01,"Milwaukee, WI",246000,8.85,2178,47,2008,6173
2021-11-01,"Milwaukee, WI",257000,7.08,2081,47,2118,6370
2021-10-01,"Milwaukee, WI",258900,5.24,2058,47,2135,6421
2021-09-01,"Milwaukee, WI",270000,10.2,2052,48,2086,6507
2021-08-01,"Milwaukee, WI",267000,-1.84,2001,47,2106,6531
2021-07-01,"Milwaukee, WI",275000,6.22,2040,47,2300,6645
2021-06-01,"Milwaukee, WI",279900,11.96,1980,48,2627,6568
2021-05-01,"Milwaukee, WI",269900,12.46,1953,48,2173,6226
2021-04-01,"Milwaukee, WI",255450,6.33,1893,48,2146,6173
2021-03-01,"Milwaukee, WI",245000,4.26,1875,49,2082,6004
2021-02-01,"Milwaukee, WI",230000,10.05,1851,49,1789,5847
2021-01-01,"Milwaukee, WI",225000,7.14,2059,49,2159,6073
2020-12-01,"Milwaukee, WI",226000,3.67,2075,49,2255,6077
2020-11-01,"Milwaukee, WI",240000,9.59,2160,50,2088,6199
2020-10-01,"Milwaukee, WI",246000,11.82,2177,51,2202,6450
2020-09-01,"Milwaukee, WI",245000,6.52,2142,51,2232,6475
2020-08-01,"Milwaukee, WI",272000,13.33,2054,53,2235,6414
2020-07-01,"Milwaukee, WI",258900,13.3,1898,53,2042,6242
2020-06-01,"Milwaukee, WI",250000,4.17,1501,53,1916,6117
2020-05-01,"Milwaukee, WI",240000,2.13,1487,55,1796,6062
2020-04-01,"Milwaukee, WI",240250,7.13,1654,55,1323,6159
2020-03-01,"Milwaukee, WI",235000,13.53,1820,54,1963,7033
2020-02-01,"Milwaukee, WI",209000,10.88,1860,55,2073,7161
2020-01-01,"Milwaukee, WI",210000,11.7,1769,56,1961,6939
2019-12-01,"Milwaukee, WI",218000,11.22,1723,56,2025,6870
2019-11-01,"Milwaukee, WI",219000,9.5,1753,56,1928,6878
2019-10-01,"Milwaukee, WI",220000,5.77,1744,56,1914,6874
2019-09-01,"Milwaukee, WI",230000,9.52,1714,56,2007,6875
2019-08-01,"Milwaukee, WI",240000,11.11,1820,56,1981,6914
2019-07-01,"Milwaukee, WI",228500,3.51,1816,57,1983,6976
2019-06-01,"Milwaukee, WI",240000,6.67,1811,57,2056,7078
2019-05-01,"Milwaukee, WI",235000,14.63,1817,56,2082,7173
2019-04-01,"Milwaukee, WI",224250,12.1,1728,57,2027,7097
2019-03-01,"Milwaukee, WI",207000,8.04,1661,58,2000,7023
2019-02-01,"Milwaukee, WI",188500,8.96,1757,57,1705,7011
2019-01-01,"Milwaukee, WI",188000,5.32,1704,58,1994,7161
2026-05-01,"Minneapolis, MN",398671,-0.21,4316,32,4994,14858
2026-04-01,"Minneapolis, MN",391409,-2.15,4040,33,5036,14726
2026-03-01,"Minneapolis, MN",381000,0.26,4011,32,4852,14513
2026-02-01,"Minneapolis, MN",381250,-0.96,3902,34,4873,14445
2026-01-01,"Minneapolis, MN",375000,0,3705,31,4531,14231
2025-12-01,"Minneapolis, MN",384700,2.59,4083,31,4588,14165
2025-11-01,"Minneapolis, MN",390000,2.9,3981,32,4787,14105
2025-10-01,"Minneapolis, MN",390000,1.63,3871,31,4659,13848
2025-09-01,"Minneapolis, MN",395000,3.95,3893,32,4636,13786
2025-08-01,"Minneapolis, MN",400000,2.57,3906,32,4586,13703
2025-07-01,"Minneapolis, MN",395000,2.44,3813,32,4620,13642
2025-06-01,"Minneapolis, MN",406000,3.76,3849,31,4496,13503
2025-05-01,"Minneapolis, MN",399500,3.23,4070,30,4561,13473
2025-04-01,"Minneapolis, MN",400000,3.17,4136,28,4651,13432
2025-03-01,"Minneapolis, MN",380000,2.86,4165,29,4828,13526
2025-02-01,"Minneapolis, MN",384950,6.93,4160,29,4633,13389
2025-01-01,"Minneapolis, MN",375000,5.19,4167,32,4813,13394
2024-12-01,"Minneapolis, MN",375000,5.49,4066,30,4764,13286
2024-11-01,"Minneapolis, MN",379000,3.88,3893,30,4497,13189
2024-10-01,"Minneapolis, MN",383736,5.13,3910,31,4600,13186
2024-09-01,"Minneapolis, MN",380000,2.01,3641,30,4557,13047
2024-08-01,"Minneapolis, MN",389966,2.62,3662,30,4399,12765
2024-07-01,"Minneapolis, MN",385600,2.08,3768,30,4329,12692
2024-06-01,"Minneapolis, MN",391300,1.64,3709,30,4411,12665
2024-05-01,"Minneapolis, MN",387000,4.59,3898,30,4369,12546
2024-04-01,"Minneapolis, MN",387700,4.78,3944,29,4448,12541
2024-03-01,"Minneapolis, MN",369450,3.2,4082,28,4426,12420
2024-02-01,"Minneapolis, MN",359996,4.38,4056,27,4682,12368
2024-01-01,"Minneapolis, MN",356500,4.24,3892,26,4825,12236
2023-12-01,"Minneapolis, MN",355500,2.24,3596,28,4640,12123
2023-11-01,"Minneapolis, MN",364848,2.77,3656,26,4613,11842
2023-10-01,"Minneapolis, MN",365000,1.42,3680,25,4324,11516
2023-09-01,"Minneapolis, MN",372500,2.05,3866,24,4388,11473
2023-08-01,"Minneapolis, MN",380000,2.7,3974,24,4424,11380
2023-07-01,"Minneapolis, MN",377746,0.73,3842,23,4369,11256
2023-06-01,"Minneapolis, MN",385000,1.32,3826,24,4338,11271
2023-05-01,"Minneapolis, MN",370000,-1.53,3550,25,4298,11266
2023-04-01,"Minneapolis, MN",370000,-1.07,3733,27,4024,11233
2023-03-01,"Minneapolis, MN",358000,0.76,3786,29,4029,11386
2023-02-01,"Minneapolis, MN",344900,-0.03,3972,29,3963,11669
2023-01-01,"Minneapolis, MN",342000,2.09,3743,28,4079,11912
2022-12-01,"Minneapolis, MN",347700,3.79,3722,27,4326,12039
2022-11-01,"Minneapolis, MN",355000,4.41,3814,26,4174,11990
2022-10-01,"Minneapolis, MN",359900,5.54,4045,25,4463,12119
2022-09-01,"Minneapolis, MN",365000,5.8,4331,24,4441,12180
2022-08-01,"Minneapolis, MN",370000,5.71,4382,22,4570,12282
2022-07-01,"Minneapolis, MN",375000,7.14,4658,21,4946,12533
2022-06-01,"Minneapolis, MN",380000,8.56,4793,19,5167,12529
2022-05-01,"Minneapolis, MN",375758,8.92,4993,17,5427,12618
2022-04-01,"Minneapolis, MN",374000,10.03,5073,17,5587,12620
2022-03-01,"Minneapolis, MN",355309,7.67,4880,16,5553,12551
2022-02-01,"Minneapolis, MN",345000,9.52,4867,15,5581,12516
2022-01-01,"Minneapolis, MN",335000,10.2,5601,18,5544,12506
2021-12-01,"Minneapolis, MN",335000,8.06,5726,17,5639,12377
2021-11-01,"Minneapolis, MN",340000,9.68,5962,18,6012,12731
2021-10-01,"Minneapolis, MN",341000,8.25,5741,19,5947,12777
2021-09-01,"Minneapolis, MN",345000,11.23,5770,18,5833,12684
2021-08-01,"Minneapolis, MN",350000,10.41,5581,18,5979,12835
2021-07-01,"Minneapolis, MN",350000,11.15,5521,17,5940,12686
2021-06-01,"Minneapolis, MN",350051,14.02,5584,18,5866,12647
2021-05-01,"Minneapolis, MN",345000,16.95,5323,19,5528,12720
2021-04-01,"Minneapolis, MN",339900,10.72,5278,19,5780,12950
2021-03-01,"Minneapolis, MN",330000,10.04,5316,18,5980,13186
2021-02-01,"Minneapolis, MN",315000,11.27,5645,18,6032,13342
2021-01-01,"Minneapolis, MN",304000,11.76,5984,18,6202,13552
2020-12-01,"Minneapolis, MN",310000,10.71,6078,19,7220,13609
2020-11-01,"Minneapolis, MN",310000,10.32,6248,18,6060,13559
2020-10-01,"Minneapolis, MN",315000,12.5,6494,19,6363,13900
2020-09-01,"Minneapolis, MN",310176,10.78,6046,22,6305,13952
2020-08-01,"Minneapolis, MN",317000,10.09,5654,24,6043,14016
2020-07-01,"Minneapolis, MN",314900,10.49,5448,29,5539,14044
2020-06-01,"Minneapolis, MN",307000,5.86,4476,31,4943,14055
2020-05-01,"Minneapolis, MN",295000,3.3,4346,29,4831,14191
2020-04-01,"Minneapolis, MN",307000,8.87,4946,26,4401,14166
2020-03-01,"Minneapolis, MN",299900,7.84,5187,28,6495,16390
2020-02-01,"Minneapolis, MN",283091,6.03,4945,29,6182,16186
2020-01-01,"Minneapolis, MN",272000,4.62,4875,30,5975,15997
2019-12-01,"Minneapolis, MN",280000,7.86,5143,29,5835,16065
2019-11-01,"Minneapolis, MN",281000,4.85,5119,29,5849,16161
2019-10-01,"Minneapolis, MN",280000,5.26,5072,28,5539,16019
2019-09-01,"Minneapolis, MN",280000,6.3,5027,29,5549,16085
2019-08-01,"Minneapolis, MN",287955,6.69,5246,29,5477,16013
2019-07-01,"Minneapolis, MN",285000,5.59,5301,27,5375,16122
2019-06-01,"Minneapolis, MN",290000,6.57,5188,28,5676,16223
2019-05-01,"Minneapolis, MN",285590,4.73,5080,28,5652,16131
2019-04-01,"Minneapolis, MN",282000,4.48,4600,32,5560,16018
2019-03-01,"Minneapolis, MN",278100,7,4682,31,5171,15879
2019-02-01,"Minneapolis, MN",267000,5.95,4970,32,5025,16034
2019-01-01,"Minneapolis, MN",260000,6.12,4757,31,5888,16329
2026-05-01,"Montgomery County, PA",517405,1.55,1734,33,2155,5753
2026-04-01,"Montgomery County, PA",509950,3.02,1731,34,2219,5529
2026-03-01,"Montgomery County, PA",500000,7.53,1739,33,2005,5307
2026-02-01,"Montgomery County, PA",465000,1.09,1720,28,1962,5268
2026-01-01,"Montgomery County, PA",485950,3.44,1701,32,1951,5295
2025-12-01,"Montgomery County, PA",492500,5.01,1830,30,1936,5325
2025-11-01,"Montgomery County, PA",480000,-0.1,1740,28,1953,5312
2025-10-01,"Montgomery County, PA",490000,3.16,1736,29,1980,5299
2025-09-01,"Montgomery County, PA",482500,2.09,1765,31,1993,5269
2025-08-01,"Montgomery County, PA",515000,3,1767,31,1916,5139
2025-07-01,"Montgomery County, PA",520000,7.22,1755,32,1915,5070
2025-06-01,"Montgomery County, PA",530000,4.54,1717,30,1909,5140
2025-05-01,"Montgomery County, PA",509500,5.05,1741,27,2031,5109
2025-04-01,"Montgomery County, PA",495000,5.71,1830,26,1883,4901
2025-03-01,"Montgomery County, PA",465000,2.88,1709,24,2033,5069
2025-02-01,"Montgomery County, PA",460000,2.22,1804,26,1996,5013
2025-01-01,"Montgomery County, PA",469805,6.77,1772,24,1952,4950
2024-12-01,"Montgomery County, PA",469000,5.39,1683,26,1965,4946
2024-11-01,"Montgomery County, PA",480500,8.1,1790,28,1937,4881
2024-10-01,"Montgomery County, PA",475000,6.74,1776,26,1860,4731
2024-09-01,"Montgomery County, PA",472620,7.41,1696,25,1953,4799
2024-08-01,"Montgomery County, PA",500000,4.19,1694,25,1904,4618
2024-07-01,"Montgomery County, PA",485000,2.11,1685,23,1754,4470
2024-06-01,"Montgomery County, PA",507000,6.86,1644,25,1795,4497
2024-05-01,"Montgomery County, PA",485000,11.17,1677,22,1841,4529
2024-04-01,"Montgomery County, PA",468250,10.18,1665,20,1741,4592
2024-03-01,"Montgomery County, PA",452000,6.35,1659,20,1834,4588
2024-02-01,"Montgomery County, PA",450000,12.5,1623,21,1757,4637
2024-01-01,"Montgomery County, PA",440000,6.02,1656,21,1832,4632
2023-12-01,"Montgomery County, PA",445000,7.23,1624,22,2016,4681
2023-11-01,"Montgomery County, PA",444500,5.86,1644,19,1927,4341
2023-10-01,"Montgomery County, PA",445000,4.71,1622,18,1892,4111
2023-09-01,"Montgomery County, PA",440000,4.14,1590,17,1808,3947
2023-08-01,"Montgomery County, PA",479900,10.32,1636,18,1755,3716
2023-07-01,"Montgomery County, PA",475000,5.56,1612,18,1739,3694
2023-06-01,"Montgomery County, PA",474450,5.43,1601,18,1555,3668
2023-05-01,"Montgomery County, PA",436262,2.11,1643,21,1487,3771
2023-04-01,"Montgomery County, PA",425000,3.66,1676,22,1589,4247
2023-03-01,"Montgomery County, PA",425000,6.25,1732,22,1732,4552
2023-02-01,"Montgomery County, PA",400000,3.9,1770,22,1961,4860
2023-01-01,"Montgomery County, PA",415000,9.21,1690,23,2047,5015
2022-12-01,"Montgomery County, PA",415000,8.57,1740,22,1947,4799
2022-11-01,"Montgomery County, PA",419900,7.67,1802,21,1917,4670
2022-10-01,"Montgomery County, PA",425000,9.13,1895,21,1913,4624
2022-09-01,"Montgomery County, PA",422500,8.33,1987,22,1936,4689
2022-08-01,"Montgomery County, PA",435000,7.41,2013,21,1975,4879
2022-07-01,"Montgomery County, PA",450000,11.11,2006,14,2137,5034
2022-06-01,"Montgomery County, PA",450000,9.76,2122,12,2324,4979
2022-05-01,"Montgomery County, PA",427250,11.91,2169,11,2225,4958
2022-04-01,"Montgomery County, PA",410000,9.48,2296,12,2353,5185
2022-03-01,"Montgomery County, PA",400000,8.11,2274,15,2344,5329
2022-02-01,"Montgomery County, PA",385000,10.32,2316,17,2462,5498
2022-01-01,"Montgomery County, PA",380000,6.37,2517,18,2338,5550
2021-12-01,"Montgomery County, PA",382250,9.21,2464,18,2427,5690
2021-11-01,"Montgomery County, PA",390000,9.86,2505,23,2619,6002
2021-10-01,"Montgomery County, PA",389450,7.29,2516,21,2488,6114
2021-09-01,"Montgomery County, PA",390000,8.33,2561,21,2510,6304
2021-08-01,"Montgomery County, PA",405000,9.46,2527,19,2801,6595
2021-07-01,"Montgomery County, PA",405000,13.72,2567,18,2885,6374
2021-06-01,"Montgomery County, PA",410000,18.33,2489,18,2932,6147
2021-05-01,"Montgomery County, PA",381790,10.5,2475,20,2661,6062
2021-04-01,"Montgomery County, PA",374500,10.15,2514,23,2663,6259
2021-03-01,"Montgomery County, PA",370000,12.5,2455,22,2674,6317
2021-02-01,"Montgomery County, PA",349000,10.79,2510,22,2388,6289
2021-01-01,"Montgomery County, PA",357250,10.95,2655,23,2646,6682
2020-12-01,"Montgomery County, PA",350000,12.9,2678,24,2702,6705
2020-11-01,"Montgomery County, PA",355000,11.29,2688,23,2677,6804
2020-10-01,"Montgomery County, PA",363000,15.56,2712,27,3022,7228
2020-09-01,"Montgomery County, PA",360000,10.53,2664,28,2781,7109
2020-08-01,"Montgomery County, PA",370000,8.83,2649,33,2856,7341
2020-07-01,"Montgomery County, PA",356125,7.95,2481,38,2901,7621
2020-06-01,"Montgomery County, PA",346500,1.76,1299,58,2716,7502
2020-05-01,"Montgomery County, PA",345500,6.31,1272,47,1651,6141
2020-04-01,"Montgomery County, PA",340000,11.48,2071,37,274,5678
2020-03-01,"Montgomery County, PA",328900,9.63,2319,32,2363,8089
2020-02-01,"Montgomery County, PA",315000,10.53,2315,36,2640,8377
2020-01-01,"Montgomery County, PA",322000,7.33,2227,39,2564,8399
2019-12-01,"Montgomery County, PA",310000,3.33,2227,38,2617,8531
2019-11-01,"Montgomery County, PA",319000,4.59,2186,37,2579,8558
2019-10-01,"Montgomery County, PA",314123,4.71,2243,41,2493,8677
2019-09-01,"Montgomery County, PA",325700,6.79,2218,40,2640,8818
2019-08-01,"Montgomery County, PA",339993,6.25,2222,43,2532,8889
2019-07-01,"Montgomery County, PA",329900,3.13,2278,47,2436,9211
2019-06-01,"Montgomery County, PA",340500,6.41,2346,52,2531,9589
2019-05-01,"Montgomery County, PA",325000,6.56,2307,46,2844,9728
2019-04-01,"Montgomery County, PA",305000,4.99,2264,47,2898,9681
2019-03-01,"Montgomery County, PA",300000,1.69,2304,44,2825,9447
2019-02-01,"Montgomery County, PA",285000,1.1,2271,44,2607,9366
2019-01-01,"Montgomery County, PA",300000,3.88,2114,40,2665,9271
2026-05-01,"Nashville, TN",484252,0.89,2994,75,3800,17494
2026-04-01,"Nashville, TN",475000,1.09,2984,76,3758,17072
2026-03-01,"Nashville, TN",464948,-0.01,2782,87,3839,16547
2026-02-01,"Nashville, TN",459450,-0.12,2882,74,3668,16016
2026-01-01,"Nashville, TN",459990,0,2720,73,3456,15803
2025-12-01,"Nashville, TN",462000,0.44,2858,75,3564,15894
2025-11-01,"Nashville, TN",470000,1.62,2724,74,3585,15916
2025-10-01,"Nashville, TN",487200,5.86,2660,71,3597,15855
2025-09-01,"Nashville, TN",455000,1.11,2573,71,3472,15793
2025-08-01,"Nashville, TN",475346,4.47,2563,68,3572,15836
2025-07-01,"Nashville, TN",480000,3.78,2621,71,3512,15919
2025-06-01,"Nashville, TN",485000,2.11,2661,69,3562,15965
2025-05-01,"Nashville, TN",480000,3.23,2712,67,3778,15814
2025-04-01,"Nashville, TN",469900,0.19,2790,64,3762,15442
2025-03-01,"Nashville, TN",464990,1.11,2945,66,3703,15038
2025-02-01,"Nashville, TN",459990,2.22,2911,64,3610,14655
2025-01-01,"Nashville, TN",459995,4.49,2739,62,3740,14187
2024-12-01,"Nashville, TN",459990,2.45,2842,64,3494,13864
2024-11-01,"Nashville, TN",462500,5.05,2762,59,3464,13775
2024-10-01,"Nashville, TN",460235,3.42,2711,61,3463,13692
2024-09-01,"Nashville, TN",450000,2.28,2612,60,3393,13427
2024-08-01,"Nashville, TN",455000,0,2557,61,3358,13128
2024-07-01,"Nashville, TN",462500,2.1,2535,58,3382,12885
2024-06-01,"Nashville, TN",475000,6.51,2577,55,3378,12778
2024-05-01,"Nashville, TN",465000,4.49,2975,55,3348,12762
2024-04-01,"Nashville, TN",468990,7.94,2863,56,3374,12725
2024-03-01,"Nashville, TN",459900,6.41,2858,57,3327,12609
2024-02-01,"Nashville, TN",449990,4.78,2843,57,3323,12411
2024-01-01,"Nashville, TN",440210,5.09,2775,55,3154,12230
2023-12-01,"Nashville, TN",449000,0.9,2487,54,3463,12094
2023-11-01,"Nashville, TN",440269,2.39,2595,52,3381,11693
2023-10-01,"Nashville, TN",445000,0.66,2593,55,3107,11241
2023-09-01,"Nashville, TN",439990,-1.13,2554,53,3204,11084
2023-08-01,"Nashville, TN",455000,3.41,2678,51,3024,10987
2023-07-01,"Nashville, TN",452967,-0.49,2621,51,3032,10999
2023-06-01,"Nashville, TN",445975,-3.03,2812,53,3085,11203
2023-05-01,"Nashville, TN",445000,-4.3,2916,54,3042,11402
2023-04-01,"Nashville, TN",434475,-4.09,2776,58,3024,11677
2023-03-01,"Nashville, TN",432193,0.93,3030,56,3008,11981
2023-02-01,"Nashville, TN",429450,2.27,2933,59,3119,12298
2023-01-01,"Nashville, TN",418900,5.44,2763,57,3310,12423
2022-12-01,"Nashville, TN",444995,9.09,2551,50,3242,12171
2022-11-01,"Nashville, TN",430000,8.86,2626,49,3309,11936
2022-10-01,"Nashville, TN",442100,10.53,2877,44,3390,11812
2022-09-01,"Nashville, TN",445000,14.1,3157,40,3572,11643
2022-08-01,"Nashville, TN",440000,11.39,2919,37,3646,11248
2022-07-01,"Nashville, TN",455200,18.23,2848,32,4344,10593
2022-06-01,"Nashville, TN",459900,17.92,3631,27,4495,9602
2022-05-01,"Nashville, TN",465000,23.82,3538,23,3907,8599
2022-04-01,"Nashville, TN",453000,26.89,3578,20,3384,8033
2022-03-01,"Nashville, TN",428200,24.12,3592,21,3270,7926
2022-02-01,"Nashville, TN",419900,25.38,3608,21,3205,7989
2022-01-01,"Nashville, TN",397298,22.25,3727,27,3188,8136
2021-12-01,"Nashville, TN",407900,23.98,3964,28,3759,8337
2021-11-01,"Nashville, TN",395000,19.03,4136,29,3734,8514
2021-10-01,"Nashville, TN",400000,19.4,3899,29,3800,8565
2021-09-01,"Nashville, TN",390000,18.54,3754,29,3754,8490
2021-08-01,"Nashville, TN",395000,19.7,3729,29,3615,8317
2021-07-01,"Nashville, TN",385000,17.74,3636,28,3698,8129
2021-06-01,"Nashville, TN",390000,21.91,3850,30,3441,8117
2021-05-01,"Nashville, TN",375540,19.41,3668,34,3144,8655
2021-04-01,"Nashville, TN",357000,13.78,3802,35,3159,9520
2021-03-01,"Nashville, TN",345000,9.52,3667,36,3399,10365
2021-02-01,"Nashville, TN",334900,11.63,3673,31,3637,11104
2021-01-01,"Nashville, TN",325000,10.54,3733,38,4229,11613
2020-12-01,"Nashville, TN",329000,5.45,4253,39,4171,11628
2020-11-01,"Nashville, TN",331842,8.09,4002,39,4010,11746
2020-10-01,"Nashville, TN",335000,11.7,4133,43,4155,12180
2020-09-01,"Nashville, TN",329000,9.67,4072,46,4082,12640
2020-08-01,"Nashville, TN",330000,8.12,4022,49,4179,13099
2020-07-01,"Nashville, TN",327000,9,4087,55,4139,13491
2020-06-01,"Nashville, TN",319900,4.89,3590,60,4097,15230
2020-05-01,"Nashville, TN",314500,4.83,2960,62,3965,14931
2020-04-01,"Nashville, TN",313750,8.23,2950,62,3201,14425
2020-03-01,"Nashville, TN",315000,8.62,3462,59,3973,15089
2020-02-01,"Nashville, TN",300000,7.18,3559,58,4033,14900
2020-01-01,"Nashville, TN",294000,4.17,3502,60,4057,14946
2019-12-01,"Nashville, TN",312000,7.62,3481,57,3913,15018
2019-11-01,"Nashville, TN",307000,8.73,3419,60,4144,15130
2019-10-01,"Nashville, TN",299900,5.6,3554,58,4145,15238
2019-09-01,"Nashville, TN",300000,7.18,3509,61,4030,15236
2019-08-01,"Nashville, TN",305213,4.85,3560,62,3949,15237
2019-07-01,"Nashville, TN",300000,1.69,3536,62,3958,15422
2019-06-01,"Nashville, TN",305000,2.57,3737,62,4057,15666
2019-05-01,"Nashville, TN",300000,3.45,3661,65,4086,15802
2019-04-01,"Nashville, TN",289900,2.82,3420,62,4106,15771
2019-03-01,"Nashville, TN",290000,3.57,3277,63,3935,15663
2019-02-01,"Nashville, TN",279900,1.16,3281,63,3779,15633
2019-01-01,"Nashville, TN",282220,4.56,3154,61,3988,15510
2026-05-01,"Nassau County, NY",749689,5.44,1867,33,2217,7861
2026-04-01,"Nassau County, NY",745000,5.67,1786,34,2891,7776
2026-03-01,"Nassau County, NY",735000,5,1816,36,2213,7558
2026-02-01,"Nassau County, NY",730000,2.1,1950,34,2084,7400
2026-01-01,"Nassau County, NY",740000,4.96,1958,35,2285,7666
2025-12-01,"Nassau County, NY",735000,2.87,1943,34,2353,7664
2025-11-01,"Nassau County, NY",750000,8.07,1963,35,2318,7647
2025-10-01,"Nassau County, NY",735000,5,2034,35,2335,7591
2025-09-01,"Nassau County, NY",750000,4.17,1925,33,2422,7556
2025-08-01,"Nassau County, NY",750000,4.9,1984,33,2315,7485
2025-07-01,"Nassau County, NY",745000,6.43,1945,32,2299,7514
2025-06-01,"Nassau County, NY",745000,6.43,1823,33,2300,7563
2025-05-01,"Nassau County, NY",711000,3.8,1919,31,2395,7723
2025-04-01,"Nassau County, NY",705000,7.55,1981,30,2377,7556
2025-03-01,"Nassau County, NY",700000,9.38,2006,28,2361,7882
2025-02-01,"Nassau County, NY",715000,11.72,1949,29,2515,7852
2025-01-01,"Nassau County, NY",705000,11.02,1997,30,2413,7694
2024-12-01,"Nassau County, NY",714500,10.09,2018,31,2405,7564
2024-11-01,"Nassau County, NY",694000,6.77,1994,29,2455,7453
2024-10-01,"Nassau County, NY",700000,8.86,1890,30,2370,7217
2024-09-01,"Nassau County, NY",720000,10.77,2015,31,2408,7232
2024-08-01,"Nassau County, NY",715000,10,1913,30,2379,7054
2024-07-01,"Nassau County, NY",700000,8.53,1938,30,2248,6964
2024-06-01,"Nassau County, NY",700000,12.9,1946,29,2284,7100
2024-05-01,"Nassau County, NY",685000,14.17,1932,29,2310,7189
2024-04-01,"Nassau County, NY",655500,11.1,1915,28,2201,7081
2024-03-01,"Nassau County, NY",640000,11.3,1906,29,2361,7436
2024-02-01,"Nassau County, NY",640000,11.44,1812,29,2415,7436
2024-01-01,"Nassau County, NY",635000,8.55,1933,27,2356,7331
2023-12-01,"Nassau County, NY",649000,10.94,1825,27,2521,7302
2023-11-01,"Nassau County, NY",650000,8.51,1847,28,2397,6894
2023-10-01,"Nassau County, NY",643000,5.41,1927,28,2343,6628
2023-09-01,"Nassau County, NY",650000,5.69,1965,29,2265,6408
2023-08-01,"Nassau County, NY",650000,3.17,1991,30,2250,6376
2023-07-01,"Nassau County, NY",645000,2.38,1895,32,2240,6320
2023-06-01,"Nassau County, NY",620000,-0.8,2044,32,2023,6401
2023-05-01,"Nassau County, NY",600000,-3.23,2050,32,2066,6790
2023-04-01,"Nassau County, NY",590000,-0.84,2028,36,2017,7171
2023-03-01,"Nassau County, NY",575000,-3.36,1990,38,2146,7857
2023-02-01,"Nassau County, NY",574310,-1.66,1932,37,2347,8367
2023-01-01,"Nassau County, NY",585000,-0.68,1915,37,2377,8563
2022-12-01,"Nassau County, NY",585000,1.74,2028,37,2518,8636
2022-11-01,"Nassau County, NY",599000,3.28,2221,36,2475,8506
2022-10-01,"Nassau County, NY",610000,5.17,2209,35,2502,8516
2022-09-01,"Nassau County, NY",615000,5.13,2238,33,2546,8612
2022-08-01,"Nassau County, NY",630000,5,2342,33,2651,8827
2022-07-01,"Nassau County, NY",630000,8.62,2351,31,2782,8888
2022-06-01,"Nassau County, NY",625000,8.7,2551,29,3113,8833
2022-05-01,"Nassau County, NY",620000,10.52,2641,29,2967,8559
2022-04-01,"Nassau County, NY",595000,8.18,2731,28,2925,8548
2022-03-01,"Nassau County, NY",595000,11.76,2788,30,3004,8810
2022-02-01,"Nassau County, NY",584000,9.16,2970,31,2998,8737
2022-01-01,"Nassau County, NY",589000,9.58,3119,33,2903,8670
2021-12-01,"Nassau County, NY",575000,8.49,2845,33,3005,8900
2021-11-01,"Nassau County, NY",580000,9.06,2725,33,3071,9212
2021-10-01,"Nassau County, NY",580000,9.43,2870,32,3146,9440
2021-09-01,"Nassau County, NY",585000,11.45,2796,31,2915,9443
2021-08-01,"Nassau County, NY",600000,16.5,2703,33,3217,9840
2021-07-01,"Nassau County, NY",580000,19.81,2794,33,3395,9906
2021-06-01,"Nassau County, NY",575000,21.18,2730,35,3455,9853
2021-05-01,"Nassau County, NY",561000,16.87,2736,36,3222,10010
2021-04-01,"Nassau County, NY",550000,15.79,3239,37,3410,10238
2021-03-01,"Nassau County, NY",532375,15.73,3285,33,2967,10245
2021-02-01,"Nassau County, NY",535000,17.58,3402,33,2932,10533
2021-01-01,"Nassau County, NY",537500,17.68,3427,31,3228,11207
2020-12-01,"Nassau County, NY",530000,14.47,3506,33,3364,11552
2020-11-01,"Nassau County, NY",531800,17.46,3338,34,3568,11763
2020-10-01,"Nassau County, NY",530000,15.22,3283,38,3968,12162
2020-09-01,"Nassau County, NY",524885,11.2,2939,43,4107,12390
2020-08-01,"Nassau County, NY",515000,8.42,2057,55,4202,12434
2020-07-01,"Nassau County, NY",484100,1.92,1737,74,4155,12786
2020-06-01,"Nassau County, NY",474500,2.04,1671,65,3853,11955
2020-05-01,"Nassau County, NY",480000,7.87,1769,52,1616,9951
2020-04-01,"Nassau County, NY",475000,9.2,1819,53,283,10141
2020-03-01,"Nassau County, NY",460000,6.98,2190,53,2282,12938
2020-02-01,"Nassau County, NY",455000,4.6,2732,55,3479,13632
2020-01-01,"Nassau County, NY",456750,5,2675,56,3481,13600
2019-12-01,"Nassau County, NY",463000,6.68,2623,55,3187,13734
2019-11-01,"Nassau County, NY",452750,4.08,2540,57,3322,14044
2019-10-01,"Nassau County, NY",460000,3.95,2558,57,3230,14262
2019-09-01,"Nassau County, NY",472000,8.51,2558,55,3445,14494
2019-08-01,"Nassau County, NY",475000,2.15,2531,56,3261,14477
2019-07-01,"Nassau County, NY",475000,4.4,2588,57,3210,14727
2019-06-01,"Nassau County, NY",465000,5.68,2560,54,3320,14979
2019-05-01,"Nassau County, NY",445000,4.71,2558,55,3575,15120
2019-04-01,"Nassau County, NY",435000,3.57,2678,52,3656,15233
2019-03-01,"Nassau County, NY",430000,2.38,2544,56,3557,15087
2019-02-01,"Nassau County, NY",435000,7.41,2477,57,3462,14800
2019-01-01,"Nassau County, NY",435000,4.82,2434,55,3539,14634
2026-05-01,"New Brunswick, NJ",583202,0.55,2223,40,2927,9550
2026-04-01,"New Brunswick, NJ",555000,-0.72,2119,43,3099,9398
2026-03-01,"New Brunswick, NJ",550000,0.18,2147,43,2768,8881
2026-02-01,"New Brunswick, NJ",545000,2.83,2129,43,2534,8778
2026-01-01,"New Brunswick, NJ",549000,-0.18,2191,42,2718,8945
2025-12-01,"New Brunswick, NJ",560000,3.7,2291,42,2793,8887
2025-11-01,"New Brunswick, NJ",565000,2.73,2314,45,2777,8928
2025-10-01,"New Brunswick, NJ",560000,1.82,2237,42,2799,8732
2025-09-01,"New Brunswick, NJ",575000,3.6,2289,44,2755,8702
2025-08-01,"New Brunswick, NJ",595000,7.21,2249,42,2753,8704
2025-07-01,"New Brunswick, NJ",588000,3.16,2277,41,2621,8493
2025-06-01,"New Brunswick, NJ",575000,4.55,2266,37,2611,8532
2025-05-01,"New Brunswick, NJ",580000,8.41,2312,37,2740,8685
2025-04-01,"New Brunswick, NJ",559000,6.48,2303,35,2690,8698
2025-03-01,"New Brunswick, NJ",549000,7.65,2327,37,2826,8876
2025-02-01,"New Brunswick, NJ",530000,9.73,2330,36,2887,8879
2025-01-01,"New Brunswick, NJ",550000,10,2354,37,2803,8721
2024-12-01,"New Brunswick, NJ",540000,9.76,2347,36,2877,8704
2024-11-01,"New Brunswick, NJ",550000,10.01,2292,35,2862,8401
2024-10-01,"New Brunswick, NJ",550000,7.86,2169,35,2765,8146
2024-09-01,"New Brunswick, NJ",555000,8.5,2212,38,2811,7994
2024-08-01,"New Brunswick, NJ",555000,6.73,2227,39,2614,7715
2024-07-01,"New Brunswick, NJ",570000,14,2287,36,2734,7560
2024-06-01,"New Brunswick, NJ",550000,10,2196,35,2479,7413
2024-05-01,"New Brunswick, NJ",535000,12.16,2258,34,2515,7543
2024-04-01,"New Brunswick, NJ",525000,14.13,2297,35,2336,7755
2024-03-01,"New Brunswick, NJ",510000,15.91,2210,34,2608,8159
2024-02-01,"New Brunswick, NJ",483000,12.33,2202,33,2697,8186
2024-01-01,"New Brunswick, NJ",500000,11.11,2169,33,2723,8149
2023-12-01,"New Brunswick, NJ",492000,11.56,2089,36,2850,7990
2023-11-01,"New Brunswick, NJ",499945,11.1,2127,38,2790,7635
2023-10-01,"New Brunswick, NJ",509900,10.87,2207,38,2642,7256
2023-09-01,"New Brunswick, NJ",511500,11.2,2231,32,2525,6677
2023-08-01,"New Brunswick, NJ",520000,9.47,2254,32,2531,6360
2023-07-01,"New Brunswick, NJ",500000,5.15,2280,35,2401,6214
2023-06-01,"New Brunswick, NJ",500000,5.26,2331,42,2325,7499
2023-05-01,"New Brunswick, NJ",477000,2.82,2233,47,2270,8027
2023-04-01,"New Brunswick, NJ",460000,2.22,2359,47,2309,8582
2023-03-01,"New Brunswick, NJ",440000,3.53,2437,49,2354,9122
2023-02-01,"New Brunswick, NJ",430000,1.18,2352,53,2800,9817
2023-01-01,"New Brunswick, NJ",450000,5.88,2302,52,2859,9917
2022-12-01,"New Brunswick, NJ",441000,3.76,2340,50,2976,9835
2022-11-01,"New Brunswick, NJ",450000,5.88,2452,49,2911,9743
2022-10-01,"New Brunswick, NJ",459900,8.21,2672,53,2907,9838
2022-09-01,"New Brunswick, NJ",460000,8.24,2812,57,3004,10475
2022-08-01,"New Brunswick, NJ",475000,11.76,2743,57,3103,10756
2022-07-01,"New Brunswick, NJ",475500,11.88,2815,61,3353,11644
2022-06-01,"New Brunswick, NJ",475000,11.5,2937,59,3594,11622
2022-05-01,"New Brunswick, NJ",463900,11.78,3008,55,3487,11318
2022-04-01,"New Brunswick, NJ",450000,12.5,2955,54,3400,11017
2022-03-01,"New Brunswick, NJ",425000,8.97,3026,48,3362,10870
2022-02-01,"New Brunswick, NJ",425000,13.33,3190,50,3359,10727
2022-01-01,"New Brunswick, NJ",425000,12.58,3684,53,3333,10970
2021-12-01,"New Brunswick, NJ",425000,11.84,3237,54,3421,11178
2021-11-01,"New Brunswick, NJ",425000,11.84,3410,53,3585,11566
2021-10-01,"New Brunswick, NJ",425000,11.84,3438,51,3625,11766
2021-09-01,"New Brunswick, NJ",425000,10.39,3258,47,3482,11503
2021-08-01,"New Brunswick, NJ",425000,12.58,3372,44,3860,11708
2021-07-01,"New Brunswick, NJ",425000,18.02,3302,40,4089,11394
2021-06-01,"New Brunswick, NJ",426000,20,3327,37,4017,11260
2021-05-01,"New Brunswick, NJ",415000,18.57,3379,40,3753,11007
2021-04-01,"New Brunswick, NJ",400000,15.94,3429,41,3708,11038
2021-03-01,"New Brunswick, NJ",390000,16.42,3568,47,3620,11385
2021-02-01,"New Brunswick, NJ",375000,20.97,3694,42,3346,11519
2021-01-01,"New Brunswick, NJ",377500,18.99,4024,42,3667,12246
2020-12-01,"New Brunswick, NJ",380000,19.78,4150,46,3933,12768
2020-11-01,"New Brunswick, NJ",380000,15.15,4032,47,4102,13113
2020-10-01,"New Brunswick, NJ",380000,16.12,4177,49,4549,13735
2020-09-01,"New Brunswick, NJ",385000,17.15,3897,53,4849,13886
2020-08-01,"New Brunswick, NJ",377500,12.69,3695,59,4765,13607
2020-07-01,"New Brunswick, NJ",360116,8.14,3109,69,4685,13381
2020-06-01,"New Brunswick, NJ",355000,7.58,2313,77,3851,12756
2020-05-01,"New Brunswick, NJ",350000,9.2,2371,73,2543,12308
2020-04-01,"New Brunswick, NJ",345000,12.38,2662,70,798,12453
2020-03-01,"New Brunswick, NJ",335000,9.84,2933,68,2690,15467
2020-02-01,"New Brunswick, NJ",310000,5.8,3138,72,4242,16587
2020-01-01,"New Brunswick, NJ",317250,4.02,3047,73,4128,16156
2019-12-01,"New Brunswick, NJ",317250,4.05,2944,69,3661,16109
2019-11-01,"New Brunswick, NJ",330000,7.76,3074,74,3767,16430
2019-10-01,"New Brunswick, NJ",327250,5.91,2992,77,3761,16750
2019-09-01,"New Brunswick, NJ",328650,4.09,3005,75,3961,17075
2019-08-01,"New Brunswick, NJ",335000,2.76,3114,76,3730,17149
2019-07-01,"New Brunswick, NJ",333000,2.46,3056,74,3613,17462
2019-06-01,"New Brunswick, NJ",330000,0,3208,69,3846,18051
2019-05-01,"New Brunswick, NJ",320500,2.56,3380,71,4024,18411
2019-04-01,"New Brunswick, NJ",307000,2.33,3165,70,4262,18713
2019-03-01,"New Brunswick, NJ",305000,4.45,3105,76,4185,18556
2019-02-01,"New Brunswick, NJ",293000,1.05,2959,73,4141,18207
2019-01-01,"New Brunswick, NJ",305000,2.03,3040,74,4229,17981
2026-05-01,"New Haven, CT",418709,9.04,739,48,848,2641
2026-04-01,"New Haven, CT",394500,5.84,687,49,831,2540
2026-03-01,"New Haven, CT",379000,5.28,672,52,797,2457
2026-02-01,"New Haven, CT",379900,2.68,678,49,715,2415
2026-01-01,"New Haven, CT",385000,10,711,47,745,2531
2025-12-01,"New Haven, CT",395000,9.72,696,47,805,2576
2025-11-01,"New Haven, CT",380000,2.84,690,49,778,2586
2025-10-01,"New Haven, CT",387000,3.66,675,48,808,2590
2025-09-01,"New Haven, CT",394500,9.58,690,46,803,2546
2025-08-01,"New Haven, CT",390000,4,693,46,793,2513
2025-07-01,"New Haven, CT",410000,6.49,734,48,809,2530
2025-06-01,"New Haven, CT",405000,8,695,47,764,2506
2025-05-01,"New Haven, CT",384000,8.17,699,47,771,2538
2025-04-01,"New Haven, CT",372750,6.5,721,45,779,2597
2025-03-01,"New Haven, CT",360000,2.86,699,47,823,2607
2025-02-01,"New Haven, CT",370000,9.55,794,41,841,2622
2025-01-01,"New Haven, CT",350000,6.87,690,45,838,2561
2024-12-01,"New Haven, CT",360000,9.09,754,48,799,2520
2024-11-01,"New Haven, CT",369500,11.97,743,44,804,2509
2024-10-01,"New Haven, CT",373350,9.81,708,44,819,2500
2024-09-01,"New Haven, CT",360000,7.46,676,44,824,2436
2024-08-01,"New Haven, CT",375000,11.94,688,45,766,2386
2024-07-01,"New Haven, CT",385000,10,727,44,780,2431
2024-06-01,"New Haven, CT",375000,10.29,673,42,770,2441
2024-05-01,"New Haven, CT",355000,7.58,687,43,778,2500
2024-04-01,"New Haven, CT",350000,10.86,652,43,794,2487
2024-03-01,"New Haven, CT",350000,20.69,702,40,760,2458
2024-02-01,"New Haven, CT",337750,14.49,667,44,762,2514
2024-01-01,"New Haven, CT",327500,15.32,669,42,784,2482
2023-12-01,"New Haven, CT",330000,15.38,698,41,791,2438
2023-11-01,"New Haven, CT",330000,10,719,40,864,2411
2023-10-01,"New Haven, CT",340000,12.96,710,42,803,2346
2023-09-01,"New Haven, CT",335000,11.67,735,42,802,2325
2023-08-01,"New Haven, CT",335000,4.69,725,44,809,2325
2023-07-01,"New Haven, CT",350000,9.03,670,41,763,2278
2023-06-01,"New Haven, CT",340000,6.25,703,43,831,2347
2023-05-01,"New Haven, CT",330000,6.45,711,44,784,2324
2023-04-01,"New Haven, CT",315714,7.02,765,45,746,2355
2023-03-01,"New Haven, CT",290000,4.32,825,44,766,2532
2023-02-01,"New Haven, CT",295000,9.26,768,48,881,2645
2023-01-01,"New Haven, CT",284000,5.19,793,48,904,2688
2022-12-01,"New Haven, CT",286000,5.15,785,45,897,2665
2022-11-01,"New Haven, CT",300000,7.14,808,47,882,2730
2022-10-01,"New Haven, CT",301000,9.45,841,45,901,2784
2022-09-01,"New Haven, CT",300000,9.09,880,45,915,2838
2022-08-01,"New Haven, CT",320000,13.48,910,43,943,2928
2022-07-01,"New Haven, CT",321000,11.07,916,45,997,3012
2022-06-01,"New Haven, CT",320000,7.02,961,43,1078,3010
2022-05-01,"New Haven, CT",310000,10.75,987,41,1068,2990
2022-04-01,"New Haven, CT",295000,14.52,992,42,1099,3052
2022-03-01,"New Haven, CT",278000,9.02,1005,41,1110,2977
2022-02-01,"New Haven, CT",270000,10.2,1026,48,1070,2900
2022-01-01,"New Haven, CT",270000,10.2,1150,48,1037,2996
2021-12-01,"New Haven, CT",272000,8.8,1079,49,1100,3157
2021-11-01,"New Haven, CT",280000,12,1059,48,1094,3337
2021-10-01,"New Haven, CT",275000,7.84,1133,50,1114,3491
2021-09-01,"New Haven, CT",275000,6.63,1137,51,1103,3627
2021-08-01,"New Haven, CT",282000,12.8,1085,51,1263,3714
2021-07-01,"New Haven, CT",289000,15.6,1071,50,1314,3697
2021-06-01,"New Haven, CT",299000,24.58,1056,52,1219,3722
2021-05-01,"New Haven, CT",279900,20.65,1085,53,1215,3790
2021-04-01,"New Haven, CT",257600,13.23,1115,52,1190,3769
2021-03-01,"New Haven, CT",255000,15.91,1099,54,1216,3796
2021-02-01,"New Haven, CT",245000,28.95,1114,53,1150,3736
2021-01-01,"New Haven, CT",245000,22.5,1209,52,1224,3872
2020-12-01,"New Haven, CT",250000,18.37,1186,54,1269,3988
2020-11-01,"New Haven, CT",250000,19.05,1259,54,1373,4162
2020-10-01,"New Haven, CT",255000,20.85,1284,57,1377,4273
2020-09-01,"New Haven, CT",257900,18.3,1203,57,1430,4319
2020-08-01,"New Haven, CT",250000,11.11,1094,61,1372,4206
2020-07-01,"New Haven, CT",250000,8.7,1023,64,1273,4082
2020-06-01,"New Haven, CT",240000,2.13,742,72,1208,3906
2020-05-01,"New Haven, CT",232000,5.45,759,70,881,3748
2020-04-01,"New Haven, CT",227500,12.9,814,69,521,3895
2020-03-01,"New Haven, CT",220000,11.68,882,66,1035,4660
2020-02-01,"New Haven, CT",190000,-3.06,937,64,1168,4737
2020-01-01,"New Haven, CT",200000,14.29,882,73,1155,4554
2019-12-01,"New Haven, CT",211200,2.03,887,63,1025,4524
2019-11-01,"New Haven, CT",210000,6.06,873,73,1033,4601
2019-10-01,"New Haven, CT",211000,1.93,839,71,1055,4677
2019-09-01,"New Haven, CT",218000,1.4,894,72,1079,4762
2019-08-01,"New Haven, CT",225000,0.45,942,73,1069,4840
2019-07-01,"New Haven, CT",230000,2.22,961,73,1093,4965
2019-06-01,"New Haven, CT",235000,3.07,959,72,1131,5174
2019-05-01,"New Haven, CT",220000,7.32,962,72,1198,5342
2019-04-01,"New Haven, CT",201500,-3.59,936,68,1195,5294
2019-03-01,"New Haven, CT",197000,4.79,888,77,1185,5231
2019-02-01,"New Haven, CT",196000,8.89,882,77,1152,5223
2019-01-01,"New Haven, CT",175000,-2.78,847,74,1092,5096
2026-05-01,"New Orleans, LA",300872,2.72,1046,63,1383,7113
2026-04-01,"New Orleans, LA",300500,5.44,1045,65,1405,7181
2026-03-01,"New Orleans, LA",290000,1.77,1050,69,1495,7151
2026-02-01,"New Orleans, LA",297500,3.48,932,69,1434,7083
2026-01-01,"New Orleans, LA",285000,1.82,1015,65,1445,7121
2025-12-01,"New Orleans, LA",290000,1.75,1020,68,1319,7144
2025-11-01,"New Orleans, LA",275000,-0.91,1043,62,1493,7138
2025-10-01,"New Orleans, LA",290000,3.94,1018,61,1493,7134
2025-09-01,"New Orleans, LA",285000,3.46,1023,63,1428,7089
2025-08-01,"New Orleans, LA",279900,1.78,1032,67,1348,7126
2025-07-01,"New Orleans, LA",280000,-1.15,975,64,1287,7308
2025-06-01,"New Orleans, LA",299900,3.24,1043,62,1385,7404
2025-05-01,"New Orleans, LA",292900,-0.71,969,63,1437,7495
2025-04-01,"New Orleans, LA",285000,0.88,956,68,1517,7527
2025-03-01,"New Orleans, LA",284950,-0.67,928,69,1498,7332
2025-02-01,"New Orleans, LA",287500,1.27,1053,66,1504,7274
2025-01-01,"New Orleans, LA",279900,5.52,826,64,1382,7201
2024-12-01,"New Orleans, LA",285000,7.2,1092,65,1423,7339
2024-11-01,"New Orleans, LA",277535,3.56,1018,77,1444,7459
2024-10-01,"New Orleans, LA",279000,1.45,895,79,1460,7758
2024-09-01,"New Orleans, LA",275463,-0.91,919,78,1260,7630
2024-08-01,"New Orleans, LA",275000,-0.72,972,82,1420,7811
2024-07-01,"New Orleans, LA",283250,-1.93,1025,80,1433,7800
2024-06-01,"New Orleans, LA",290500,-1.53,959,79,1451,7704
2024-05-01,"New Orleans, LA",295000,0,989,83,1460,7722
2024-04-01,"New Orleans, LA",282500,0.89,1049,77,1557,7627
2024-03-01,"New Orleans, LA",286861,4.31,1068,76,1435,7381
2024-02-01,"New Orleans, LA",283900,5.66,953,79,1437,7319
2024-01-01,"New Orleans, LA",265250,-1.76,950,76,1371,7188
2023-12-01,"New Orleans, LA",265850,-6.24,981,68,1483,7384
2023-11-01,"New Orleans, LA",268000,-4.63,953,72,1443,7318
2023-10-01,"New Orleans, LA",275000,-1.79,992,68,1476,7210
2023-09-01,"New Orleans, LA",278000,1.83,1053,72,1582,7224
2023-08-01,"New Orleans, LA",277000,-0.72,1049,66,1533,7098
2023-07-01,"New Orleans, LA",288830,3.15,1083,69,1420,7015
2023-06-01,"New Orleans, LA",295000,-4.84,1092,72,1458,7062
2023-05-01,"New Orleans, LA",295000,-2.48,1094,67,1516,6992
2023-04-01,"New Orleans, LA",280000,-3.45,1106,63,1504,6849
2023-03-01,"New Orleans, LA",275000,-2.48,1056,57,1538,6673
2023-02-01,"New Orleans, LA",268685,-5.72,1111,56,1445,6577
2023-01-01,"New Orleans, LA",270000,-3.4,1050,64,1565,6405
2022-12-01,"New Orleans, LA",283550,3.11,1098,39,1372,6053
2022-11-01,"New Orleans, LA",281000,4.06,1104,41,1416,6020
2022-10-01,"New Orleans, LA",280000,2.56,1246,37,1599,5977
2022-09-01,"New Orleans, LA",273000,-5.54,1209,34,1627,5795
2022-08-01,"New Orleans, LA",279000,3.81,1221,29,1664,5575
2022-07-01,"New Orleans, LA",280000,2.6,1276,22,1708,5294
2022-06-01,"New Orleans, LA",310000,8.77,1369,18,1839,5115
2022-05-01,"New Orleans, LA",302500,10.2,1458,16,1781,4800
2022-04-01,"New Orleans, LA",290000,7.41,1519,14,1742,4681
2022-03-01,"New Orleans, LA",282000,6.42,1523,17,1777,4532
2022-02-01,"New Orleans, LA",285000,12.65,1574,20,1698,4351
2022-01-01,"New Orleans, LA",279500,12.25,1614,22,1625,4423
2021-12-01,"New Orleans, LA",275000,10,1553,26,1750,4385
2021-11-01,"New Orleans, LA",270028,4.26,1560,28,1532,4369
2021-10-01,"New Orleans, LA",273000,6.27,1365,31,1562,4579
2021-09-01,"New Orleans, LA",289000,16.06,1003,20,853,4273
2021-08-01,"New Orleans, LA",268750,7.95,1273,19,1580,4836
2021-07-01,"New Orleans, LA",272900,5.18,1511,20,1874,4924
2021-06-01,"New Orleans, LA",285000,16.33,1607,22,1719,4693
2021-05-01,"New Orleans, LA",274500,16.81,1542,25,1672,4689
2021-04-01,"New Orleans, LA",270000,14.89,1658,27,1658,4876
2021-03-01,"New Orleans, LA",265000,15.22,1610,27,1613,4995
2021-02-01,"New Orleans, LA",253000,11.72,1588,31,1677,5119
2021-01-01,"New Orleans, LA",249000,7.66,1639,30,1693,5239
2020-12-01,"New Orleans, LA",250000,8.41,1673,28,1793,5213
2020-11-01,"New Orleans, LA",259000,10.68,1573,28,1804,5198
2020-10-01,"New Orleans, LA",256900,14.18,1620,30,1667,5108
2020-09-01,"New Orleans, LA",249000,13.18,1639,36,1648,5197
2020-08-01,"New Orleans, LA",248950,7.31,1596,39,1657,5434
2020-07-01,"New Orleans, LA",259450,10.9,1476,43,1606,5641
2020-06-01,"New Orleans, LA",245000,2.53,1289,53,1448,5772
2020-05-01,"New Orleans, LA",235000,-0.3,906,55,1474,5890
2020-04-01,"New Orleans, LA",235000,6.82,1004,44,946,5687
2020-03-01,"New Orleans, LA",230000,7.77,1304,45,1532,6294
2020-02-01,"New Orleans, LA",226460,9.93,1395,49,1501,6317
2020-01-01,"New Orleans, LA",231274,11.05,1353,51,1623,6457
2019-12-01,"New Orleans, LA",230598,5.78,1206,47,1501,6338
2019-11-01,"New Orleans, LA",234000,8.84,1308,46,1580,6453
2019-10-01,"New Orleans, LA",225000,7.66,1393,47,1551,6551
2019-09-01,"New Orleans, LA",220000,4.76,1327,46,1630,6589
2019-08-01,"New Orleans, LA",232000,7.91,1293,45,1577,6464
2019-07-01,"New Orleans, LA",233945,4.32,1276,47,1459,6323
2019-06-01,"New Orleans, LA",238950,7.68,1396,48,1579,6349
2019-05-01,"New Orleans, LA",235715,5,1299,49,1595,6395
2019-04-01,"New Orleans, LA",220000,0.69,1310,54,1573,6430
2019-03-01,"New Orleans, LA",213422,6.71,1242,56,1519,6240
2019-02-01,"New Orleans, LA",206000,-1.67,1328,60,1568,6569
2019-01-01,"New Orleans, LA",208263,6.31,1154,64,1629,6277
2026-05-01,"New York, NY",812495,2.2,4353,56,6633,29572
2026-04-01,"New York, NY",790000,2.46,4535,59,6983,29322
2026-03-01,"New York, NY",790000,4.98,4573,59,6664,28355
2026-02-01,"New York, NY",790000,3.27,4701,61,6464,28026
2026-01-01,"New York, NY",780000,0.65,4708,61,6753,28701
2025-12-01,"New York, NY",780000,5.41,4886,61,6778,29089
2025-11-01,"New York, NY",775000,4.73,4749,62,6819,29197
2025-10-01,"New York, NY",765000,4.08,4623,61,6773,29287
2025-09-01,"New York, NY",780000,4.28,4793,61,6915,29373
2025-08-01,"New York, NY",801000,6.8,4726,59,6754,29336
2025-07-01,"New York, NY",811000,3.97,4806,58,6851,29423
2025-06-01,"New York, NY",820000,7.19,4652,56,6745,29175
2025-05-01,"New York, NY",795000,6,4787,54,6822,29455
2025-04-01,"New York, NY",771000,5.62,4764,54,6725,29732
2025-03-01,"New York, NY",752500,5.61,4787,55,6977,29579
2025-02-01,"New York, NY",765000,9.29,4928,56,6939,28711
2025-01-01,"New York, NY",775000,10.71,4996,53,6888,28046
2024-12-01,"New York, NY",740000,4.23,4894,53,6891,27389
2024-11-01,"New York, NY",740000,7.25,4839,54,6858,27308
2024-10-01,"New York, NY",735000,8.09,4683,53,6706,27130
2024-09-01,"New York, NY",748000,5.65,4732,54,6967,26787
2024-08-01,"New York, NY",750000,2.74,4535,53,6695,26159
2024-07-01,"New York, NY",780000,7.59,4698,52,6660,26534
2024-06-01,"New York, NY",765000,6.99,4669,53,6619,25761
2024-05-01,"New York, NY",750000,6.38,4830,56,6677,27212
2024-04-01,"New York, NY",730000,8.15,4633,55,6460,26991
2024-03-01,"New York, NY",712500,6.66,4440,56,6474,27344
2024-02-01,"New York, NY",700000,7.69,4252,58,6570,27642
2024-01-01,"New York, NY",700000,5.26,4473,60,6417,27148
2023-12-01,"New York, NY",710000,9.23,4345,64,6564,26837
2023-11-01,"New York, NY",690000,2.22,4508,70,6460,27506
2023-10-01,"New York, NY",680000,1.49,4650,77,6437,28397
2023-09-01,"New York, NY",708000,3.36,4805,57,6267,27864
2023-08-01,"New York, NY",730000,3.11,4849,57,6333,27126
2023-07-01,"New York, NY",725000,1.4,4765,58,6225,26704
2023-06-01,"New York, NY",715000,0.35,4850,61,6073,26874
2023-05-01,"New York, NY",705000,1.15,4927,64,6206,27563
2023-04-01,"New York, NY",675000,-2.17,4852,69,6136,27913
2023-03-01,"New York, NY",668000,-2.48,4671,68,6215,29072
2023-02-01,"New York, NY",650000,-4.26,4579,66,6421,29965
2023-01-01,"New York, NY",665000,-1.12,4661,66,6418,30110
2022-12-01,"New York, NY",650000,0,4709,65,6533,30550
2022-11-01,"New York, NY",675000,3.37,5275,65,6687,31070
2022-10-01,"New York, NY",670000,2.29,5418,64,6605,30677
2022-09-01,"New York, NY",685000,3.79,5737,63,6932,31544
2022-08-01,"New York, NY",708000,4.89,5965,62,6874,32446
2022-07-01,"New York, NY",715000,5.93,6378,64,7223,32686
2022-06-01,"New York, NY",712500,5.56,6728,63,7503,32285
2022-05-01,"New York, NY",697000,7.4,6743,63,7464,31574
2022-04-01,"New York, NY",690000,6.15,7010,62,7409,31705
2022-03-01,"New York, NY",685000,9.6,7216,63,7774,31727
2022-02-01,"New York, NY",678944,13.16,7472,67,7830,30859
2022-01-01,"New York, NY",672500,12.27,7737,69,7736,31814
2021-12-01,"New York, NY",650000,10.17,7048,72,7940,32467
2021-11-01,"New York, NY",653000,11.62,7012,71,7883,33375
2021-10-01,"New York, NY",655000,12.93,7375,72,8125,34359
2021-09-01,"New York, NY",660000,14.78,6858,70,7808,35064
2021-08-01,"New York, NY",675000,18.42,7324,73,8208,36336
2021-07-01,"New York, NY",675000,18.42,7293,78,8162,36799
2021-06-01,"New York, NY",675000,19.47,6934,80,8351,37368
2021-05-01,"New York, NY",649000,15.43,7140,84,8240,38327
2021-04-01,"New York, NY",650000,13.04,7148,87,8692,39555
2021-03-01,"New York, NY",625000,8.7,7379,92,8466,40123
2021-02-01,"New York, NY",600000,4.53,7436,90,8342,41380
2021-01-01,"New York, NY",599000,6.68,7006,87,9060,48916
2020-12-01,"New York, NY",590000,8.86,7090,84,9218,50147
2020-11-01,"New York, NY",585000,6.17,6497,82,9708,49423
2020-10-01,"New York, NY",580000,5.45,6230,82,10230,49068
2020-09-01,"New York, NY",575000,4.55,5218,90,10692,48553
2020-08-01,"New York, NY",570000,-0.31,4533,95,11244,48074
2020-07-01,"New York, NY",570000,2.02,3836,116,11647,43698
2020-06-01,"New York, NY",565000,-4.24,3501,121,8759,37268
2020-05-01,"New York, NY",562250,1.31,3634,104,3433,33391
2020-04-01,"New York, NY",575000,4.55,3435,90,-746,35042
2020-03-01,"New York, NY",575000,9.52,4724,99,4250,42677
2020-02-01,"New York, NY",574000,8.3,5697,102,8274,46623
2020-01-01,"New York, NY",561500,6.45,5662,106,8331,46032
2019-12-01,"New York, NY",542000,0.37,5503,102,8193,45406
2019-11-01,"New York, NY",551000,1.1,5471,101,8304,45216
2019-10-01,"New York, NY",550000,3.77,5373,103,8252,44942
2019-09-01,"New York, NY",550000,0,5421,103,9808,45168
2019-08-01,"New York, NY",571750,3.02,5577,104,8230,44947
2019-07-01,"New York, NY",558700,-0.23,5617,102,8203,45473
2019-06-01,"New York, NY",590000,3.51,5875,105,8234,45794
2019-05-01,"New York, NY",555000,0.91,5737,107,8565,46378
2019-04-01,"New York, NY",550000,1.85,5710,100,8523,46510
2019-03-01,"New York, NY",525000,-4.55,5619,104,8373,46335
2019-02-01,"New York, NY",530000,1.44,5481,106,8340,46247
2019-01-01,"New York, NY",527500,-1.4,5448,99,8589,46174
2026-05-01,"Newark, NJ",662956,6.24,1585,27,2019,6213
2026-04-01,"Newark, NJ",619000,-2.13,1488,29,2029,6114
2026-03-01,"Newark, NJ",600000,1.69,1494,31,1929,5874
2026-02-01,"Newark, NJ",590000,6.21,1450,32,1832,5799
2026-01-01,"Newark, NJ",590000,2.61,1552,36,1921,5926
2025-12-01,"Newark, NJ",610000,7.96,1572,38,1873,5983
2025-11-01,"Newark, NJ",613950,4.04,1554,38,1861,5971
2025-10-01,"Newark, NJ",610000,10.91,1583,36,1893,5972
2025-09-01,"Newark, NJ",592000,0.34,1568,36,1947,5938
2025-08-01,"Newark, NJ",644000,3.04,1522,34,1920,5827
2025-07-01,"Newark, NJ",643163,3.74,1568,33,1828,5792
2025-06-01,"Newark, NJ",665000,8.13,1543,31,1870,5813
2025-05-01,"Newark, NJ",624000,4.87,1577,31,1894,5802
2025-04-01,"Newark, NJ",632500,12.95,1569,32,1895,5756
2025-03-01,"Newark, NJ",590000,10.12,1577,32,1935,5668
2025-02-01,"Newark, NJ",555500,5.81,1598,30,1985,5499
2025-01-01,"Newark, NJ",575000,10.58,1604,28,1847,5281
2024-12-01,"Newark, NJ",565000,7.62,1664,25,1898,5153
2024-11-01,"Newark, NJ",590123,14.59,1556,24,1873,5189
2024-10-01,"Newark, NJ",550000,4.76,1491,24,1870,5256
2024-09-01,"Newark, NJ",590000,12.92,1555,24,1867,5165
2024-08-01,"Newark, NJ",625000,7.76,1656,24,1767,5084
2024-07-01,"Newark, NJ",620000,12.73,1567,24,1887,5150
2024-06-01,"Newark, NJ",615000,11.82,1559,25,1842,5157
2024-05-01,"Newark, NJ",595000,13.33,1597,26,1802,5221
2024-04-01,"Newark, NJ",560000,12,1584,25,1828,5276
2024-03-01,"Newark, NJ",535791,11.62,1616,25,1864,5398
2024-02-01,"Newark, NJ",525000,16.54,1536,27,1770,5442
2024-01-01,"Newark, NJ",520000,11.83,1491,27,1914,5274
2023-12-01,"Newark, NJ",525000,15.01,1494,27,1871,5097
2023-11-01,"Newark, NJ",515000,8.42,1589,28,1911,5084
2023-10-01,"Newark, NJ",525000,14.13,1601,27,1857,5064
2023-09-01,"Newark, NJ",522500,7.73,1575,26,1822,5065
2023-08-01,"Newark, NJ",580000,15.31,1578,25,1843,5062
2023-07-01,"Newark, NJ",550000,5.36,1618,25,1774,4996
2023-06-01,"Newark, NJ",550000,5.77,1648,25,1742,5105
2023-05-01,"Newark, NJ",525000,5,1644,26,1819,5297
2023-04-01,"Newark, NJ",500000,8.7,1669,31,1776,5463
2023-03-01,"Newark, NJ",480000,6.67,1693,35,1822,5770
2023-02-01,"Newark, NJ",450500,4.77,1728,38,1875,6042
2023-01-01,"Newark, NJ",465000,5.68,1632,40,1957,6176
2022-12-01,"Newark, NJ",456500,2.58,1705,41,1942,6219
2022-11-01,"Newark, NJ",475000,7.95,1822,45,1987,6368
2022-10-01,"Newark, NJ",460000,4.55,1877,55,2032,6504
2022-09-01,"Newark, NJ",485000,8.99,2082,65,2067,8805
2022-08-01,"Newark, NJ",503000,7.02,2014,73,2098,9228
2022-07-01,"Newark, NJ",522000,9.66,2088,77,2364,9621
2022-06-01,"Newark, NJ",520000,9.47,2129,78,2434,9706
2022-05-01,"Newark, NJ",500000,13.38,2180,76,2529,9627
2022-04-01,"Newark, NJ",460000,6.98,2331,71,2510,9608
2022-03-01,"Newark, NJ",450000,9.76,2201,67,2505,9555
2022-02-01,"Newark, NJ",430000,7.5,2355,70,2587,9533
2022-01-01,"Newark, NJ",440000,7.32,2581,73,2414,9672
2021-12-01,"Newark, NJ",445000,8.54,2387,77,2548,10141
2021-11-01,"Newark, NJ",440000,6.02,2498,78,2613,10477
2021-10-01,"Newark, NJ",440000,7.32,2516,77,2595,10679
2021-09-01,"Newark, NJ",445000,7.49,2394,76,2480,10923
2021-08-01,"Newark, NJ",470000,12.31,2546,78,2881,11318
2021-07-01,"Newark, NJ",476000,22.05,2497,80,2810,11497
2021-06-01,"Newark, NJ",475000,24.35,2624,81,2904,11674
2021-05-01,"Newark, NJ",441000,19.19,2560,83,2954,11672
2021-04-01,"Newark, NJ",430000,8.86,2527,84,2924,11633
2021-03-01,"Newark, NJ",410000,17.14,2734,82,3007,11653
2021-02-01,"Newark, NJ",400000,19.76,2762,80,2263,11803
2021-01-01,"Newark, NJ",410000,17.14,2832,79,2925,12552
2020-12-01,"Newark, NJ",410000,16.48,2998,80,3160,13235
2020-11-01,"Newark, NJ",415000,20.29,3093,81,3183,13451
2020-10-01,"Newark, NJ",410000,20.59,3046,79,3390,13504
2020-09-01,"Newark, NJ",414000,21.05,3083,81,3339,13486
2020-08-01,"Newark, NJ",418486,14.34,2877,87,3478,13277
2020-07-01,"Newark, NJ",390000,5.69,2299,98,3186,12579
2020-06-01,"Newark, NJ",382000,2.96,1692,107,2960,11700
2020-05-01,"Newark, NJ",370000,4.82,1725,102,2441,11169
2020-04-01,"Newark, NJ",395000,19.7,1959,96,1106,11290
2020-03-01,"Newark, NJ",350000,11.11,2142,99,2547,13867
2020-02-01,"Newark, NJ",334000,6.03,2305,100,2857,14985
2020-01-01,"Newark, NJ",350000,11.11,2327,101,2913,14078
2019-12-01,"Newark, NJ",352000,10.43,2319,100,2641,14170
2019-11-01,"Newark, NJ",345000,6.15,2159,98,2749,14116
2019-10-01,"Newark, NJ",340000,7.94,2272,100,2637,14043
2019-09-01,"Newark, NJ",342000,6.88,2250,102,2897,14120
2019-08-01,"Newark, NJ",366000,3.77,2289,101,2596,14087
2019-07-01,"Newark, NJ",369000,1.1,2310,100,2619,14382
2019-06-01,"Newark, NJ",371000,5.4,2338,98,2785,14863
2019-05-01,"Newark, NJ",353000,6.97,2397,98,2994,15205
2019-04-01,"Newark, NJ",330000,4.76,2291,97,3202,15329
2019-03-01,"Newark, NJ",315000,6.78,2306,97,3181,15181
2019-02-01,"Newark, NJ",315000,16.67,2224,96,2893,14946
2019-01-01,"Newark, NJ",315000,8.25,2130,96,2974,14675
2026-05-01,"North Port, FL",418699,-0.31,2003,63,2680,11546
2026-04-01,"North Port, FL",422985,3.17,1924,61,2632,11530
2026-03-01,"North Port, FL",425000,1.19,2057,63,2544,11592
2026-02-01,"North Port, FL",424900,2.39,1946,67,2687,11759
2026-01-01,"North Port, FL",420000,-1.05,1905,65,2673,11956
2025-12-01,"North Port, FL",425000,-3.41,1937,64,2565,12128
2025-11-01,"North Port, FL",422625,0.87,1959,69,2513,12303
2025-10-01,"North Port, FL",419222,-3.63,1920,68,2731,12532
2025-09-01,"North Port, FL",410000,-4.65,1950,73,2263,12721
2025-08-01,"North Port, FL",410000,-5.26,1871,69,2373,13016
2025-07-01,"North Port, FL",423434,-2.07,1813,67,2197,13335
2025-06-01,"North Port, FL",416000,-9.29,1764,66,2500,13639
2025-05-01,"North Port, FL",420000,-8.7,1793,64,2704,13876
2025-04-01,"North Port, FL",410000,-12.75,1846,62,2869,13947
2025-03-01,"North Port, FL",420000,-5.62,1884,61,3023,13799
2025-02-01,"North Port, FL",415000,-7.78,1872,59,3082,13469
2025-01-01,"North Port, FL",424450,-9.59,1941,61,3125,13008
2024-12-01,"North Port, FL",440000,-5.36,1879,61,3139,12524
2024-11-01,"North Port, FL",419000,-10.85,1796,62,2924,12091
2024-10-01,"North Port, FL",435000,-3.97,1635,66,1931,11645
2024-09-01,"North Port, FL",430000,-3.1,1710,56,2589,12495
2024-08-01,"North Port, FL",432745,-4.94,1826,60,2432,12290
2024-07-01,"North Port, FL",432384,-4.95,1896,59,2484,12278
2024-06-01,"North Port, FL",458625,-1.16,1923,57,2642,12238
2024-05-01,"North Port, FL",460000,0,1911,53,2728,12193
2024-04-01,"North Port, FL",469900,0.19,1904,49,2692,12154
2024-03-01,"North Port, FL",445000,-2.84,1913,48,2815,12061
2024-02-01,"North Port, FL",450000,1.12,1873,49,2875,11739
2024-01-01,"North Port, FL",469450,7.43,1814,43,2867,11190
2023-12-01,"North Port, FL",464900,4.47,1814,41,2585,10692
2023-11-01,"North Port, FL",470000,4.44,1954,34,2892,10335
2023-10-01,"North Port, FL",453000,-6.59,1951,34,2762,9801
2023-09-01,"North Port, FL",443752,-1.39,2081,35,2714,9274
2023-08-01,"North Port, FL",455240,2.3,1899,37,2551,8701
2023-07-01,"North Port, FL",454900,-2.17,1993,33,2530,8306
2023-06-01,"North Port, FL",464000,-2.32,1945,33,2566,7977
2023-05-01,"North Port, FL",460000,-0.22,1996,31,2484,7805
2023-04-01,"North Port, FL",469000,6.94,1937,28,2600,7831
2023-03-01,"North Port, FL",457990,5.29,1869,29,2501,7688
2023-02-01,"North Port, FL",445000,6.05,1838,25,2284,7550
2023-01-01,"North Port, FL",437000,4.8,1665,25,2238,7550
2022-12-01,"North Port, FL",445000,8.54,1684,21,2118,7482
2022-11-01,"North Port, FL",450000,12.86,1543,21,2042,7275
2022-10-01,"North Port, FL",484950,26.62,1966,19,1889,7121
2022-09-01,"North Port, FL",450000,18.42,1430,16,1955,7193
2022-08-01,"North Port, FL",445000,19.95,1914,13,2363,7302
2022-07-01,"North Port, FL",465000,23.12,1896,11,3346,7140
2022-06-01,"North Port, FL",475000,30.14,1962,9,3275,5948
2022-05-01,"North Port, FL",461000,28.96,2143,8,3194,5207
2022-04-01,"North Port, FL",438551,27.12,2047,7,2870,4426
2022-03-01,"North Port, FL",435000,26.45,2000,7,2525,3831
2022-02-01,"North Port, FL",419600,29.91,2148,6,2166,3559
2022-01-01,"North Port, FL",417000,30.72,2618,7,1980,3722
2021-12-01,"North Port, FL",410000,28.75,2417,7,2104,4122
2021-11-01,"North Port, FL",398715,28.64,2592,7,2153,4466
2021-10-01,"North Port, FL",383000,25.57,2471,7,2347,4845
2021-09-01,"North Port, FL",380000,34.15,2410,7,2563,5003
2021-08-01,"North Port, FL",371000,27.93,2322,7,2720,4858
2021-07-01,"North Port, FL",377689,25.9,2374,7,2678,4532
2021-06-01,"North Port, FL",365000,30.82,2584,8,2688,4417
2021-05-01,"North Port, FL",357476,32.4,2371,10,2809,4444
2021-04-01,"North Port, FL",345000,23.22,2528,12,2673,4479
2021-03-01,"North Port, FL",344000,26.48,2809,16,2446,4674
2021-02-01,"North Port, FL",323000,19.63,2589,20,2242,5205
2021-01-01,"North Port, FL",319000,19.14,2738,21,2085,5929
2020-12-01,"North Port, FL",318450,15.8,2868,23,2380,6594
2020-11-01,"North Port, FL",309945,15.23,2948,26,2315,7091
2020-10-01,"North Port, FL",305000,17.58,3014,30,2586,7647
2020-09-01,"North Port, FL",283265,5.89,2854,33,2825,8123
2020-08-01,"North Port, FL",290000,9.43,2772,37,2935,8451
2020-07-01,"North Port, FL",300000,13.68,2528,45,2775,8732
2020-06-01,"North Port, FL",279000,5.08,1916,49,2487,8990
2020-05-01,"North Port, FL",270000,-1.1,1339,43,2166,9180
2020-04-01,"North Port, FL",279995,7.69,1486,43,1405,8861
2020-03-01,"North Port, FL",271990,4.62,2078,45,2323,9616
2020-02-01,"North Port, FL",270000,5.06,2253,45,2425,9859
2020-01-01,"North Port, FL",267750,4.79,2199,47,2541,10023
2019-12-01,"North Port, FL",275000,8.91,2246,48,2343,10015
2019-11-01,"North Port, FL",268990,4.22,2123,46,2539,10120
2019-10-01,"North Port, FL",259400,5.88,2190,49,2480,10160
2019-09-01,"North Port, FL",267500,6.15,2192,52,2601,10215
2019-08-01,"North Port, FL",265000,3.92,2133,50,2500,10324
2019-07-01,"North Port, FL",263900,1.54,2139,53,2384,10517
2019-06-01,"North Port, FL",265500,5.36,2131,53,2360,10757
2019-05-01,"North Port, FL",273000,7.06,2134,53,2448,11122
2019-04-01,"North Port, FL",260000,1.17,2044,54,2380,11437
2019-03-01,"North Port, FL",259990,4,1984,51,2558,11689
2019-02-01,"North Port, FL",257000,4.9,1932,56,2558,11773
2019-01-01,"North Port, FL",255500,3.23,1729,51,2710,11667
2026-05-01,"Oakland, CA",996927,1.73,1700,22,2122,6194
2026-04-01,"Oakland, CA",940000,-1.05,1637,22,2152,6198
2026-03-01,"Oakland, CA",915000,-6.63,1604,22,2223,6093
2026-02-01,"Oakland, CA",870000,-6.45,1791,21,2201,5945
2026-01-01,"Oakland, CA",830000,1.22,1724,24,2252,5850
2025-12-01,"Oakland, CA",850000,-5.56,1675,23,2111,5866
2025-11-01,"Oakland, CA",903000,-5.45,1782,24,2144,5973
2025-10-01,"Oakland, CA",925000,-0.54,1699,24,2108,6038
2025-09-01,"Oakland, CA",902500,-1.37,1703,25,2160,6095
2025-08-01,"Oakland, CA",907000,0.78,1652,25,2048,6120
2025-07-01,"Oakland, CA",925000,-6.09,1575,27,1970,6287
2025-06-01,"Oakland, CA",960000,-5.14,1639,25,2001,6559
2025-05-01,"Oakland, CA",980000,-6.67,1503,24,2255,6853
2025-04-01,"Oakland, CA",950000,-6.4,1607,22,2333,6651
2025-03-01,"Oakland, CA",980000,-0.71,1863,21,2375,6460
2025-02-01,"Oakland, CA",930000,3.33,1829,19,2462,6335
2025-01-01,"Oakland, CA",820000,2.5,1691,20,2432,5981
2024-12-01,"Oakland, CA",900000,4.65,1722,21,2296,5718
2024-11-01,"Oakland, CA",955000,3.24,1722,20,2110,5492
2024-10-01,"Oakland, CA",930000,0.98,1736,18,2154,5593
2024-09-01,"Oakland, CA",915000,-1.61,1666,18,2265,5550
2024-08-01,"Oakland, CA",900000,-1.64,1664,19,2138,5204
2024-07-01,"Oakland, CA",985000,7.24,1676,17,2014,5156
2024-06-01,"Oakland, CA",1012021,6.53,1679,17,2121,5204
2024-05-01,"Oakland, CA",1050000,11.11,1666,17,2210,5145
2024-04-01,"Oakland, CA",1015000,10.33,1673,17,2126,4895
2024-03-01,"Oakland, CA",987000,10.9,1628,17,2052,4705
2024-02-01,"Oakland, CA",900000,10.29,1708,17,1992,4656
2024-01-01,"Oakland, CA",800000,0.63,1706,18,2082,4859
2023-12-01,"Oakland, CA",860000,2.23,1615,15,2140,4866
2023-11-01,"Oakland, CA",925000,2.78,1479,14,2113,4583
2023-10-01,"Oakland, CA",921000,0.66,1551,14,1977,4177
2023-09-01,"Oakland, CA",930000,1.64,1585,13,1954,3972
2023-08-01,"Oakland, CA",915000,0.55,1532,14,1938,3814
2023-07-01,"Oakland, CA",918500,-3.32,1684,15,1849,3612
2023-06-01,"Oakland, CA",950000,-7.27,1483,15,1711,3594
2023-05-01,"Oakland, CA",945000,-11.68,1629,17,1628,3634
2023-04-01,"Oakland, CA",920000,-15.98,1576,19,1581,3939
2023-03-01,"Oakland, CA",890000,-9.18,1607,19,1605,4200
2023-02-01,"Oakland, CA",816000,-11.3,1775,24,1763,4618
2023-01-01,"Oakland, CA",795000,-7.56,1752,23,1925,5053
2022-12-01,"Oakland, CA",841250,-3.86,1669,23,2087,5315
2022-11-01,"Oakland, CA",900000,-0.55,1619,23,2126,5315
2022-10-01,"Oakland, CA",915000,-2.14,1857,23,2033,5224
2022-09-01,"Oakland, CA",915000,-2.14,1968,22,2070,5483
2022-08-01,"Oakland, CA",910000,-3.19,2009,20,2289,5936
2022-07-01,"Oakland, CA",950000,-1.3,1926,17,2612,6036
2022-06-01,"Oakland, CA",1024500,6.72,2117,16,2864,5791
2022-05-01,"Oakland, CA",1070000,9.63,2454,13,2866,5387
2022-04-01,"Oakland, CA",1095000,15.26,2585,13,2940,5345
2022-03-01,"Oakland, CA",980000,10.11,2694,12,3002,5450
2022-02-01,"Oakland, CA",920000,11.52,2394,11,2935,5240
2022-01-01,"Oakland, CA",860000,7.37,2564,9,2710,4928
2021-12-01,"Oakland, CA",875000,8.02,2567,10,2671,4672
2021-11-01,"Oakland, CA",905000,7.87,2881,11,2777,4903
2021-10-01,"Oakland, CA",935000,14.02,2841,12,2988,5231
2021-09-01,"Oakland, CA",935000,12.65,2863,11,2925,5228
2021-08-01,"Oakland, CA",940000,13.25,2868,10,3157,5294
2021-07-01,"Oakland, CA",962500,18.73,2997,10,3285,5202
2021-06-01,"Oakland, CA",960000,21.52,3017,10,3220,5004
2021-05-01,"Oakland, CA",976000,30.13,2914,10,2918,4970
2021-04-01,"Oakland, CA",950000,18.75,3027,11,3116,5393
2021-03-01,"Oakland, CA",890000,17.88,2745,12,2960,5407
2021-02-01,"Oakland, CA",825000,17.86,2614,10,2927,5409
2021-01-01,"Oakland, CA",801000,16.93,2845,8,2879,5553
2020-12-01,"Oakland, CA",810000,12.03,2938,9,3072,5618
2020-11-01,"Oakland, CA",838981,16.69,2954,10,3095,5618
2020-10-01,"Oakland, CA",820000,10.07,2674,11,3296,5525
2020-09-01,"Oakland, CA",830000,13.76,2756,12,2892,5148
2020-08-01,"Oakland, CA",830000,12.93,2650,14,2822,5204
2020-07-01,"Oakland, CA",810680,8.82,2481,16,2566,5258
2020-06-01,"Oakland, CA",790000,3,1704,19,2323,5262
2020-05-01,"Oakland, CA",750000,-1.09,971,19,2137,4926
2020-04-01,"Oakland, CA",800000,6.81,1342,15,1164,4024
2020-03-01,"Oakland, CA",755000,3.42,1976,16,2038,4964
2020-02-01,"Oakland, CA",700000,0,2209,17,2729,5284
2020-01-01,"Oakland, CA",685000,3.79,2116,21,2298,5256
2019-12-01,"Oakland, CA",723000,5.55,2255,20,2401,5410
2019-11-01,"Oakland, CA",719000,0.56,2124,20,2346,5565
2019-10-01,"Oakland, CA",745000,2.79,2217,19,2314,5772
2019-09-01,"Oakland, CA",729625,2.19,2172,20,2572,5992
2019-08-01,"Oakland, CA",735000,-0.2,2281,19,2389,5890
2019-07-01,"Oakland, CA",745000,-2.61,2279,18,2427,6117
2019-06-01,"Oakland, CA",767000,-2.91,2295,17,2602,6336
2019-05-01,"Oakland, CA",758250,-1.08,2497,18,2849,6596
2019-04-01,"Oakland, CA",749000,-0.13,2231,19,2789,6540
2019-03-01,"Oakland, CA",730000,1.39,2202,20,2701,6397
2019-02-01,"Oakland, CA",700000,4.48,2229,21,2631,6277
2019-01-01,"Oakland, CA",660000,1.54,2075,24,2625,6183
2026-05-01,"Oklahoma City, OK",274155,0.42,1853,45,2275,8624
2026-04-01,"Oklahoma City, OK",266000,-0.56,1915,51,2173,8551
2026-03-01,"Oklahoma City, OK",274891,2.38,1867,47,2204,8643
2026-02-01,"Oklahoma City, OK",265000,-0.58,1868,45,2344,8702
2026-01-01,"Oklahoma City, OK",255000,1.34,1819,41,2208,8570
2025-12-01,"Oklahoma City, OK",265000,2.51,1852,41,2152,8626
2025-11-01,"Oklahoma City, OK",268500,3.14,1808,41,2171,8627
2025-10-01,"Oklahoma City, OK",269945,1.89,1709,39,2219,8627
2025-09-01,"Oklahoma City, OK",265750,1.43,1662,45,2178,8565
2025-08-01,"Oklahoma City, OK",274900,3.74,1765,43,2145,8449
2025-07-01,"Oklahoma City, OK",279999,5.66,1768,47,2176,8437
2025-06-01,"Oklahoma City, OK",278000,2.58,1670,46,2068,8377
2025-05-01,"Oklahoma City, OK",273000,1.11,1761,44,2185,8323
2025-04-01,"Oklahoma City, OK",267500,1.81,1728,41,2186,8149
2025-03-01,"Oklahoma City, OK",268500,4.99,1723,43,2226,8047
2025-02-01,"Oklahoma City, OK",266558,2.54,1820,39,2098,7842
2025-01-01,"Oklahoma City, OK",251640,-1.31,1776,37,2209,7868
2024-12-01,"Oklahoma City, OK",258500,3.4,1829,37,2092,7776
2024-11-01,"Oklahoma City, OK",260329,4.17,1626,36,2090,7621
2024-10-01,"Oklahoma City, OK",264950,7.16,1711,36,2094,7554
2024-09-01,"Oklahoma City, OK",262000,4.8,1642,33,2120,7365
2024-08-01,"Oklahoma City, OK",265000,0.76,1749,35,2087,7116
2024-07-01,"Oklahoma City, OK",265000,-0.75,1636,31,1984,6952
2024-06-01,"Oklahoma City, OK",271000,1.12,1743,35,1941,6898
2024-05-01,"Oklahoma City, OK",270000,0.73,1708,32,1961,6846
2024-04-01,"Oklahoma City, OK",262745,1.13,1763,31,2125,6781
2024-03-01,"Oklahoma City, OK",255750,-1.25,1766,30,2075,6607
2024-02-01,"Oklahoma City, OK",259945,8.31,1681,30,2016,6469
2024-01-01,"Oklahoma City, OK",254990,2.41,1613,27,1856,6312
2023-12-01,"Oklahoma City, OK",250000,5.51,1567,26,2078,6438
2023-11-01,"Oklahoma City, OK",249899,0.2,1666,25,2037,6118
2023-10-01,"Oklahoma City, OK",247250,-0.91,1679,23,1908,5789
2023-09-01,"Oklahoma City, OK",250000,0,1685,20,1933,5668
2023-08-01,"Oklahoma City, OK",263000,2.33,1614,21,1828,5470
2023-07-01,"Oklahoma City, OK",267000,4.71,1678,23,1769,5311
2023-06-01,"Oklahoma City, OK",268000,2.66,1721,21,1807,5404
2023-05-01,"Oklahoma City, OK",268050,3.1,1699,24,1728,5372
2023-04-01,"Oklahoma City, OK",259810,4.55,1641,23,1724,5574
2023-03-01,"Oklahoma City, OK",259000,5.63,1658,24,1796,5734
2023-02-01,"Oklahoma City, OK",240000,1.69,1725,22,1919,5874
2023-01-01,"Oklahoma City, OK",249000,10.67,1607,23,1880,5962
2022-12-01,"Oklahoma City, OK",236950,5.08,1599,20,1865,5898
2022-11-01,"Oklahoma City, OK",249390,8.43,1733,18,1811,5797
2022-10-01,"Oklahoma City, OK",249512,10.49,1971,19,2025,5826
2022-09-01,"Oklahoma City, OK",250000,10.5,2078,16,1922,5679
2022-08-01,"Oklahoma City, OK",257000,16.82,2002,13,1989,5802
2022-07-01,"Oklahoma City, OK",255000,13.33,1983,12,2312,5740
2022-06-01,"Oklahoma City, OK",261063,13.51,2054,9,2388,5397
2022-05-01,"Oklahoma City, OK",260000,15.56,2053,8,2365,4972
2022-04-01,"Oklahoma City, OK",248500,15.58,2113,7,2223,4537
2022-03-01,"Oklahoma City, OK",245200,12.54,2044,6,2088,4317
2022-02-01,"Oklahoma City, OK",236000,12.38,2138,8,2033,4296
2022-01-01,"Oklahoma City, OK",225000,8.47,2533,9,2104,4590
2021-12-01,"Oklahoma City, OK",225500,9.71,2318,10,2201,4728
2021-11-01,"Oklahoma City, OK",229999,10.58,2409,9,2222,4745
2021-10-01,"Oklahoma City, OK",225829,6.27,2280,10,2226,4793
2021-09-01,"Oklahoma City, OK",226250,9.86,2293,10,2133,4817
2021-08-01,"Oklahoma City, OK",220000,2.33,2250,9,2282,4894
2021-07-01,"Oklahoma City, OK",225000,9.43,2100,7,2368,4747
2021-06-01,"Oklahoma City, OK",230000,12.95,2185,7,2258,4373
2021-05-01,"Oklahoma City, OK",225000,14.8,2096,8,2064,4160
2021-04-01,"Oklahoma City, OK",215000,11.98,2162,10,1962,4260
2021-03-01,"Oklahoma City, OK",217883,14.07,2104,12,2038,4517
2021-02-01,"Oklahoma City, OK",210000,12.3,2085,14,1857,4504
2021-01-01,"Oklahoma City, OK",207422,17.85,2339,16,2120,4949
2020-12-01,"Oklahoma City, OK",205550,11.11,2330,16,2118,4962
2020-11-01,"Oklahoma City, OK",208000,13.04,2256,14,2177,4938
2020-10-01,"Oklahoma City, OK",212500,18.06,2326,15,2010,4920
2020-09-01,"Oklahoma City, OK",205950,11.32,2351,19,2155,5191
2020-08-01,"Oklahoma City, OK",215000,14.67,2284,20,2058,5352
2020-07-01,"Oklahoma City, OK",205604,10.85,2258,24,1987,5585
2020-06-01,"Oklahoma City, OK",203632,5.1,2122,30,2035,6025
2020-05-01,"Oklahoma City, OK",196000,6.35,1647,30,2059,6418
2020-04-01,"Oklahoma City, OK",192000,6.67,1715,25,1515,6204
2020-03-01,"Oklahoma City, OK",191000,6.11,1897,24,2050,6635
2020-02-01,"Oklahoma City, OK",187000,6.1,1957,26,2083,6696
2020-01-01,"Oklahoma City, OK",176000,5.77,1852,28,2178,6782
2019-12-01,"Oklahoma City, OK",185000,9.47,1898,27,2067,6629
2019-11-01,"Oklahoma City, OK",184000,10.84,1957,32,1979,6630
2019-10-01,"Oklahoma City, OK",180000,5.23,1950,32,2026,6716
2019-09-01,"Oklahoma City, OK",185000,6.94,1891,29,1980,6811
2019-08-01,"Oklahoma City, OK",187500,7.14,1933,32,2067,6911
2019-07-01,"Oklahoma City, OK",185480,3.62,1993,34,2038,6869
2019-06-01,"Oklahoma City, OK",193750,10.87,1914,31,2012,7014
2019-05-01,"Oklahoma City, OK",184300,6.53,2008,34,2066,7026
2019-04-01,"Oklahoma City, OK",180000,4.05,1819,34,2197,7202
2019-03-01,"Oklahoma City, OK",180000,7.78,1901,36,2016,6975
2019-02-01,"Oklahoma City, OK",176250,6.82,1916,36,2053,7218
2019-01-01,"Oklahoma City, OK",166400,4,1718,37,2001,7357
2026-05-01,"Omaha, NE",338955,4.29,1152,36,1171,3237
2026-04-01,"Omaha, NE",325000,1.72,1184,32,1211,3363
2026-03-01,"Omaha, NE",319817,4.52,1242,33,1251,3503
2026-02-01,"Omaha, NE",320854,6.24,1136,34,1282,3629
2026-01-01,"Omaha, NE",324800,6.49,1130,29,1277,3729
2025-12-01,"Omaha, NE",315000,5,1145,28,1303,3813
2025-11-01,"Omaha, NE",338113,5,1101,29,1260,3865
2025-10-01,"Omaha, NE",326022,6.89,1194,31,1305,3920
2025-09-01,"Omaha, NE",320838,5.19,1110,28,1314,3896
2025-08-01,"Omaha, NE",319822,1.53,1085,28,1333,3902
2025-07-01,"Omaha, NE",330000,4.76,1088,28,1303,3862
2025-06-01,"Omaha, NE",330000,1.54,1111,27,1248,3780
2025-05-01,"Omaha, NE",325000,1.09,1114,28,1319,3780
2025-04-01,"Omaha, NE",319500,3.06,1088,30,1293,3601
2025-03-01,"Omaha, NE",306000,0.33,1081,30,1231,3572
2025-02-01,"Omaha, NE",302000,2.37,1174,27,1199,3626
2025-01-01,"Omaha, NE",305000,5.17,1108,26,1351,3722
2024-12-01,"Omaha, NE",300000,2.92,1089,27,1257,3662
2024-11-01,"Omaha, NE",322000,9.15,1094,25,1288,3560
2024-10-01,"Omaha, NE",305000,5.72,1017,23,1224,3457
2024-09-01,"Omaha, NE",305000,1.16,1013,27,1220,3422
2024-08-01,"Omaha, NE",315000,3.28,1036,23,1126,3349
2024-07-01,"Omaha, NE",315000,1.61,1040,25,1184,3449
2024-06-01,"Omaha, NE",325000,0,1036,25,1180,3510
2024-05-01,"Omaha, NE",321500,5.41,1082,23,1183,3452
2024-04-01,"Omaha, NE",310000,5.08,1114,23,1239,3452
2024-03-01,"Omaha, NE",305000,1.67,1109,20,1271,3464
2024-02-01,"Omaha, NE",295000,6.69,1077,20,1221,3448
2024-01-01,"Omaha, NE",290000,9.43,1069,21,1127,3297
2023-12-01,"Omaha, NE",291500,10,1042,19,1244,3431
2023-11-01,"Omaha, NE",295000,7.27,1040,19,1467,3357
2023-10-01,"Omaha, NE",288510,3.59,992,18,1181,3089
2023-09-01,"Omaha, NE",301500,5.79,1063,18,1213,3025
2023-08-01,"Omaha, NE",305000,8.93,1057,17,1155,2958
2023-07-01,"Omaha, NE",310000,6.9,1019,17,1149,3046
2023-06-01,"Omaha, NE",325000,12.26,1036,15,1154,3055
2023-05-01,"Omaha, NE",305000,7.02,1052,17,1180,2990
2023-04-01,"Omaha, NE",295000,5.36,1015,16,1082,2953
2023-03-01,"Omaha, NE",300000,10.7,1071,18,1113,3007
2023-02-01,"Omaha, NE",276500,10.6,1079,16,1124,3102
2023-01-01,"Omaha, NE",265000,5.58,1016,16,1135,3191
2022-12-01,"Omaha, NE",265000,10.42,953,17,1203,3159
2022-11-01,"Omaha, NE",275000,12.24,977,16,1101,3063
2022-10-01,"Omaha, NE",278500,15.08,1103,13,1207,3017
2022-09-01,"Omaha, NE",285000,16.33,1143,14,1145,3002
2022-08-01,"Omaha, NE",280000,12,1168,15,1258,3182
2022-07-01,"Omaha, NE",290000,16,1171,12,1305,3195
2022-06-01,"Omaha, NE",289500,13.09,1231,12,1386,3151
2022-05-01,"Omaha, NE",285000,14,1187,11,1284,3009
2022-04-01,"Omaha, NE",280000,15.23,1278,10,1347,2977
2022-03-01,"Omaha, NE",271000,12.92,1213,9,1273,2883
2022-02-01,"Omaha, NE",250000,9.89,1272,9,1428,3006
2022-01-01,"Omaha, NE",251000,14.09,1363,12,1385,2950
2021-12-01,"Omaha, NE",240000,6.67,1431,12,1344,2946
2021-11-01,"Omaha, NE",245000,4.84,1511,11,1476,3106
2021-10-01,"Omaha, NE",242000,6.14,1385,12,1410,3200
2021-09-01,"Omaha, NE",245000,8.89,1404,13,1431,3315
2021-08-01,"Omaha, NE",250000,6.38,1334,12,1402,3334
2021-07-01,"Omaha, NE",250000,5.93,1376,12,1420,3350
2021-06-01,"Omaha, NE",256000,12.78,1353,12,1444,3475
2021-05-01,"Omaha, NE",250000,13.64,1362,12,1373,3428
2021-04-01,"Omaha, NE",243000,12.24,1265,12,1396,3463
2021-03-01,"Omaha, NE",240000,14.29,1212,12,1371,3376
2021-02-01,"Omaha, NE",227500,13.18,1258,13,1299,3319
2021-01-01,"Omaha, NE",220000,12.82,1434,12,1359,3325
2020-12-01,"Omaha, NE",225000,12.5,1490,12,1770,3374
2020-11-01,"Omaha, NE",233700,15.69,1529,12,1402,3264
2020-10-01,"Omaha, NE",228000,9.09,1471,15,1457,3348
2020-09-01,"Omaha, NE",225000,10.57,1444,15,1433,3400
2020-08-01,"Omaha, NE",235000,11.9,1376,17,1430,3514
2020-07-01,"Omaha, NE",236000,9.26,1396,22,1411,3590
2020-06-01,"Omaha, NE",227000,4.13,1281,25,1350,3645
2020-05-01,"Omaha, NE",220000,2.33,1153,23,1373,3808
2020-04-01,"Omaha, NE",216500,10.03,1190,21,1064,3598
2020-03-01,"Omaha, NE",210000,5.03,1302,20,1493,4058
2020-02-01,"Omaha, NE",201000,6.15,1317,23,1504,3939
2020-01-01,"Omaha, NE",195000,3.17,1185,23,1358,3786
2019-12-01,"Omaha, NE",200000,5.26,1263,22,1411,3740
2019-11-01,"Omaha, NE",202000,4.66,1263,23,1350,3753
2019-10-01,"Omaha, NE",209000,10,1242,21,1350,3814
2019-09-01,"Omaha, NE",203500,7.39,1228,20,1421,3888
2019-08-01,"Omaha, NE",210000,8.47,1278,21,1449,3795
2019-07-01,"Omaha, NE",216000,8,1233,21,1368,3738
2019-06-01,"Omaha, NE",218000,9,1216,21,1410,3742
2019-05-01,"Omaha, NE",215000,7.43,1219,20,1484,3724
2019-04-01,"Omaha, NE",196768,5.79,1144,23,1346,3543
2019-03-01,"Omaha, NE",199950,9.26,1143,28,1089,3440
2019-02-01,"Omaha, NE",189350,7.89,1264,25,1112,3681
2019-01-01,"Omaha, NE",189000,4.13,1206,23,1269,3867
2026-05-01,"Orlando, FL",410734,-2.21,3199,48,4382,18498
2026-04-01,"Orlando, FL",409500,-0.12,3013,49,4321,18477
2026-03-01,"Orlando, FL",410000,1.23,2987,50,4329,18407
2026-02-01,"Orlando, FL",400000,0,3040,49,4382,18370
2026-01-01,"Orlando, FL",400000,0,3097,51,4390,18356
2025-12-01,"Orlando, FL",402000,-0.74,3135,53,4150,18377
2025-11-01,"Orlando, FL",415000,1.47,3189,54,4300,18647
2025-10-01,"Orlando, FL",410000,0,3167,56,4318,18783
2025-09-01,"Orlando, FL",408745,1.69,3035,56,4124,18916
2025-08-01,"Orlando, FL",405000,-0.74,3087,57,4076,19089
2025-07-01,"Orlando, FL",412000,0.49,3065,56,4098,19516
2025-06-01,"Orlando, FL",411000,-0.84,3069,55,4191,19731
2025-05-01,"Orlando, FL",420000,3.19,3115,53,4307,19904
2025-04-01,"Orlando, FL",409990,1.6,3198,48,4748,19979
2025-03-01,"Orlando, FL",405000,0,3288,50,4763,19817
2025-02-01,"Orlando, FL",400000,0,3163,47,4904,19440
2025-01-01,"Orlando, FL",400000,2.56,3181,44,4871,18772
2024-12-01,"Orlando, FL",405000,1.25,3386,47,4439,18157
2024-11-01,"Orlando, FL",409000,2.25,3120,46,4477,18062
2024-10-01,"Orlando, FL",410000,2.5,3073,43,3985,17628
2024-09-01,"Orlando, FL",401960,0.74,3322,41,4500,17807
2024-08-01,"Orlando, FL",408000,2.26,3239,41,4658,17451
2024-07-01,"Orlando, FL",410000,2.5,3232,41,4452,17084
2024-06-01,"Orlando, FL",414500,2.58,3245,40,4554,16893
2024-05-01,"Orlando, FL",407000,0.49,3317,37,4579,16472
2024-04-01,"Orlando, FL",403518,2.16,3351,37,4537,16027
2024-03-01,"Orlando, FL",405000,3.85,3359,36,4434,15584
2024-02-01,"Orlando, FL",399990,4.44,3462,33,4371,15342
2024-01-01,"Orlando, FL",390000,4,3213,32,4419,15016
2023-12-01,"Orlando, FL",400000,4.51,3121,28,4615,14690
2023-11-01,"Orlando, FL",400000,3.63,3245,25,4601,13907
2023-10-01,"Orlando, FL",399990,2.56,3434,23,4343,13018
2023-09-01,"Orlando, FL",398990,3.63,3354,24,4442,12441
2023-08-01,"Orlando, FL",399000,2.57,3280,23,4233,11811
2023-07-01,"Orlando, FL",400000,2.56,3439,23,4210,11490
2023-06-01,"Orlando, FL",404090,2.3,3402,24,3967,11335
2023-05-01,"Orlando, FL",405000,3.14,3472,26,3897,11457
2023-04-01,"Orlando, FL",394990,2.6,3504,28,3888,11857
2023-03-01,"Orlando, FL",389995,4,3409,29,3803,11996
2023-02-01,"Orlando, FL",382990,7.88,3355,31,3819,12441
2023-01-01,"Orlando, FL",375000,7.17,3104,30,3788,12748
2022-12-01,"Orlando, FL",382750,7.82,3161,27,4082,12967
2022-11-01,"Orlando, FL",386000,11.88,3059,25,3824,12729
2022-10-01,"Orlando, FL",390000,14.71,3794,21,4103,12746
2022-09-01,"Orlando, FL",385000,15.79,3291,19,3934,12697
2022-08-01,"Orlando, FL",389000,17.88,3735,16,4762,13081
2022-07-01,"Orlando, FL",390000,18.18,3684,13,5337,12669
2022-06-01,"Orlando, FL",395000,21.54,3952,10,5694,11614
2022-05-01,"Orlando, FL",392680,26.67,4038,9,5460,10426
2022-04-01,"Orlando, FL",384990,25.81,4141,8,4811,9466
2022-03-01,"Orlando, FL",375000,26.27,4385,7,4842,9365
2022-02-01,"Orlando, FL",355000,20.98,4573,8,4779,9160
2022-01-01,"Orlando, FL",349900,22.77,5259,9,4614,9270
2021-12-01,"Orlando, FL",355000,23.69,4636,10,4863,9503
2021-11-01,"Orlando, FL",345000,19.38,5050,10,4811,9725
2021-10-01,"Orlando, FL",340000,21.86,4892,10,5108,10207
2021-09-01,"Orlando, FL",332500,20.91,4885,10,4951,10230
2021-08-01,"Orlando, FL",330000,17.86,4608,9,5280,10271
2021-07-01,"Orlando, FL",330000,20,4637,10,5251,10001
2021-06-01,"Orlando, FL",325000,18.4,4690,10,5044,9901
2021-05-01,"Orlando, FL",310000,14.81,4609,11,4954,10066
2021-04-01,"Orlando, FL",306000,13.38,4745,14,4863,10309
2021-03-01,"Orlando, FL",296990,13.35,4771,16,4677,10760
2021-02-01,"Orlando, FL",293440,13.96,4666,17,4479,11344
2021-01-01,"Orlando, FL",285000,12.43,4940,18,4526,12243
2020-12-01,"Orlando, FL",287000,9.33,4715,18,4780,12682
2020-11-01,"Orlando, FL",289000,15.6,4949,17,4820,12931
2020-10-01,"Orlando, FL",279000,11.6,4891,20,5043,13397
2020-09-01,"Orlando, FL",275000,7.84,4621,21,4998,13605
2020-08-01,"Orlando, FL",280000,8.53,4446,24,4955,13770
2020-07-01,"Orlando, FL",275000,8.77,4305,31,4824,14159
2020-06-01,"Orlando, FL",274500,7.65,3526,35,4416,14554
2020-05-01,"Orlando, FL",270000,6.72,2739,30,4184,14907
2020-04-01,"Orlando, FL",269900,10.16,2929,23,3112,14161
2020-03-01,"Orlando, FL",262000,7.71,3937,27,4705,15021
2020-02-01,"Orlando, FL",257500,5.14,4142,28,4692,14934
2020-01-01,"Orlando, FL",253500,7.87,4114,29,4580,15132
2019-12-01,"Orlando, FL",262500,7.14,4258,27,4728,15213
2019-11-01,"Orlando, FL",250000,4.17,4182,28,4778,15364
2019-10-01,"Orlando, FL",250000,6.38,4128,29,4913,15615
2019-09-01,"Orlando, FL",255000,6.25,4172,30,4753,15327
2019-08-01,"Orlando, FL",257990,7.5,4242,31,4467,15419
2019-07-01,"Orlando, FL",252824,5.34,4304,32,4684,16004
2019-06-01,"Orlando, FL",255000,4.08,4293,32,4852,16438
2019-05-01,"Orlando, FL",253000,6.23,4238,33,5177,16813
2019-04-01,"Orlando, FL",245000,4.26,4095,34,4998,16966
2019-03-01,"Orlando, FL",243250,5.3,4080,34,4981,17108
2019-02-01,"Orlando, FL",244900,7.41,3974,32,4902,17230
2019-01-01,"Orlando, FL",235000,5.86,3774,33,4910,16973
2026-05-01,"Oxnard, CA",922152,3.67,529,48,640,2283
2026-04-01,"Oxnard, CA",891000,-0.89,507,49,635,2315
2026-03-01,"Oxnard, CA",900000,4.65,481,51,650,2269
2026-02-01,"Oxnard, CA",870000,-2.79,573,51,671,2264
2026-01-01,"Oxnard, CA",857000,1.42,489,51,631,2228
2025-12-01,"Oxnard, CA",860000,3.61,505,50,584,2282
2025-11-01,"Oxnard, CA",860000,1.78,524,57,585,2286
2025-10-01,"Oxnard, CA",857500,-0.9,518,55,574,2263
2025-09-01,"Oxnard, CA",845000,-2.31,479,51,632,2278
2025-08-01,"Oxnard, CA",858000,-4.67,512,57,571,2315
2025-07-01,"Oxnard, CA",880000,0.11,484,62,582,2341
2025-06-01,"Oxnard, CA",900000,1.69,490,52,592,2394
2025-05-01,"Oxnard, CA",889500,4.65,474,49,642,2393
2025-04-01,"Oxnard, CA",899000,3.75,473,49,682,2355
2025-03-01,"Oxnard, CA",860000,-1.15,547,45,691,2282
2025-02-01,"Oxnard, CA",895000,5.6,498,43,684,2247
2025-01-01,"Oxnard, CA",845000,0.96,478,45,695,2136
2024-12-01,"Oxnard, CA",830000,1.84,508,49,679,2001
2024-11-01,"Oxnard, CA",845000,-1.52,498,40,592,1918
2024-10-01,"Oxnard, CA",865250,1.79,505,43,596,1902
2024-09-01,"Oxnard, CA",865000,2.37,474,47,611,1903
2024-08-01,"Oxnard, CA",900000,5.26,453,42,576,1793
2024-07-01,"Oxnard, CA",879000,4.77,481,42,527,1769
2024-06-01,"Oxnard, CA",885000,2.91,461,41,619,1792
2024-05-01,"Oxnard, CA",850000,1.8,463,40,592,1719
2024-04-01,"Oxnard, CA",866500,8.31,511,39,554,1671
2024-03-01,"Oxnard, CA",870000,10.13,449,39,564,1666
2024-02-01,"Oxnard, CA",847500,13,463,36,528,1597
2024-01-01,"Oxnard, CA",837000,11.6,465,42,547,1596
2023-12-01,"Oxnard, CA",815000,6.54,447,37,527,1540
2023-11-01,"Oxnard, CA",858000,7.79,406,33,554,1505
2023-10-01,"Oxnard, CA",850000,8.63,413,36,564,1458
2023-09-01,"Oxnard, CA",845000,7.23,431,34,507,1369
2023-08-01,"Oxnard, CA",855000,6.21,456,35,478,1356
2023-07-01,"Oxnard, CA",839000,-0.12,439,33,504,1357
2023-06-01,"Oxnard, CA",860000,2.38,439,37,496,1350
2023-05-01,"Oxnard, CA",835000,-1.12,487,43,468,1400
2023-04-01,"Oxnard, CA",800000,-8.57,469,43,465,1457
2023-03-01,"Oxnard, CA",790000,-3.66,500,44,464,1565
2023-02-01,"Oxnard, CA",750000,-7.41,463,51,468,1686
2023-01-01,"Oxnard, CA",750000,-6.25,469,48,497,1763
2022-12-01,"Oxnard, CA",765000,-5.32,459,44,485,1833
2022-11-01,"Oxnard, CA",796000,0.76,465,47,546,1881
2022-10-01,"Oxnard, CA",782500,1.79,544,45,566,1936
2022-09-01,"Oxnard, CA",788000,3.01,579,45,604,2014
2022-08-01,"Oxnard, CA",805000,3.87,575,43,636,2087
2022-07-01,"Oxnard, CA",840000,10.53,594,38,770,2105
2022-06-01,"Oxnard, CA",840000,5.13,639,38,765,2007
2022-05-01,"Oxnard, CA",844500,12.6,668,34,785,1927
2022-04-01,"Oxnard, CA",875000,12.18,698,32,782,1892
2022-03-01,"Oxnard, CA",820000,14.69,779,30,777,1872
2022-02-01,"Oxnard, CA",810000,17.39,728,28,783,1777
2022-01-01,"Oxnard, CA",800000,14.29,743,31,721,1713
2021-12-01,"Oxnard, CA",808000,18.73,751,32,846,1760
2021-11-01,"Oxnard, CA",790000,12.06,909,35,779,1880
2021-10-01,"Oxnard, CA",768768,11.78,803,34,845,2032
2021-09-01,"Oxnard, CA",765000,9.29,818,35,839,2045
2021-08-01,"Oxnard, CA",775000,15.41,772,36,913,2064
2021-07-01,"Oxnard, CA",760000,15.59,834,36,828,2028
2021-06-01,"Oxnard, CA",799000,24.94,802,39,831,2033
2021-05-01,"Oxnard, CA",750000,21.95,808,41,797,2083
2021-04-01,"Oxnard, CA",780000,25.3,844,38,816,2135
2021-03-01,"Oxnard, CA",715000,15.79,779,37,821,2107
2021-02-01,"Oxnard, CA",690000,15,835,33,822,2074
2021-01-01,"Oxnard, CA",700000,11.46,903,36,802,2186
2020-12-01,"Oxnard, CA",680548,12.86,921,39,1137,2396
2020-11-01,"Oxnard, CA",705000,15.57,945,39,898,2368
2020-10-01,"Oxnard, CA",687750,11.83,854,40,932,2407
2020-09-01,"Oxnard, CA",700000,16.28,902,46,1202,2625
2020-08-01,"Oxnard, CA",671500,10.99,844,48,844,2422
2020-07-01,"Oxnard, CA",657500,7.52,751,54,811,2441
2020-06-01,"Oxnard, CA",639500,8.39,574,61,690,2422
2020-05-01,"Oxnard, CA",615000,0.9,358,59,654,2320
2020-04-01,"Oxnard, CA",622500,3.75,477,56,441,2227
2020-03-01,"Oxnard, CA",617500,3.78,683,51,686,2585
2020-02-01,"Oxnard, CA",600000,4.53,736,56,774,2692
2020-01-01,"Oxnard, CA",628000,8.46,731,52,778,2727
2019-12-01,"Oxnard, CA",603000,1.13,699,55,774,2775
2019-11-01,"Oxnard, CA",610000,4.27,721,54,765,2784
2019-10-01,"Oxnard, CA",615000,0.82,748,59,776,2782
2019-09-01,"Oxnard, CA",602000,-2.11,728,59,754,2893
2019-08-01,"Oxnard, CA",605000,1.3,741,58,724,2922
2019-07-01,"Oxnard, CA",611500,1.07,747,61,834,3032
2019-06-01,"Oxnard, CA",590000,-5.22,736,63,818,3104
2019-05-01,"Oxnard, CA",609500,0.74,722,60,848,3176
2019-04-01,"Oxnard, CA",600000,0.84,714,63,864,3195
2019-03-01,"Oxnard, CA",595000,2.76,655,59,822,3099
2019-02-01,"Oxnard, CA",574000,1.59,703,53,748,2981
2019-01-01,"Oxnard, CA",579000,-3.42,637,46,783,2855
2026-05-01,"Philadelphia, PA",314032,1.3,1630,47,2449,8858
2026-04-01,"Philadelphia, PA",305000,6.31,1621,46,2198,8421
2026-03-01,"Philadelphia, PA",290000,1.75,1567,50,2267,8307
2026-02-01,"Philadelphia, PA",280000,2.28,1612,46,2076,8141
2026-01-01,"Philadelphia, PA",282000,7.63,1619,47,2242,8306
2025-12-01,"Philadelphia, PA",283500,1.25,1671,46,2256,8322
2025-11-01,"Philadelphia, PA",305000,8.93,1715,46,2299,8354
2025-10-01,"Philadelphia, PA",290500,3.75,1643,46,2341,8245
2025-09-01,"Philadelphia, PA",279000,1.45,1721,47,2308,8155
2025-08-01,"Philadelphia, PA",295000,-0.67,1642,46,2106,8054
2025-07-01,"Philadelphia, PA",300000,0,1641,46,2199,8193
2025-06-01,"Philadelphia, PA",315000,4.3,1704,46,2100,8218
2025-05-01,"Philadelphia, PA",310000,10.71,1654,43,2197,8258
2025-04-01,"Philadelphia, PA",286899,4.33,1669,43,2246,8179
2025-03-01,"Philadelphia, PA",285000,5.56,1665,39,2195,8216
2025-02-01,"Philadelphia, PA",273750,7.4,1712,42,2388,8207
2025-01-01,"Philadelphia, PA",262000,0.77,1670,42,2267,8072
2024-12-01,"Philadelphia, PA",280000,12,1778,41,2373,8079
2024-11-01,"Philadelphia, PA",280000,19.15,1655,42,2419,7953
2024-10-01,"Philadelphia, PA",280000,5.66,1794,43,2214,7769
2024-09-01,"Philadelphia, PA",275000,1.85,1654,43,2213,7756
2024-08-01,"Philadelphia, PA",297000,8,1676,44,2238,7643
2024-07-01,"Philadelphia, PA",300000,6.48,1727,41,2112,7574
2024-06-01,"Philadelphia, PA",302000,5.96,1603,42,2123,7604
2024-05-01,"Philadelphia, PA",280000,1.82,1712,43,2131,7722
2024-04-01,"Philadelphia, PA",275000,4.76,1728,42,2106,7843
2024-03-01,"Philadelphia, PA",270000,3.85,1796,39,2142,7908
2024-02-01,"Philadelphia, PA",254900,8.47,1645,39,2260,8017
2024-01-01,"Philadelphia, PA",260000,8.33,1614,41,2215,7970
2023-12-01,"Philadelphia, PA",250000,-2.91,1678,40,2427,8012
2023-11-01,"Philadelphia, PA",235000,-9.62,1751,41,2282,7783
2023-10-01,"Philadelphia, PA",265000,3.52,1646,38,2214,7585
2023-09-01,"Philadelphia, PA",270000,4.25,1683,37,2314,7489
2023-08-01,"Philadelphia, PA",275000,0,1673,41,2199,7330
2023-07-01,"Philadelphia, PA",281738,0.62,1637,42,2173,7342
2023-06-01,"Philadelphia, PA",285000,-4.04,1644,41,2032,7397
2023-05-01,"Philadelphia, PA",275000,-3.85,1782,42,2002,7604
2023-04-01,"Philadelphia, PA",262500,-4.55,1745,43,2042,7873
2023-03-01,"Philadelphia, PA",260000,-1.89,1770,42,2120,8141
2023-02-01,"Philadelphia, PA",235000,-6,1790,43,2233,8350
2023-01-01,"Philadelphia, PA",240000,-4,1687,42,2392,8508
2022-12-01,"Philadelphia, PA",257500,0.59,1554,42,2402,8408
2022-11-01,"Philadelphia, PA",260000,-1.89,1701,38,2284,8309
2022-10-01,"Philadelphia, PA",256000,-1.54,1850,39,2347,8388
2022-09-01,"Philadelphia, PA",259000,-0.38,1914,42,2402,8574
2022-08-01,"Philadelphia, PA",275000,1.85,1991,36,2497,8588
2022-07-01,"Philadelphia, PA",280000,1.82,2041,35,2670,8604
2022-06-01,"Philadelphia, PA",297000,6.07,2122,33,2976,8537
2022-05-01,"Philadelphia, PA",286000,7.2,2201,31,2702,8176
2022-04-01,"Philadelphia, PA",275000,3.77,2298,31,2814,8170
2022-03-01,"Philadelphia, PA",265000,2.51,2533,31,2808,8219
2022-02-01,"Philadelphia, PA",250000,6.16,2512,35,2858,8257
2022-01-01,"Philadelphia, PA",250000,6.38,2785,35,2646,8284
2021-12-01,"Philadelphia, PA",256000,6.67,2466,37,2695,8399
2021-11-01,"Philadelphia, PA",265000,8.16,2519,36,2878,8657
2021-10-01,"Philadelphia, PA",260000,9.7,2428,37,2923,8797
2021-09-01,"Philadelphia, PA",260000,6.78,2389,35,2837,8692
2021-08-01,"Philadelphia, PA",270000,10.2,2365,32,2997,8707
2021-07-01,"Philadelphia, PA",275000,12.24,2438,30,3077,8352
2021-06-01,"Philadelphia, PA",280000,12,2471,30,3037,8201
2021-05-01,"Philadelphia, PA",266800,14.16,2254,32,2919,8199
2021-04-01,"Philadelphia, PA",265000,7.72,2331,33,2952,8333
2021-03-01,"Philadelphia, PA",258500,10,2353,35,2784,8183
2021-02-01,"Philadelphia, PA",235500,9.53,2424,31,2447,8127
2021-01-01,"Philadelphia, PA",235000,12.98,2538,32,2800,8536
2020-12-01,"Philadelphia, PA",240000,14.34,2410,32,2732,8571
2020-11-01,"Philadelphia, PA",245000,13.43,2455,33,2909,8704
2020-10-01,"Philadelphia, PA",237000,18.5,2595,35,3102,8871
2020-09-01,"Philadelphia, PA",243500,21.75,2550,34,2989,8805
2020-08-01,"Philadelphia, PA",245000,10.24,2389,39,3188,8866
2020-07-01,"Philadelphia, PA",245000,8.89,2148,46,3060,8777
2020-06-01,"Philadelphia, PA",250000,6.38,1210,54,2765,8236
2020-05-01,"Philadelphia, PA",233700,7.7,988,49,1786,7007
2020-04-01,"Philadelphia, PA",246000,17.14,1401,41,291,6438
2020-03-01,"Philadelphia, PA",235000,17.5,1951,39,2015,8485
2020-02-01,"Philadelphia, PA",215000,16.28,2163,42,2713,8907
2020-01-01,"Philadelphia, PA",208000,12.46,2114,43,2664,8927
2019-12-01,"Philadelphia, PA",209900,11.06,2172,40,2528,8867
2019-11-01,"Philadelphia, PA",216000,10.77,2033,42,2637,9041
2019-10-01,"Philadelphia, PA",200000,2.38,2002,40,2651,9040
2019-09-01,"Philadelphia, PA",200000,0.05,2065,42,2758,9061
2019-08-01,"Philadelphia, PA",222250,6.34,2062,44,2555,8947
2019-07-01,"Philadelphia, PA",225000,7.71,2117,47,2546,9275
2019-06-01,"Philadelphia, PA",235000,9.3,2067,46,2654,9469
2019-05-01,"Philadelphia, PA",217000,3.33,2110,43,2814,9550
2019-04-01,"Philadelphia, PA",210000,2.94,2057,43,2719,9539
2019-03-01,"Philadelphia, PA",200000,1.28,1992,43,2651,9376
2019-02-01,"Philadelphia, PA",184900,5.66,1925,40,2635,9265
2019-01-01,"Philadelphia, PA",184950,0.11,1830,38,2612,8941
2026-05-01,"Phoenix, AZ",467559,-0.09,6163,66,7338,32582
2026-04-01,"Phoenix, AZ",460000,0.88,5992,66,7324,32690
2026-03-01,"Phoenix, AZ",470000,0,6055,64,7491,32968
2026-02-01,"Phoenix, AZ",465000,-1.59,5917,64,7458,32848
2026-01-01,"Phoenix, AZ",458000,-2.13,5912,65,7655,32198
2025-12-01,"Phoenix, AZ",469000,0.86,5931,65,7560,31637
2025-11-01,"Phoenix, AZ",464000,0.87,5927,65,7351,31485
2025-10-01,"Phoenix, AZ",460000,0,5746,67,7679,31572
2025-09-01,"Phoenix, AZ",465000,3.33,5742,67,7532,31287
2025-08-01,"Phoenix, AZ",450108,-1.08,5733,68,7455,31370
2025-07-01,"Phoenix, AZ",453000,0.67,5596,67,7484,32433
2025-06-01,"Phoenix, AZ",459655,-1.15,5564,65,7462,33504
2025-05-01,"Phoenix, AZ",468000,0.65,5536,62,7585,33816
2025-04-01,"Phoenix, AZ",456000,-2.56,5684,64,7870,33852
2025-03-01,"Phoenix, AZ",470000,2.4,5645,61,7672,32914
2025-02-01,"Phoenix, AZ",472500,3.85,5770,60,7839,32176
2025-01-01,"Phoenix, AZ",467990,5.03,5541,59,7656,30644
2024-12-01,"Phoenix, AZ",464990,4.49,5553,60,7557,29338
2024-11-01,"Phoenix, AZ",460000,2,5584,57,7472,28314
2024-10-01,"Phoenix, AZ",460000,2.22,5590,55,7360,27874
2024-09-01,"Phoenix, AZ",450000,1.81,5436,55,7573,27561
2024-08-01,"Phoenix, AZ",455000,1.93,5333,54,7349,26261
2024-07-01,"Phoenix, AZ",450000,0.67,5427,54,7200,26047
2024-06-01,"Phoenix, AZ",464990,2.2,5385,54,7317,26194
2024-05-01,"Phoenix, AZ",465000,3.56,5433,55,7242,26198
2024-04-01,"Phoenix, AZ",468000,6.73,5365,54,7054,25627
2024-03-01,"Phoenix, AZ",459000,6.76,5352,53,7133,25249
2024-02-01,"Phoenix, AZ",455000,7.06,5347,50,6866,24775
2024-01-01,"Phoenix, AZ",445590,4.84,5317,50,6949,24176
2023-12-01,"Phoenix, AZ",445000,4.71,5281,47,6869,22939
2023-11-01,"Phoenix, AZ",451000,3.68,5205,43,6885,21986
2023-10-01,"Phoenix, AZ",450000,0,5261,41,6693,20711
2023-09-01,"Phoenix, AZ",442000,-1.78,5363,39,6517,19987
2023-08-01,"Phoenix, AZ",446375,-2.05,5525,40,6433,19569
2023-07-01,"Phoenix, AZ",447000,-4.39,5476,43,6467,19469
2023-06-01,"Phoenix, AZ",454995,-6.19,5512,48,6248,19917
2023-05-01,"Phoenix, AZ",449000,-7.61,5659,54,6320,21099
2023-04-01,"Phoenix, AZ",438495,-8.65,5447,56,6478,22270
2023-03-01,"Phoenix, AZ",429945,-8.52,5578,61,6319,23115
2023-02-01,"Phoenix, AZ",424990,-7.12,5650,66,6669,24472
2023-01-01,"Phoenix, AZ",425000,-4.49,5412,62,6610,25344
2022-12-01,"Phoenix, AZ",425000,-2.3,5483,59,6468,26533
2022-11-01,"Phoenix, AZ",435000,1.16,5541,55,6620,27137
2022-10-01,"Phoenix, AZ",450000,5.88,5787,53,6814,28253
2022-09-01,"Phoenix, AZ",450000,7.51,6118,46,7092,29328
2022-08-01,"Phoenix, AZ",455700,10.61,6009,39,7392,29672
2022-07-01,"Phoenix, AZ",467500,13.77,6248,33,9201,28332
2022-06-01,"Phoenix, AZ",485000,19.99,6726,30,9635,25223
2022-05-01,"Phoenix, AZ",486000,21.5,6930,26,9599,21670
2022-04-01,"Phoenix, AZ",480000,25.24,7434,25,9202,19142
2022-03-01,"Phoenix, AZ",470000,27.16,7725,26,9200,18293
2022-02-01,"Phoenix, AZ",457550,28.8,7980,26,9065,17897
2022-01-01,"Phoenix, AZ",445000,28.99,8489,28,9041,18501
2021-12-01,"Phoenix, AZ",435000,27.94,8467,29,9445,19402
2021-11-01,"Phoenix, AZ",430000,27.41,8875,30,9357,20660
2021-10-01,"Phoenix, AZ",425000,25.04,8729,30,9159,21406
2021-09-01,"Phoenix, AZ",418557,26.07,8886,28,9061,21951
2021-08-01,"Phoenix, AZ",412000,24.98,8815,26,9163,22382
2021-07-01,"Phoenix, AZ",410900,28.41,8788,26,9312,21300
2021-06-01,"Phoenix, AZ",404203,30.39,8667,25,9265,20151
2021-05-01,"Phoenix, AZ",399999,33.38,8658,25,9087,19437
2021-04-01,"Phoenix, AZ",383250,25.66,8658,27,9354,19348
2021-03-01,"Phoenix, AZ",369600,20.39,8736,28,9002,18817
2021-02-01,"Phoenix, AZ",355234,18.53,8774,29,9051,18493
2021-01-01,"Phoenix, AZ",345000,16.95,9200,31,8789,18939
2020-12-01,"Phoenix, AZ",340000,16.04,9304,33,9234,20687
2020-11-01,"Phoenix, AZ",337500,17.6,9415,34,8885,22095
2020-10-01,"Phoenix, AZ",339900,17.77,9530,33,9101,23587
2020-09-01,"Phoenix, AZ",332000,17.31,9171,34,9038,23846
2020-08-01,"Phoenix, AZ",329650,16.48,9186,35,8983,23768
2020-07-01,"Phoenix, AZ",320000,13.48,9361,42,8888,23855
2020-06-01,"Phoenix, AZ",310000,10.71,7863,44,8340,24300
2020-05-01,"Phoenix, AZ",299900,7.11,5994,39,8412,24564
2020-04-01,"Phoenix, AZ",305000,11.31,6053,37,8067,23863
2020-03-01,"Phoenix, AZ",307000,13.7,7867,36,8810,24179
2020-02-01,"Phoenix, AZ",299700,12.14,8127,37,8504,23837
2020-01-01,"Phoenix, AZ",295000,10.9,8063,39,8432,23816
2019-12-01,"Phoenix, AZ",293000,10.57,8109,39,8283,23782
2019-11-01,"Phoenix, AZ",287000,8.3,8077,39,8437,24577
2019-10-01,"Phoenix, AZ",288623,8.91,8054,39,8464,25160
2019-09-01,"Phoenix, AZ",283000,7.6,8148,39,8461,25615
2019-08-01,"Phoenix, AZ",283000,6.79,8340,42,8489,26321
2019-07-01,"Phoenix, AZ",282000,5.22,8105,44,8409,27519
2019-06-01,"Phoenix, AZ",280000,3.7,8170,45,8676,29194
2019-05-01,"Phoenix, AZ",280000,4.87,8035,45,8846,30491
2019-04-01,"Phoenix, AZ",274000,6.41,7924,48,8958,30935
2019-03-01,"Phoenix, AZ",270000,5.06,7719,48,8707,30698
2019-02-01,"Phoenix, AZ",267250,4.8,7617,46,8689,30230
2019-01-01,"Phoenix, AZ",266000,6.83,7412,44,8945,29607
2026-05-01,"Pittsburgh, PA",272161,6.73,1962,60,2407,10039
2026-04-01,"Pittsburgh, PA",265000,6.04,1887,61,2722,9855
2026-03-01,"Pittsburgh, PA",250000,6.38,1826,61,2350,9549
2026-02-01,"Pittsburgh, PA",234750,2.07,1893,62,2326,9447
2026-01-01,"Pittsburgh, PA",228000,1.33,1981,61,2362,9491
2025-12-01,"Pittsburgh, PA",239900,5.22,1987,60,2364,9494
2025-11-01,"Pittsburgh, PA",245000,7.46,2013,62,2347,9520
2025-10-01,"Pittsburgh, PA",245750,4.57,1998,61,2364,9553
2025-09-01,"Pittsburgh, PA",250000,6.38,1929,60,2392,9475
2025-08-01,"Pittsburgh, PA",265000,6,1977,60,2330,9371
2025-07-01,"Pittsburgh, PA",260000,4,1936,60,2356,9328
2025-06-01,"Pittsburgh, PA",267250,6.14,1943,59,2296,9291
2025-05-01,"Pittsburgh, PA",255000,6.47,1940,60,2321,9312
2025-04-01,"Pittsburgh, PA",249900,8.65,1980,58,2350,9259
2025-03-01,"Pittsburgh, PA",235000,5.38,2009,60,2380,9261
2025-02-01,"Pittsburgh, PA",230000,9.52,2052,59,2332,9178
2025-01-01,"Pittsburgh, PA",225000,15.38,1847,58,2289,9106
2024-12-01,"Pittsburgh, PA",228000,5.12,1979,58,2326,9076
2024-11-01,"Pittsburgh, PA",228000,8.57,1878,56,2322,8959
2024-10-01,"Pittsburgh, PA",235000,6.82,1878,57,2320,8759
2024-09-01,"Pittsburgh, PA",235000,4.44,1797,57,2303,8608
2024-08-01,"Pittsburgh, PA",250000,6.04,1855,56,2250,8512
2024-07-01,"Pittsburgh, PA",250000,4.17,1967,55,2276,8477
2024-06-01,"Pittsburgh, PA",251789,2.77,1846,54,2292,8424
2024-05-01,"Pittsburgh, PA",239500,6.44,1930,55,2309,8406
2024-04-01,"Pittsburgh, PA",230000,6.98,1917,55,2236,8559
2024-03-01,"Pittsburgh, PA",223000,9.57,2044,53,2221,8726
2024-02-01,"Pittsburgh, PA",210000,10.53,1939,53,2326,8789
2024-01-01,"Pittsburgh, PA",195000,2.69,1907,54,2304,8604
2023-12-01,"Pittsburgh, PA",216900,9.82,1878,54,2295,8425
2023-11-01,"Pittsburgh, PA",210000,2.44,1930,53,2303,8224
2023-10-01,"Pittsburgh, PA",220000,2.33,1984,53,2251,8140
2023-09-01,"Pittsburgh, PA",225000,2.27,1965,53,2236,8124
2023-08-01,"Pittsburgh, PA",235754,4.78,1863,54,2279,8080
2023-07-01,"Pittsburgh, PA",240000,3.9,1912,55,2167,8069
2023-06-01,"Pittsburgh, PA",245000,2.08,1964,57,2183,8255
2023-05-01,"Pittsburgh, PA",225018,-2.17,1869,55,2159,8466
2023-04-01,"Pittsburgh, PA",215000,0.47,1973,56,2221,8669
2023-03-01,"Pittsburgh, PA",203530,-4.22,2029,56,2263,8848
2023-02-01,"Pittsburgh, PA",190000,-4.95,2051,57,2303,9013
2023-01-01,"Pittsburgh, PA",189900,-3.6,1994,56,2304,9060
2022-12-01,"Pittsburgh, PA",197500,-2.23,1955,55,2364,9039
2022-11-01,"Pittsburgh, PA",205000,-2.38,2016,55,2363,9016
2022-10-01,"Pittsburgh, PA",215000,2.38,2085,54,2397,9066
2022-09-01,"Pittsburgh, PA",220000,4.76,2190,55,2445,9150
2022-08-01,"Pittsburgh, PA",225000,2.27,2192,54,2458,9241
2022-07-01,"Pittsburgh, PA",231000,2.8,2194,54,2545,9354
2022-06-01,"Pittsburgh, PA",240000,3.23,2268,51,2625,9324
2022-05-01,"Pittsburgh, PA",230000,7.23,2217,52,2632,9175
2022-04-01,"Pittsburgh, PA",214000,7,2278,52,2633,9123
2022-03-01,"Pittsburgh, PA",212500,1.58,2283,51,2653,9150
2022-02-01,"Pittsburgh, PA",199900,3.84,2526,51,2652,9188
2022-01-01,"Pittsburgh, PA",197000,3.68,2733,52,2659,9297
2021-12-01,"Pittsburgh, PA",202000,6.32,2617,53,2689,9519
2021-11-01,"Pittsburgh, PA",210000,10.53,2683,55,2761,9765
2021-10-01,"Pittsburgh, PA",210000,6.6,2544,55,2728,9818
2021-09-01,"Pittsburgh, PA",210000,6.06,2623,54,2749,9889
2021-08-01,"Pittsburgh, PA",220000,10,2515,55,2798,9900
2021-07-01,"Pittsburgh, PA",224700,12.41,2486,55,2826,9826
2021-06-01,"Pittsburgh, PA",232500,22.37,2452,58,2788,9755
2021-05-01,"Pittsburgh, PA",214500,16.89,2420,57,2759,9764
2021-04-01,"Pittsburgh, PA",200000,5.82,2356,56,2762,9737
2021-03-01,"Pittsburgh, PA",209200,19.54,2490,57,2758,9765
2021-02-01,"Pittsburgh, PA",192500,23.4,2484,58,2695,9765
2021-01-01,"Pittsburgh, PA",190000,19.5,2657,60,2763,9998
2020-12-01,"Pittsburgh, PA",190000,15.15,2703,59,2718,10173
2020-11-01,"Pittsburgh, PA",190000,9.83,2813,60,2749,10413
2020-10-01,"Pittsburgh, PA",197000,19.39,2853,61,2830,10711
2020-09-01,"Pittsburgh, PA",198000,16.54,2843,63,2802,10895
2020-08-01,"Pittsburgh, PA",200000,10.5,2875,63,2806,11044
2020-07-01,"Pittsburgh, PA",199900,11.12,2832,64,2840,11532
2020-06-01,"Pittsburgh, PA",190000,0,1500,91,2787,10780
2020-05-01,"Pittsburgh, PA",183500,4.86,1004,93,2159,9382
2020-04-01,"Pittsburgh, PA",189000,15.95,1722,72,214,9161
2020-03-01,"Pittsburgh, PA",175000,9.38,2263,69,1856,11629
2020-02-01,"Pittsburgh, PA",156000,4.07,2418,71,2778,12511
2020-01-01,"Pittsburgh, PA",159000,9.66,2246,70,2739,12451
2019-12-01,"Pittsburgh, PA",165000,3.19,2273,72,2723,12391
2019-11-01,"Pittsburgh, PA",173000,8.28,2219,69,2713,12309
2019-10-01,"Pittsburgh, PA",165000,4.83,2143,71,2631,12184
2019-09-01,"Pittsburgh, PA",169900,4.94,2272,71,2714,12174
2019-08-01,"Pittsburgh, PA",181000,7.74,2295,71,2641,12128
2019-07-01,"Pittsburgh, PA",179900,5.82,2264,71,2594,12233
2019-06-01,"Pittsburgh, PA",190000,5.56,2254,71,2644,12458
2019-05-01,"Pittsburgh, PA",175000,6.06,2341,71,2701,12619
2019-04-01,"Pittsburgh, PA",163000,2.68,2234,70,2681,12628
2019-03-01,"Pittsburgh, PA",160000,2.24,2208,74,2649,12647
2019-02-01,"Pittsburgh, PA",149900,3.38,2254,74,2635,12672
2019-01-01,"Pittsburgh, PA",145000,-2.13,2130,73,2690,12581
2026-05-01,"Portland, OR",568248,-0.31,2493,33,2926,10905
2026-04-01,"Portland, OR",555000,-0.88,2478,36,3108,10968
2026-03-01,"Portland, OR",552896,1.45,2515,36,3072,10843
2026-02-01,"Portland, OR",538438,-0.29,2492,38,3319,10846
2026-01-01,"Portland, OR",525000,-3.67,2330,38,3131,10672
2025-12-01,"Portland, OR",545000,1.16,2501,38,2846,10615
2025-11-01,"Portland, OR",549955,1.36,2424,39,2778,10612
2025-10-01,"Portland, OR",545000,-1.36,2413,38,2877,10625
2025-09-01,"Portland, OR",550000,0,2379,38,2866,10574
2025-08-01,"Portland, OR",559873,-0.02,2356,40,2797,10701
2025-07-01,"Portland, OR",565000,0.9,2318,39,2822,10871
2025-06-01,"Portland, OR",579000,2.75,2299,35,2908,11016
2025-05-01,"Portland, OR",570000,1.79,2316,33,3071,10986
2025-04-01,"Portland, OR",559900,0.88,2358,32,3208,10736
2025-03-01,"Portland, OR",545000,0.16,2361,32,3022,10370
2025-02-01,"Portland, OR",540000,0.93,2469,29,2903,10200
2025-01-01,"Portland, OR",545000,5.83,2503,32,3264,10189
2024-12-01,"Portland, OR",538750,1.66,2426,32,3061,9875
2024-11-01,"Portland, OR",542590,2.81,2514,29,2842,9500
2024-10-01,"Portland, OR",552500,3.28,2415,31,2923,9432
2024-09-01,"Portland, OR",550000,0.96,2272,30,2956,9236
2024-08-01,"Portland, OR",560000,2.4,2288,28,2756,8909
2024-07-01,"Portland, OR",559950,1.44,2323,27,2731,8924
2024-06-01,"Portland, OR",563500,0.63,2386,31,2841,8990
2024-05-01,"Portland, OR",560000,0.9,2340,27,2884,9012
2024-04-01,"Portland, OR",555000,2.8,2358,26,2879,8827
2024-03-01,"Portland, OR",544135,3.64,2287,28,2800,8750
2024-02-01,"Portland, OR",535000,3.88,2272,31,2750,8658
2024-01-01,"Portland, OR",515000,3,2220,26,2545,8642
2023-12-01,"Portland, OR",529960,4.94,2077,25,2652,8788
2023-11-01,"Portland, OR",527760,-1.21,1939,25,2929,8374
2023-10-01,"Portland, OR",534950,-0.94,2117,24,2685,7743
2023-09-01,"Portland, OR",544760,-0.04,2165,21,2718,7452
2023-08-01,"Portland, OR",546900,-0.56,2353,20,2761,7299
2023-07-01,"Portland, OR",552000,-1.43,2342,20,2726,7139
2023-06-01,"Portland, OR",560000,-0.88,2223,17,2665,7183
2023-05-01,"Portland, OR",555000,-3.14,2225,20,2721,7208
2023-04-01,"Portland, OR",539900,-2.72,2277,23,2536,7309
2023-03-01,"Portland, OR",525000,-4.55,2309,27,2594,7554
2023-02-01,"Portland, OR",515000,-1.9,2498,29,2499,7843
2023-01-01,"Portland, OR",500000,-2.91,2188,25,2625,8278
2022-12-01,"Portland, OR",505000,-0.98,2205,23,2555,8322
2022-11-01,"Portland, OR",534250,3.98,2324,22,2776,8261
2022-10-01,"Portland, OR",540000,4.85,2574,22,2952,8130
2022-09-01,"Portland, OR",545000,8.88,2786,21,3052,8079
2022-08-01,"Portland, OR",550000,6.75,2819,17,3109,8171
2022-07-01,"Portland, OR",560000,9.16,2804,13,3419,8265
2022-06-01,"Portland, OR",565000,10.35,3133,11,3649,7911
2022-05-01,"Portland, OR",573000,13.47,3424,12,3636,7633
2022-04-01,"Portland, OR",555000,13.27,3515,8,3642,7593
2022-03-01,"Portland, OR",550000,15.7,3679,8,3932,7828
2022-02-01,"Portland, OR",525000,12.9,3459,4,4212,7701
2022-01-01,"Portland, OR",515000,14.44,3983,8,3932,7298
2021-12-01,"Portland, OR",510000,13.84,3815,9,4231,7201
2021-11-01,"Portland, OR",513823,14.21,4158,9,4293,7460
2021-10-01,"Portland, OR",515000,14.06,4045,8,4276,7702
2021-09-01,"Portland, OR",500557,12.18,3933,8,4198,7706
2021-08-01,"Portland, OR",515200,15.78,3780,8,4083,7593
2021-07-01,"Portland, OR",513000,17.39,3986,9,3981,7483
2021-06-01,"Portland, OR",512000,19.1,3793,10,3952,7588
2021-05-01,"Portland, OR",505000,21.06,3845,9,3718,7747
2021-04-01,"Portland, OR",490000,17.8,3686,8,3978,8180
2021-03-01,"Portland, OR",475374,13.45,3537,7,3964,8257
2021-02-01,"Portland, OR",465000,14.81,3674,6,3896,8068
2021-01-01,"Portland, OR",450000,11.52,3941,9,4310,8300
2020-12-01,"Portland, OR",448000,12,4061,9,4830,8174
2020-11-01,"Portland, OR",449898,9.73,4227,9,4180,8040
2020-10-01,"Portland, OR",451500,11.48,4077,10,4467,8293
2020-09-01,"Portland, OR",446193,11.55,4067,11,3860,8122
2020-08-01,"Portland, OR",445000,8.56,3779,14,4122,8617
2020-07-01,"Portland, OR",437000,7.9,3721,20,3753,8747
2020-06-01,"Portland, OR",429900,4.85,2953,28,3219,8897
2020-05-01,"Portland, OR",417150,1.74,2370,26,2979,9316
2020-04-01,"Portland, OR",415945,5.3,2539,16,2571,9359
2020-03-01,"Portland, OR",419000,6.68,3376,24,4000,10285
2020-02-01,"Portland, OR",405000,3.85,3521,24,3819,10263
2020-01-01,"Portland, OR",403500,6.18,3308,28,3648,10267
2019-12-01,"Portland, OR",400000,4.58,3389,27,3394,10398
2019-11-01,"Portland, OR",410000,6.49,3314,28,3629,10622
2019-10-01,"Portland, OR",405000,4.11,3216,28,3466,10711
2019-09-01,"Portland, OR",400000,3.9,3212,30,3646,11007
2019-08-01,"Portland, OR",409900,2.49,3323,30,3474,11030
2019-07-01,"Portland, OR",405000,2.53,3312,28,3496,11370
2019-06-01,"Portland, OR",410000,1.23,3257,28,3700,11643
2019-05-01,"Portland, OR",410000,2.76,3297,27,3852,11818
2019-04-01,"Portland, OR",395000,0,3113,30,3986,11534
2019-03-01,"Portland, OR",392750,2.01,3126,33,3794,11177
2019-02-01,"Portland, OR",390000,2.65,3175,31,3564,11275
2019-01-01,"Portland, OR",380000,0.03,2980,30,3894,11557
2026-05-01,"Providence, RI",521393,2.23,1211,29,1643,4507
2026-04-01,"Providence, RI",530000,9.28,1194,32,1711,4412
2026-03-01,"Providence, RI",525000,6.76,1178,32,1493,4248
2026-02-01,"Providence, RI",492500,2.6,1204,28,1362,4284
2026-01-01,"Providence, RI",510000,6.25,1236,28,1548,4381
2025-12-01,"Providence, RI",500000,4.38,1417,30,1540,4372
2025-11-01,"Providence, RI",510000,3.34,1258,30,1564,4445
2025-10-01,"Providence, RI",519950,6.11,1220,29,1583,4397
2025-09-01,"Providence, RI",530000,6,1414,31,1631,4373
2025-08-01,"Providence, RI",515000,4.04,1324,30,1550,4329
2025-07-01,"Providence, RI",519500,3.9,1318,30,1507,4291
2025-06-01,"Providence, RI",525000,5,1283,29,1584,4367
2025-05-01,"Providence, RI",510000,7.26,1322,27,1605,4283
2025-04-01,"Providence, RI",485000,3.19,1287,25,1613,4231
2025-03-01,"Providence, RI",491750,6.81,1306,26,1695,4326
2025-02-01,"Providence, RI",480000,8.97,1406,27,1655,4265
2025-01-01,"Providence, RI",480000,6.67,1315,27,1610,4150
2024-12-01,"Providence, RI",479000,6.44,1333,26,1571,4121
2024-11-01,"Providence, RI",493500,9.67,1230,26,1568,3961
2024-10-01,"Providence, RI",490000,9.25,1284,26,1493,3878
2024-09-01,"Providence, RI",500000,11.11,1260,25,1574,3871
2024-08-01,"Providence, RI",495000,7.61,1250,26,1488,3683
2024-07-01,"Providence, RI",500000,9.89,1328,25,1545,3705
2024-06-01,"Providence, RI",500000,11.11,1218,23,1477,3604
2024-05-01,"Providence, RI",475500,9.94,1227,24,1498,3551
2024-04-01,"Providence, RI",470000,9.21,1272,23,1442,3598
2024-03-01,"Providence, RI",460417,13.03,1309,22,1439,3787
2024-02-01,"Providence, RI",440500,10.13,1274,24,1459,3888
2024-01-01,"Providence, RI",450000,10.5,1182,24,1498,3906
2023-12-01,"Providence, RI",450000,11.11,1133,24,1499,3791
2023-11-01,"Providence, RI",450000,10.86,1210,21,1459,3434
2023-10-01,"Providence, RI",448500,8.07,1228,22,1511,3279
2023-09-01,"Providence, RI",450000,7.4,1284,23,1385,3110
2023-08-01,"Providence, RI",460000,10.84,1235,23,1461,3097
2023-07-01,"Providence, RI",455000,8.33,1189,23,1345,3016
2023-06-01,"Providence, RI",450000,5.88,1259,25,1342,3123
2023-05-01,"Providence, RI",432500,2.98,1251,25,1385,3340
2023-04-01,"Providence, RI",430350,5.22,1306,27,1356,3572
2023-03-01,"Providence, RI",407350,5.81,1291,29,1385,3808
2023-02-01,"Providence, RI",400000,4.99,1283,28,1549,4134
2023-01-01,"Providence, RI",407250,7.2,1331,27,1448,4111
2022-12-01,"Providence, RI",405000,6.58,1286,26,1530,4108
2022-11-01,"Providence, RI",405900,6.82,1402,26,1610,3993
2022-10-01,"Providence, RI",415000,9.21,1487,28,1515,3919
2022-09-01,"Providence, RI",419000,8.83,1463,27,1547,4004
2022-08-01,"Providence, RI",415000,6.7,1597,26,1596,4265
2022-07-01,"Providence, RI",420000,10.53,1648,23,1844,4511
2022-06-01,"Providence, RI",425000,13.03,1609,23,1962,4561
2022-05-01,"Providence, RI",420000,16.34,1649,21,1932,4444
2022-04-01,"Providence, RI",409000,16.86,1676,21,1907,4390
2022-03-01,"Providence, RI",385000,13.57,1735,19,1953,4535
2022-02-01,"Providence, RI",381000,17.23,1893,22,2015,4425
2022-01-01,"Providence, RI",379900,15.12,2200,24,1901,4538
2021-12-01,"Providence, RI",380000,14.11,2002,25,2050,4664
2021-11-01,"Providence, RI",380000,15.15,2024,25,2145,4953
2021-10-01,"Providence, RI",380000,13.43,1948,26,2150,5048
2021-09-01,"Providence, RI",385000,14.93,2037,25,2062,5082
2021-08-01,"Providence, RI",388950,16.7,1877,24,2180,5202
2021-07-01,"Providence, RI",380000,17.28,1829,24,2288,5116
2021-06-01,"Providence, RI",376000,19.75,1934,24,2230,4972
2021-05-01,"Providence, RI",361000,16.45,1845,25,2084,4928
2021-04-01,"Providence, RI",350000,14.4,1874,24,2053,5254
2021-03-01,"Providence, RI",339000,13.04,1981,25,2189,5485
2021-02-01,"Providence, RI",325000,16.07,2052,27,2061,5403
2021-01-01,"Providence, RI",330000,11.86,2177,28,2290,5643
2020-12-01,"Providence, RI",333000,15.83,2235,28,2432,5670
2020-11-01,"Providence, RI",330000,11.86,2210,30,2340,5775
2020-10-01,"Providence, RI",335000,15.56,2185,29,2487,5856
2020-09-01,"Providence, RI",335000,13.56,2064,32,2326,5765
2020-08-01,"Providence, RI",333300,11.47,1911,36,2338,5783
2020-07-01,"Providence, RI",324000,9.83,1864,45,2158,5827
2020-06-01,"Providence, RI",314000,5.02,1387,49,1902,5836
2020-05-01,"Providence, RI",310000,6.9,1406,47,1749,5823
2020-04-01,"Providence, RI",305950,13.31,1532,45,1150,5889
2020-03-01,"Providence, RI",299900,11.69,1893,44,2064,7186
2020-02-01,"Providence, RI",280000,9.8,1849,47,2225,7395
2020-01-01,"Providence, RI",295000,13.46,1781,46,2212,7324
2019-12-01,"Providence, RI",287500,8.08,1838,46,2045,7350
2019-11-01,"Providence, RI",295000,9.26,1823,46,2077,7495
2019-10-01,"Providence, RI",289900,6.7,1803,49,2084,7711
2019-09-01,"Providence, RI",295000,8.86,1725,49,2264,7808
2019-08-01,"Providence, RI",299000,8.73,1865,50,2122,7681
2019-07-01,"Providence, RI",295000,7.27,1883,48,2043,7827
2019-06-01,"Providence, RI",299000,6.79,1876,45,2137,7973
2019-05-01,"Providence, RI",290000,8.21,1933,50,2336,8281
2019-04-01,"Providence, RI",270000,3.89,1712,50,2327,8238
2019-03-01,"Providence, RI",268500,6.34,1876,57,2222,8137
2019-02-01,"Providence, RI",255000,2.04,1788,53,2399,8202
2019-01-01,"Providence, RI",260000,6.12,1692,53,2142,8210
2026-05-01,"Raleigh, NC",447122,-0.64,1919,43,2324,8849
2026-04-01,"Raleigh, NC",445000,1.14,1921,44,2487,8810
2026-03-01,"Raleigh, NC",435000,0.5,1847,50,2497,8692
2026-02-01,"Raleigh, NC",428755,2.08,1902,54,2288,8360
2026-01-01,"Raleigh, NC",415000,-5.47,1785,49,2160,8258
2025-12-01,"Raleigh, NC",427000,-2.93,1929,48,2207,8362
2025-11-01,"Raleigh, NC",445000,1.14,1822,47,2175,8380
2025-10-01,"Raleigh, NC",445000,0.5,1839,47,2402,8428
2025-09-01,"Raleigh, NC",437000,-0.68,1860,46,2230,8363
2025-08-01,"Raleigh, NC",450000,3.45,1829,46,2141,8466
2025-07-01,"Raleigh, NC",451560,2.63,1876,43,2314,8599
2025-06-01,"Raleigh, NC",459450,0.98,1802,42,2351,8490
2025-05-01,"Raleigh, NC",450000,0,1837,42,2498,8285
2025-04-01,"Raleigh, NC",440000,-2.35,1787,39,2348,8020
2025-03-01,"Raleigh, NC",432835,-1.09,1830,37,2316,7836
2025-02-01,"Raleigh, NC",420000,1.2,1812,35,2309,7592
2025-01-01,"Raleigh, NC",439000,5.03,1849,38,2402,7350
2024-12-01,"Raleigh, NC",439900,-0.25,1791,35,2090,7001
2024-11-01,"Raleigh, NC",440000,3.53,1800,33,2228,6792
2024-10-01,"Raleigh, NC",442765,1.67,1839,32,2190,6629
2024-09-01,"Raleigh, NC",439990,1.03,1739,31,2280,6568
2024-08-01,"Raleigh, NC",435000,-1.92,1765,29,2113,6188
2024-07-01,"Raleigh, NC",440000,-1.12,1709,27,2032,5850
2024-06-01,"Raleigh, NC",455000,2.25,1788,24,2115,5769
2024-05-01,"Raleigh, NC",450000,2.27,1758,23,2100,5697
2024-04-01,"Raleigh, NC",450575,4.42,1789,23,2061,5686
2024-03-01,"Raleigh, NC",437600,4.56,1771,23,2014,5705
2024-02-01,"Raleigh, NC",415000,0.73,1793,27,2096,5835
2024-01-01,"Raleigh, NC",417970,-2.8,1783,29,2104,5878
2023-12-01,"Raleigh, NC",441000,2.56,1687,33,1945,5713
2023-11-01,"Raleigh, NC",425000,-1.52,1811,38,1998,5902
2023-10-01,"Raleigh, NC",435500,1.28,1721,38,2049,5730
2023-09-01,"Raleigh, NC",435500,1.28,1755,40,1958,5533
2023-08-01,"Raleigh, NC",443500,1.64,1761,42,1944,5464
2023-07-01,"Raleigh, NC",445000,-1.11,1819,48,1854,5546
2023-06-01,"Raleigh, NC",445000,-1.11,1763,48,1851,5672
2023-05-01,"Raleigh, NC",440000,-1.12,1812,50,1730,5767
2023-04-01,"Raleigh, NC",431519,-1.93,1859,53,1751,6148
2023-03-01,"Raleigh, NC",418500,-0.36,1908,54,1724,6536
2023-02-01,"Raleigh, NC",412000,3,1900,48,1732,7017
2023-01-01,"Raleigh, NC",430000,7.23,1826,51,1932,7276
2022-12-01,"Raleigh, NC",430000,9.14,1931,42,1882,7197
2022-11-01,"Raleigh, NC",431569,9.31,1902,42,1989,7020
2022-10-01,"Raleigh, NC",430000,11.69,1992,38,1969,7044
2022-09-01,"Raleigh, NC",430000,13.16,2090,37,2292,7238
2022-08-01,"Raleigh, NC",436328,16.35,2094,35,2528,7320
2022-07-01,"Raleigh, NC",450000,20,2129,33,2620,6948
2022-06-01,"Raleigh, NC",450000,20,2178,32,2610,6646
2022-05-01,"Raleigh, NC",445000,23.61,2221,29,2579,6301
2022-04-01,"Raleigh, NC",440000,25.71,2276,28,2440,5968
2022-03-01,"Raleigh, NC",420000,27.27,2250,27,2150,5738
2022-02-01,"Raleigh, NC",400000,25,2371,27,2218,5835
2022-01-01,"Raleigh, NC",401000,28.53,2483,27,2098,6058
2021-12-01,"Raleigh, NC",394000,25.08,2410,30,2796,6378
2021-11-01,"Raleigh, NC",394814,24.16,2575,31,2897,6644
2021-10-01,"Raleigh, NC",385000,22.22,2541,32,2908,6729
2021-09-01,"Raleigh, NC",380000,20.63,2478,34,2876,6578
2021-08-01,"Raleigh, NC",375000,17.25,2570,34,2563,6350
2021-07-01,"Raleigh, NC",375000,20.04,2455,34,2518,6230
2021-06-01,"Raleigh, NC",375000,23.97,2605,40,2343,6243
2021-05-01,"Raleigh, NC",360000,18.03,2645,40,2233,6516
2021-04-01,"Raleigh, NC",350000,12.9,2607,39,2254,6855
2021-03-01,"Raleigh, NC",330000,9.63,2572,39,2238,7032
2021-02-01,"Raleigh, NC",320000,6.7,2630,37,2442,7319
2021-01-01,"Raleigh, NC",312000,7.53,2735,39,2631,7558
2020-12-01,"Raleigh, NC",315000,8.07,2639,41,3104,7740
2020-11-01,"Raleigh, NC",318000,7.8,2665,43,2711,7713
2020-10-01,"Raleigh, NC",315000,7.51,2631,43,2919,7957
2020-09-01,"Raleigh, NC",315000,8.62,2644,48,2749,8030
2020-08-01,"Raleigh, NC",319835,10.29,2528,51,2692,8209
2020-07-01,"Raleigh, NC",312400,6.64,2594,56,2702,8456
2020-06-01,"Raleigh, NC",302500,3.24,2452,58,2322,8520
2020-05-01,"Raleigh, NC",305000,3.09,2306,61,2205,8669
2020-04-01,"Raleigh, NC",310000,5.12,2330,55,1805,8655
2020-03-01,"Raleigh, NC",301000,5.61,2483,54,2454,9461
2020-02-01,"Raleigh, NC",299900,4.72,2402,55,2664,9406
2020-01-01,"Raleigh, NC",290147,3.62,2341,57,2601,9227
2019-12-01,"Raleigh, NC",291470,4.47,2427,54,2522,9167
2019-11-01,"Raleigh, NC",295000,3.51,2311,53,2691,9261
2019-10-01,"Raleigh, NC",293000,5.02,2332,57,2514,9160
2019-09-01,"Raleigh, NC",290000,3.42,2283,53,2453,9145
2019-08-01,"Raleigh, NC",290000,2.47,2289,55,2453,9081
2019-07-01,"Raleigh, NC",292950,2.79,2288,55,2375,9212
2019-06-01,"Raleigh, NC",293000,1.03,2270,57,2452,9254
2019-05-01,"Raleigh, NC",295857,4.84,2336,56,2500,9257
2019-04-01,"Raleigh, NC",294890,4.57,2312,58,2354,9236
2019-03-01,"Raleigh, NC",285000,1.79,2227,56,2351,9315
2019-02-01,"Raleigh, NC",286373,3.64,2302,53,2289,9301
2019-01-01,"Raleigh, NC",280000,4.48,2132,52,2425,9334
2026-05-01,"Richmond, VA",417712,0.78,1637,23,1685,4556
2026-04-01,"Richmond, VA",415525,3.88,1622,23,1697,4618
2026-03-01,"Richmond, VA",403500,0.88,1517,25,1763,4661
2026-02-01,"Richmond, VA",394850,2.56,1565,27,1685,4566
2026-01-01,"Richmond, VA",390000,2.63,1487,25,1687,4611
2025-12-01,"Richmond, VA",395000,-1.25,1476,23,1547,4621
2025-11-01,"Richmond, VA",390000,-2.26,1479,25,1574,4695
2025-10-01,"Richmond, VA",410000,4.53,1461,24,1675,4810
2025-09-01,"Richmond, VA",395000,-1.25,1401,24,1717,4750
2025-08-01,"Richmond, VA",400000,2.84,1464,24,1635,4649
2025-07-01,"Richmond, VA",420000,2.44,1426,23,1629,4694
2025-06-01,"Richmond, VA",420000,2.44,1471,22,1656,4721
2025-05-01,"Richmond, VA",414475,3.62,1465,21,1686,4742
2025-04-01,"Richmond, VA",400000,1.72,1452,19,1792,4658
2025-03-01,"Richmond, VA",400000,4.79,1435,20,1695,4437
2025-02-01,"Richmond, VA",385000,2.67,1402,18,1538,4361
2025-01-01,"Richmond, VA",380000,4.76,1411,19,1570,4336
2024-12-01,"Richmond, VA",400000,6.95,1493,19,1665,4383
2024-11-01,"Richmond, VA",399000,5,1463,18,1721,4285
2024-10-01,"Richmond, VA",392250,5.73,1436,19,1630,4113
2024-09-01,"Richmond, VA",400000,8.11,1374,18,1578,4045
2024-08-01,"Richmond, VA",388968,3.72,1313,18,1596,4068
2024-07-01,"Richmond, VA",410000,7.89,1349,17,1557,3937
2024-06-01,"Richmond, VA",410000,7.91,1374,18,1558,3914
2024-05-01,"Richmond, VA",400000,7.17,1432,19,1522,3838
2024-04-01,"Richmond, VA",393230,10.77,1398,19,1493,3855
2024-03-01,"Richmond, VA",381700,9.38,1405,15,1511,4017
2024-02-01,"Richmond, VA",375000,6.53,1450,16,1635,4196
2024-01-01,"Richmond, VA",362750,9.92,1347,16,1617,4146
2023-12-01,"Richmond, VA",374000,10,1406,16,1597,4055
2023-11-01,"Richmond, VA",380000,8.58,1332,15,1595,3917
2023-10-01,"Richmond, VA",371000,6.01,1345,14,1579,3759
2023-09-01,"Richmond, VA",370000,5.52,1400,13,1547,3605
2023-08-01,"Richmond, VA",375000,7.11,1346,13,1522,3509
2023-07-01,"Richmond, VA",380000,5.19,1372,14,1478,3434
2023-06-01,"Richmond, VA",379945,4.25,1341,14,1426,3431
2023-05-01,"Richmond, VA",373250,2.26,1400,14,1486,3555
2023-04-01,"Richmond, VA",355000,1.43,1385,15,1539,3721
2023-03-01,"Richmond, VA",348980,1.15,1493,16,1500,3676
2023-02-01,"Richmond, VA",352000,6.67,1611,15,1571,3872
2023-01-01,"Richmond, VA",330000,4.88,1418,15,1596,4071
2022-12-01,"Richmond, VA",340000,7.94,1397,15,1575,4115
2022-11-01,"Richmond, VA",349975,8.62,1448,15,1642,3913
2022-10-01,"Richmond, VA",349978,8.6,1595,14,1608,3830
2022-09-01,"Richmond, VA",350648,9.58,1668,15,1656,3885
2022-08-01,"Richmond, VA",350098,7.72,1696,14,1677,4005
2022-07-01,"Richmond, VA",361250,11.99,1716,13,1872,4099
2022-06-01,"Richmond, VA",364467,12.14,1785,13,1969,4088
2022-05-01,"Richmond, VA",365000,17.74,1747,12,1941,4010
2022-04-01,"Richmond, VA",350000,11.11,1875,11,1885,3874
2022-03-01,"Richmond, VA",345000,15,1833,9,1894,3946
2022-02-01,"Richmond, VA",330000,9.66,1750,10,1963,4001
2022-01-01,"Richmond, VA",314650,12.38,2101,10,1930,3858
2021-12-01,"Richmond, VA",315000,6.78,2002,10,2102,3851
2021-11-01,"Richmond, VA",322212,11.11,2167,11,2034,4015
2021-10-01,"Richmond, VA",322250,8.53,2032,12,2040,4230
2021-09-01,"Richmond, VA",320000,8.69,2063,11,1989,4281
2021-08-01,"Richmond, VA",325000,12.67,2035,11,2132,4480
2021-07-01,"Richmond, VA",322575,11.23,2062,11,2179,4540
2021-06-01,"Richmond, VA",325000,17.54,1957,11,2142,4531
2021-05-01,"Richmond, VA",310000,12.22,1996,12,2172,4610
2021-04-01,"Richmond, VA",315000,14.55,1896,12,2058,4579
2021-03-01,"Richmond, VA",300000,12.66,1950,12,2086,4625
2021-02-01,"Richmond, VA",300938,20.38,1978,10,1793,4571
2021-01-01,"Richmond, VA",280000,9.16,2203,12,2243,5009
2020-12-01,"Richmond, VA",295000,9.6,2114,12,2366,5009
2020-11-01,"Richmond, VA",290000,11.77,2084,11,2192,5008
2020-10-01,"Richmond, VA",296930,14.2,2107,12,2134,5020
2020-09-01,"Richmond, VA",294425,11.1,2011,14,2204,5084
2020-08-01,"Richmond, VA",288455,6.06,1944,17,2148,5123
2020-07-01,"Richmond, VA",290000,9.43,1784,21,1984,5176
2020-06-01,"Richmond, VA",276500,1.39,1640,26,1824,5211
2020-05-01,"Richmond, VA",276250,5.44,1607,22,1654,5265
2020-04-01,"Richmond, VA",275000,5.77,1731,22,1610,5436
2020-03-01,"Richmond, VA",266290,4.43,1766,22,2163,6002
2020-02-01,"Richmond, VA",250000,6.38,1755,24,2205,6014
2020-01-01,"Richmond, VA",256500,5.99,1722,27,2185,6025
2019-12-01,"Richmond, VA",269170,9.87,1756,25,1768,5902
2019-11-01,"Richmond, VA",259450,4.49,1740,25,1860,6085
2019-10-01,"Richmond, VA",260000,4.42,1698,24,2029,6162
2019-09-01,"Richmond, VA",265000,8.61,1731,27,2047,6073
2019-08-01,"Richmond, VA",271970,6.13,1718,24,1899,5899
2019-07-01,"Richmond, VA",265000,2.91,1759,22,1904,5921
2019-06-01,"Richmond, VA",272698,4.89,1815,22,1986,6029
2019-05-01,"Richmond, VA",262000,5.22,1760,25,2071,6147
2019-04-01,"Richmond, VA",260000,6.12,1664,25,2033,5982
2019-03-01,"Richmond, VA",255000,4.09,1737,25,2008,5937
2019-02-01,"Richmond, VA",235000,2.17,1688,28,1895,5982
2019-01-01,"Richmond, VA",242000,5.22,1599,28,1960,6091
2026-05-01,"Riverside, CA",590928,0.33,3576,55,4640,19321
2026-04-01,"Riverside, CA",588000,-1.26,3501,53,4560,19380
2026-03-01,"Riverside, CA",585000,-1.68,3554,54,4762,19483
2026-02-01,"Riverside, CA",575495,-2.46,3592,59,4695,19413
2026-01-01,"Riverside, CA",575000,-2.54,3525,57,4791,19283
2025-12-01,"Riverside, CA",585000,0,3542,55,4628,19300
2025-11-01,"Riverside, CA",580000,-0.85,3637,59,4548,19473
2025-10-01,"Riverside, CA",580000,-1.69,3584,61,4711,19719
2025-09-01,"Riverside, CA",580000,1.1,3564,62,4582,19967
2025-08-01,"Riverside, CA",584677,0.81,3529,66,4526,20390
2025-07-01,"Riverside, CA",580000,-0.85,3538,65,4630,20846
2025-06-01,"Riverside, CA",595000,1.71,3530,58,4686,21485
2025-05-01,"Riverside, CA",589000,1.55,3501,54,5039,21807
2025-04-01,"Riverside, CA",595500,1.66,3579,54,5366,21587
2025-03-01,"Riverside, CA",595000,3.48,3579,52,5297,21088
2025-02-01,"Riverside, CA",590000,4.42,3624,51,5252,20695
2025-01-01,"Riverside, CA",590000,7.27,3489,50,5322,20048
2024-12-01,"Riverside, CA",585000,6.36,3620,49,5097,19469
2024-11-01,"Riverside, CA",585000,5.57,3536,47,5046,18920
2024-10-01,"Riverside, CA",590000,7.27,3488,46,4991,18283
2024-09-01,"Riverside, CA",573695,5.27,3552,47,4942,17695
2024-08-01,"Riverside, CA",580000,4.5,3528,45,4816,17115
2024-07-01,"Riverside, CA",585000,6.36,3558,43,4646,16775
2024-06-01,"Riverside, CA",585000,5.26,3451,42,4899,16539
2024-05-01,"Riverside, CA",580000,5.45,3494,44,4738,16188
2024-04-01,"Riverside, CA",585760,7.48,3476,43,4475,15855
2024-03-01,"Riverside, CA",575000,6.48,3523,42,4558,15628
2024-02-01,"Riverside, CA",565000,5.61,3505,40,4303,15343
2024-01-01,"Riverside, CA",550000,5.79,3465,43,4477,15386
2023-12-01,"Riverside, CA",550000,4.76,3454,41,4832,15178
2023-11-01,"Riverside, CA",554127,6.56,3406,38,4580,14464
2023-10-01,"Riverside, CA",550000,3,3414,39,4383,13853
2023-09-01,"Riverside, CA",545000,0,3361,37,4235,13447
2023-08-01,"Riverside, CA",555000,1.09,3405,37,4129,13192
2023-07-01,"Riverside, CA",550000,0,3438,39,4382,13178
2023-06-01,"Riverside, CA",555750,-2.5,3462,41,4115,13118
2023-05-01,"Riverside, CA",550000,-4.35,3532,46,4030,13529
2023-04-01,"Riverside, CA",545000,-4.39,3463,49,3780,14237
2023-03-01,"Riverside, CA",540000,-3.57,3435,52,3645,14901
2023-02-01,"Riverside, CA",535000,-2.55,3574,58,4039,15748
2023-01-01,"Riverside, CA",519900,-1.91,3470,55,4050,16439
2022-12-01,"Riverside, CA",525000,-0.94,3462,50,4464,16889
2022-11-01,"Riverside, CA",520000,0.78,3565,47,4429,16985
2022-10-01,"Riverside, CA",534000,4.3,3831,44,4522,17200
2022-09-01,"Riverside, CA",545000,7.92,4053,44,4939,17599
2022-08-01,"Riverside, CA",549000,8.71,4147,41,5152,17791
2022-07-01,"Riverside, CA",550000,7.84,4204,34,5921,17548
2022-06-01,"Riverside, CA",570000,13.77,4527,32,6554,16755
2022-05-01,"Riverside, CA",575000,16.16,4748,27,6513,15707
2022-04-01,"Riverside, CA",570000,20,5025,25,6358,14868
2022-03-01,"Riverside, CA",560000,19.15,5221,25,6109,14455
2022-02-01,"Riverside, CA",549000,21.06,5290,25,6002,14285
2022-01-01,"Riverside, CA",530000,21,5688,28,5846,14227
2021-12-01,"Riverside, CA",530000,20.45,5661,31,5762,14418
2021-11-01,"Riverside, CA",516000,18.62,5860,31,5999,14992
2021-10-01,"Riverside, CA",512000,19.07,5803,31,6251,15451
2021-09-01,"Riverside, CA",505000,17.44,5775,29,6406,15557
2021-08-01,"Riverside, CA",505000,20.81,5741,29,6543,15399
2021-07-01,"Riverside, CA",510000,23.79,5917,29,6637,15043
2021-06-01,"Riverside, CA",501000,25.25,5854,31,6351,14754
2021-05-01,"Riverside, CA",495000,28.57,5782,30,6197,14718
2021-04-01,"Riverside, CA",475000,23.38,5810,32,6124,14891
2021-03-01,"Riverside, CA",470000,20.51,5877,32,6024,15042
2021-02-01,"Riverside, CA",453500,17.79,5810,31,5840,15194
2021-01-01,"Riverside, CA",438000,15.87,6085,35,5666,15725
2020-12-01,"Riverside, CA",440000,17.33,6129,35,6128,16414
2020-11-01,"Riverside, CA",435000,16.94,6203,36,6166,16930
2020-10-01,"Riverside, CA",430000,14.65,6157,37,6589,17240
2020-09-01,"Riverside, CA",430000,14.13,6112,40,6536,17304
2020-08-01,"Riverside, CA",418000,11.59,6198,47,6438,17485
2020-07-01,"Riverside, CA",412000,10.46,6034,53,5788,17867
2020-06-01,"Riverside, CA",400000,8.11,4651,59,5162,18313
2020-05-01,"Riverside, CA",385000,4.05,3425,57,4667,18475
2020-04-01,"Riverside, CA",385000,4.05,3568,52,3367,18374
2020-03-01,"Riverside, CA",390000,6.85,4887,50,5199,20637
2020-02-01,"Riverside, CA",385000,8.15,5068,54,5796,21257
2020-01-01,"Riverside, CA",378000,7.23,4991,53,5890,21452
2019-12-01,"Riverside, CA",375000,5.63,5013,54,5601,21515
2019-11-01,"Riverside, CA",372000,4.79,4998,55,5651,21849
2019-10-01,"Riverside, CA",375039,4.47,5043,56,5721,22366
2019-09-01,"Riverside, CA",376750,4.65,5082,58,5814,22955
2019-08-01,"Riverside, CA",374593,5.52,5089,60,5873,23457
2019-07-01,"Riverside, CA",373000,2.19,5090,60,5968,23886
2019-06-01,"Riverside, CA",370000,3.06,5026,58,6138,24270
2019-05-01,"Riverside, CA",370000,3.5,5066,60,6376,24639
2019-04-01,"Riverside, CA",370000,4.23,4879,64,6445,24908
2019-03-01,"Riverside, CA",365000,4.29,4870,64,6227,24706
2019-02-01,"Riverside, CA",356000,1.71,4750,62,5740,24257
2019-01-01,"Riverside, CA",352500,2.17,4645,58,6015,24148
2026-05-01,"Rochester, NY",294093,6.07,767,10,1001,1977
2026-04-01,"Rochester, NY",275000,5.77,799,11,1033,1983
2026-03-01,"Rochester, NY",255500,11.09,762,10,960,1909
2026-02-01,"Rochester, NY",237000,7.73,853,11,912,1876
2026-01-01,"Rochester, NY",250000,8.23,831,11,917,1902
2025-12-01,"Rochester, NY",250000,3.71,877,10,879,1928
2025-11-01,"Rochester, NY",260000,7.22,829,11,951,2020
2025-10-01,"Rochester, NY",269000,7.6,840,11,996,2059
2025-09-01,"Rochester, NY",270000,5.88,840,11,965,1998
2025-08-01,"Rochester, NY",280000,7.92,851,10,943,1943
2025-07-01,"Rochester, NY",282000,9.3,863,10,973,1962
2025-06-01,"Rochester, NY",295000,10.07,855,10,988,1909
2025-05-01,"Rochester, NY",277255,9.59,905,10,926,1874
2025-04-01,"Rochester, NY",260000,4.42,850,9,965,1912
2025-03-01,"Rochester, NY",230000,4.55,894,11,1014,1944
2025-02-01,"Rochester, NY",220000,15.79,827,10,947,1950
2025-01-01,"Rochester, NY",231000,15.5,849,10,1003,1956
2024-12-01,"Rochester, NY",241050,4.8,853,10,978,1877
2024-11-01,"Rochester, NY",242500,7.78,875,10,923,1830
2024-10-01,"Rochester, NY",250000,8.7,825,10,955,1854
2024-09-01,"Rochester, NY",255000,6.69,817,9,995,1780
2024-08-01,"Rochester, NY",259450,4.82,822,10,902,1681
2024-07-01,"Rochester, NY",258000,6.39,857,11,912,1728
2024-06-01,"Rochester, NY",268000,7.2,817,10,888,1785
2024-05-01,"Rochester, NY",253000,7.66,826,10,1001,1870
2024-04-01,"Rochester, NY",249000,16.63,854,10,883,1773
2024-03-01,"Rochester, NY",220000,10,885,9,862,1864
2024-02-01,"Rochester, NY",190000,3.83,818,9,939,1939
2024-01-01,"Rochester, NY",200000,8.11,847,9,1013,1963
2023-12-01,"Rochester, NY",230000,15,792,9,1011,1956
2023-11-01,"Rochester, NY",225000,16.58,869,9,994,1811
2023-10-01,"Rochester, NY",230000,9.52,839,9,955,1710
2023-09-01,"Rochester, NY",239000,13.46,866,9,927,1682
2023-08-01,"Rochester, NY",247512,15.12,819,9,976,1738
2023-07-01,"Rochester, NY",242500,7.78,824,9,934,1640
2023-06-01,"Rochester, NY",250000,11.11,859,10,904,1658
2023-05-01,"Rochester, NY",235000,9.3,787,10,886,1708
2023-04-01,"Rochester, NY",213501,2.15,846,9,877,1852
2023-03-01,"Rochester, NY",200000,7.53,815,9,919,1969
2023-02-01,"Rochester, NY",183000,1.67,817,9,1027,2073
2023-01-01,"Rochester, NY",185000,6.94,821,10,921,2024
2022-12-01,"Rochester, NY",200000,11.11,873,10,969,2002
2022-11-01,"Rochester, NY",193000,4.32,861,9,988,1954
2022-10-01,"Rochester, NY",210000,10.82,944,10,976,1878
2022-09-01,"Rochester, NY",210650,8.03,954,9,953,1850
2022-08-01,"Rochester, NY",215000,7.5,994,10,983,1915
2022-07-01,"Rochester, NY",225000,12.5,975,10,1037,1988
2022-06-01,"Rochester, NY",225000,11.39,976,10,1078,2046
2022-05-01,"Rochester, NY",215000,10.26,1007,9,1140,2140
2022-04-01,"Rochester, NY",209000,16.11,931,9,1126,2170
2022-03-01,"Rochester, NY",186000,12.73,962,8,1181,2161
2022-02-01,"Rochester, NY",180000,13.92,961,8,1076,2059
2022-01-01,"Rochester, NY",173000,4.85,1145,8,1066,2052
2021-12-01,"Rochester, NY",180000,3.79,1139,10,1094,1997
2021-11-01,"Rochester, NY",185000,8.82,1093,10,1134,2060
2021-10-01,"Rochester, NY",189500,5.28,1131,10,1076,2099
2021-09-01,"Rochester, NY",195000,11.43,1134,10,1150,2226
2021-08-01,"Rochester, NY",200001,13.64,1034,9,1170,2285
2021-07-01,"Rochester, NY",200000,14.29,1060,10,1227,2299
2021-06-01,"Rochester, NY",202000,24.69,1023,9,1207,2173
2021-05-01,"Rochester, NY",195000,21.88,1036,9,1138,2183
2021-04-01,"Rochester, NY",180000,12.57,1019,10,1217,2292
2021-03-01,"Rochester, NY",165000,10,993,9,1130,2309
2021-02-01,"Rochester, NY",158000,15.33,1205,11,1054,2367
2021-01-01,"Rochester, NY",165000,13.05,1249,10,1122,2456
2020-12-01,"Rochester, NY",173420,15.69,1231,10,1158,2430
2020-11-01,"Rochester, NY",170000,12.58,1246,11,1206,2506
2020-10-01,"Rochester, NY",180000,20,1187,9,1276,2598
2020-09-01,"Rochester, NY",175000,12.9,1169,11,1223,2585
2020-08-01,"Rochester, NY",176000,7.98,998,12,1274,2567
2020-07-01,"Rochester, NY",175000,6.09,919,13,1149,2511
2020-06-01,"Rochester, NY",162000,1.06,680,19,1135,2549
2020-05-01,"Rochester, NY",160000,3.43,803,18,977,2364
2020-04-01,"Rochester, NY",159900,12.61,974,16,503,2196
2020-03-01,"Rochester, NY",150000,7.91,1037,27,1110,3051
2020-02-01,"Rochester, NY",137000,5.38,1057,25,1254,3170
2020-01-01,"Rochester, NY",145950,12.01,1069,22,1230,3242
2019-12-01,"Rochester, NY",149900,7.07,1072,24,1260,3292
2019-11-01,"Rochester, NY",151000,6.34,1074,22,1197,3284
2019-10-01,"Rochester, NY",150000,3.09,1038,20,1152,3253
2019-09-01,"Rochester, NY",155000,6.97,1100,20,1224,3316
2019-08-01,"Rochester, NY",163000,7.24,1084,19,1224,3239
2019-07-01,"Rochester, NY",164950,6.94,1073,17,1196,3182
2019-06-01,"Rochester, NY",160300,4.77,1034,19,1246,3236
2019-05-01,"Rochester, NY",154700,4.53,1074,20,1267,3234
2019-04-01,"Rochester, NY",142000,1.43,1117,23,1224,3307
2019-03-01,"Rochester, NY",139000,4.91,1091,27,1234,3422
2019-02-01,"Rochester, NY",130000,1.96,1081,30,1220,3501
2019-01-01,"Rochester, NY",130300,2.2,1058,28,1221,3552
2026-05-01,"Sacramento, CA",603141,1.37,1961,34,2292,7597
2026-04-01,"Sacramento, CA",585000,-0.85,1948,33,2377,7691
2026-03-01,"Sacramento, CA",585000,-2.5,1896,31,2572,7732
2026-02-01,"Sacramento, CA",570000,-2.23,1919,33,2407,7657
2026-01-01,"Sacramento, CA",564750,-0.48,1854,34,2389,7580
2025-12-01,"Sacramento, CA",565000,-3.42,1897,35,2345,7571
2025-11-01,"Sacramento, CA",570000,-2.56,1937,36,2327,7553
2025-10-01,"Sacramento, CA",589500,1.11,1866,36,2220,7514
2025-09-01,"Sacramento, CA",585000,-0.17,1909,38,2246,7652
2025-08-01,"Sacramento, CA",585000,-0.42,1819,38,2199,7710
2025-07-01,"Sacramento, CA",590000,-0.84,1811,38,2244,7888
2025-06-01,"Sacramento, CA",600000,0,1769,36,2323,7954
2025-05-01,"Sacramento, CA",595000,0.45,1755,34,2479,7926
2025-04-01,"Sacramento, CA",590000,0.34,1837,29,2548,7829
2025-03-01,"Sacramento, CA",599990,3.45,1858,30,2548,7655
2025-02-01,"Sacramento, CA",583000,2.73,1877,27,2587,7569
2025-01-01,"Sacramento, CA",567500,3.18,1869,27,2524,7175
2024-12-01,"Sacramento, CA",585000,3.96,1909,26,2394,6956
2024-11-01,"Sacramento, CA",585000,3.56,1882,23,2306,6861
2024-10-01,"Sacramento, CA",583000,0.52,1887,25,2366,6815
2024-09-01,"Sacramento, CA",586000,1.91,1763,24,2401,6705
2024-08-01,"Sacramento, CA",587440,1.46,1838,23,2302,6392
2024-07-01,"Sacramento, CA",595000,1.71,1831,25,2199,6289
2024-06-01,"Sacramento, CA",600000,4.53,1776,25,2198,6238
2024-05-01,"Sacramento, CA",592355,4.84,1808,23,2267,6195
2024-04-01,"Sacramento, CA",588000,6.91,1763,22,2158,5957
2024-03-01,"Sacramento, CA",580000,8.41,1794,22,2161,5774
2024-02-01,"Sacramento, CA",567500,7.53,1784,22,2063,5631
2024-01-01,"Sacramento, CA",550000,4.76,1771,22,2223,5791
2023-12-01,"Sacramento, CA",562722,8.84,1633,21,2330,5703
2023-11-01,"Sacramento, CA",564903,4.71,1563,19,2393,5470
2023-10-01,"Sacramento, CA",580000,7.41,1638,17,2112,5018
2023-09-01,"Sacramento, CA",575000,2.68,1719,16,2044,4865
2023-08-01,"Sacramento, CA",579000,1.58,1770,18,2024,4826
2023-07-01,"Sacramento, CA",585000,-0.68,1763,16,1918,4718
2023-06-01,"Sacramento, CA",574000,-4.33,1768,16,1954,4733
2023-05-01,"Sacramento, CA",565000,-7.38,1792,19,1792,4674
2023-04-01,"Sacramento, CA",550000,-9.09,1655,25,1744,4755
2023-03-01,"Sacramento, CA",535000,-11.97,1750,33,1539,4844
2023-02-01,"Sacramento, CA",527750,-8.22,1822,38,1940,5595
2023-01-01,"Sacramento, CA",525000,-3.85,1625,27,2035,5992
2022-12-01,"Sacramento, CA",517000,-5.14,1700,27,2270,6365
2022-11-01,"Sacramento, CA",539500,-1.91,1719,29,2196,6370
2022-10-01,"Sacramento, CA",540000,0,1892,28,2191,6462
2022-09-01,"Sacramento, CA",560000,2,2046,27,2243,6524
2022-08-01,"Sacramento, CA",570000,3.64,2018,23,2411,6833
2022-07-01,"Sacramento, CA",589000,6.32,2039,18,2761,6787
2022-06-01,"Sacramento, CA",600000,6.19,2231,16,2882,6402
2022-05-01,"Sacramento, CA",610000,10.91,2379,13,2963,6186
2022-04-01,"Sacramento, CA",605000,14.15,2657,12,2974,5849
2022-03-01,"Sacramento, CA",607750,16.87,2668,9,3066,5801
2022-02-01,"Sacramento, CA",575000,17.35,2691,7,3030,5543
2022-01-01,"Sacramento, CA",546000,14.95,2939,9,2895,5217
2021-12-01,"Sacramento, CA",545000,14.74,2837,9,2860,4999
2021-11-01,"Sacramento, CA",550000,15.98,2993,10,2955,5509
2021-10-01,"Sacramento, CA",540000,12.97,2888,11,3164,5780
2021-09-01,"Sacramento, CA",549000,16.59,2763,10,3103,5734
2021-08-01,"Sacramento, CA",550000,17.52,2818,9,3037,5666
2021-07-01,"Sacramento, CA",554000,19.14,2838,10,3213,5594
2021-06-01,"Sacramento, CA",565000,26.97,2868,10,3124,5439
2021-05-01,"Sacramento, CA",550000,28.21,2832,11,2848,5400
2021-04-01,"Sacramento, CA",530000,23.26,2808,11,2949,5619
2021-03-01,"Sacramento, CA",520000,20.93,2725,9,2994,5686
2021-02-01,"Sacramento, CA",490000,16.67,2742,8,2922,5453
2021-01-01,"Sacramento, CA",475000,17.28,3111,8,2929,5445
2020-12-01,"Sacramento, CA",475000,14.46,3210,7,3207,5696
2020-11-01,"Sacramento, CA",474215,14.27,3387,8,3307,5980
2020-10-01,"Sacramento, CA",478000,16.59,3229,8,3569,6230
2020-09-01,"Sacramento, CA",470900,12.72,3251,10,3407,6111
2020-08-01,"Sacramento, CA",468000,11.43,3144,15,3207,6214
2020-07-01,"Sacramento, CA",465000,10.71,3133,21,2899,6481
2020-06-01,"Sacramento, CA",445000,5.95,2462,26,2675,7029
2020-05-01,"Sacramento, CA",429000,2.14,1732,25,2548,7242
2020-04-01,"Sacramento, CA",430000,4.88,1753,16,1894,6911
2020-03-01,"Sacramento, CA",430000,7.5,2508,15,2991,7636
2020-02-01,"Sacramento, CA",420000,7.69,2541,16,3122,7819
2020-01-01,"Sacramento, CA",405000,8,2557,22,3032,7635
2019-12-01,"Sacramento, CA",415000,5.06,2589,22,2891,7550
2019-11-01,"Sacramento, CA",415000,5.6,2576,23,2824,7730
2019-10-01,"Sacramento, CA",410000,4.06,2595,22,2718,7877
2019-09-01,"Sacramento, CA",417750,4.44,2584,23,2944,8205
2019-08-01,"Sacramento, CA",420000,5.26,2621,23,3042,8225
2019-07-01,"Sacramento, CA",420000,3.7,2726,23,3011,8331
2019-06-01,"Sacramento, CA",420000,2.44,2661,21,3055,8518
2019-05-01,"Sacramento, CA",420000,2.69,2633,21,3399,8696
2019-04-01,"Sacramento, CA",410000,2.63,2535,26,3320,8625
2019-03-01,"Sacramento, CA",400000,1.52,2668,30,2955,8407
2019-02-01,"Sacramento, CA",390000,2.63,2627,32,2924,8778
2019-01-01,"Sacramento, CA",375000,1.32,2397,27,2965,9062
2026-05-01,"Salt Lake City, UT",548808,-0.22,1151,48,1405,5195
2026-04-01,"Salt Lake City, UT",545000,2.83,1173,46,1471,5142
2026-03-01,"Salt Lake City, UT",540000,4.21,1139,46,1493,5055
2026-02-01,"Salt Lake City, UT",530000,0.22,1186,52,1551,5015
2026-01-01,"Salt Lake City, UT",545000,4.81,1091,48,1521,4942
2025-12-01,"Salt Lake City, UT",540000,2.86,1137,48,1334,4905
2025-11-01,"Salt Lake City, UT",543000,4.52,1035,47,1356,4961
2025-10-01,"Salt Lake City, UT",558142,4.33,1046,46,1364,4851
2025-09-01,"Salt Lake City, UT",552813,4.64,1077,48,1313,4773
2025-08-01,"Salt Lake City, UT",550000,3.77,1056,48,1243,4831
2025-07-01,"Salt Lake City, UT",549000,0.23,1031,47,1287,4892
2025-06-01,"Salt Lake City, UT",545000,0.93,1037,43,1291,4885
2025-05-01,"Salt Lake City, UT",550000,2.8,1116,43,1372,4929
2025-04-01,"Salt Lake City, UT",530000,-0.93,1054,45,1485,4867
2025-03-01,"Salt Lake City, UT",518164,-0.5,1120,44,1448,4699
2025-02-01,"Salt Lake City, UT",528825,1.7,1107,43,1378,4539
2025-01-01,"Salt Lake City, UT",520000,4,1054,40,1414,4421
2024-12-01,"Salt Lake City, UT",525000,7.14,1098,41,1390,4331
2024-11-01,"Salt Lake City, UT",519495,3.9,1079,38,1326,4178
2024-10-01,"Salt Lake City, UT",535000,3.88,1081,41,1339,4107
2024-09-01,"Salt Lake City, UT",528297,4.35,1082,37,1318,4037
2024-08-01,"Salt Lake City, UT",530000,3.92,1066,37,1288,3871
2024-07-01,"Salt Lake City, UT",547750,5.34,1045,39,1211,3808
2024-06-01,"Salt Lake City, UT",540000,4.85,1079,39,1247,3881
2024-05-01,"Salt Lake City, UT",535000,1.9,1080,38,1310,3871
2024-04-01,"Salt Lake City, UT",535000,9.18,1092,37,1278,3845
2024-03-01,"Salt Lake City, UT",520794,2.12,1126,35,1247,3869
2024-02-01,"Salt Lake City, UT",520000,7,1186,31,1262,4000
2024-01-01,"Salt Lake City, UT",500000,2.72,1135,35,1306,3964
2023-12-01,"Salt Lake City, UT",490000,2.63,967,32,1391,3945
2023-11-01,"Salt Lake City, UT",500000,0.5,924,35,1215,3647
2023-10-01,"Salt Lake City, UT",515000,0,994,32,1209,3479
2023-09-01,"Salt Lake City, UT",506250,-1.41,938,32,1256,3401
2023-08-01,"Salt Lake City, UT",510000,-2.86,1037,31,1237,3241
2023-07-01,"Salt Lake City, UT",520000,-0.93,1025,30,1209,3210
2023-06-01,"Salt Lake City, UT",515000,-4.63,940,32,1218,3173
2023-05-01,"Salt Lake City, UT",525000,-6.25,1011,33,1155,3124
2023-04-01,"Salt Lake City, UT",490000,-10.91,1052,37,1057,3271
2023-03-01,"Salt Lake City, UT",510000,-4.32,1102,41,1028,3489
2023-02-01,"Salt Lake City, UT",486000,-5.63,1071,46,1110,3818
2023-01-01,"Salt Lake City, UT",486770,-2.65,966,44,1091,3994
2022-12-01,"Salt Lake City, UT",477431,-2.8,916,40,1057,4041
2022-11-01,"Salt Lake City, UT",497500,3.5,945,34,1172,4013
2022-10-01,"Salt Lake City, UT",515000,8.42,938,34,1278,3979
2022-09-01,"Salt Lake City, UT",513500,5.88,1083,30,1277,3904
2022-08-01,"Salt Lake City, UT",525000,11.17,1101,28,1370,3999
2022-07-01,"Salt Lake City, UT",524900,10.65,1056,23,1536,3922
2022-06-01,"Salt Lake City, UT",540000,14.89,1267,20,1652,3578
2022-05-01,"Salt Lake City, UT",560000,24.44,1305,16,1596,3235
2022-04-01,"Salt Lake City, UT",550000,25,1411,14,1584,3062
2022-03-01,"Salt Lake City, UT",533000,23.95,1383,11,1519,2861
2022-02-01,"Salt Lake City, UT",515000,25.61,1414,3,1492,2808
2022-01-01,"Salt Lake City, UT",500000,27.88,1583,5,1420,2782
2021-12-01,"Salt Lake City, UT",491200,23.53,1651,5,1526,2717
2021-11-01,"Salt Lake City, UT",480698,24.69,1749,10,1765,2954
2021-10-01,"Salt Lake City, UT",475000,23.55,1666,9,1661,3020
2021-09-01,"Salt Lake City, UT",485000,26.63,1573,10,1684,3076
2021-08-01,"Salt Lake City, UT",472250,24.28,1503,9,1665,2990
2021-07-01,"Salt Lake City, UT",474371,24.83,1553,10,1713,2881
2021-06-01,"Salt Lake City, UT",470000,27.03,1570,11,1610,2752
2021-05-01,"Salt Lake City, UT",450000,26.05,1477,12,1447,2765
2021-04-01,"Salt Lake City, UT",440000,22.05,1578,12,1504,2928
2021-03-01,"Salt Lake City, UT",430000,18.36,1464,10,1574,3101
2021-02-01,"Salt Lake City, UT",410000,15.49,1560,6,1518,3110
2021-01-01,"Salt Lake City, UT",391000,13.1,1759,6,1507,3185
2020-12-01,"Salt Lake City, UT",397650,14.42,1866,10,1948,3304
2020-11-01,"Salt Lake City, UT",385500,11.77,1949,10,1828,3344
2020-10-01,"Salt Lake City, UT",384471,13.14,1931,11,1915,3552
2020-09-01,"Salt Lake City, UT",383000,11.01,1878,15,1768,3593
2020-08-01,"Salt Lake City, UT",380000,11.76,1797,17,1866,3836
2020-07-01,"Salt Lake City, UT",380000,10.14,1875,22,1736,3971
2020-06-01,"Salt Lake City, UT",370000,6.47,1593,25,1622,4274
2020-05-01,"Salt Lake City, UT",357000,3.18,1380,27,1625,4563
2020-04-01,"Salt Lake City, UT",360500,7.29,1219,23,1516,4436
2020-03-01,"Salt Lake City, UT",363300,12.48,1399,21,2040,4393
2020-02-01,"Salt Lake City, UT",355000,11.56,1567,25,1546,4134
2020-01-01,"Salt Lake City, UT",345721,7.37,1487,28,1577,4178
2019-12-01,"Salt Lake City, UT",347543,10.33,1547,28,1566,4139
2019-11-01,"Salt Lake City, UT",344900,9.49,1601,29,1605,4284
2019-10-01,"Salt Lake City, UT",339825,5.86,1600,29,1670,4324
2019-09-01,"Salt Lake City, UT",345000,7.81,1594,30,1712,4457
2019-08-01,"Salt Lake City, UT",340000,7.97,1622,29,1628,4541
2019-07-01,"Salt Lake City, UT",345000,7,1631,28,1663,4715
2019-06-01,"Salt Lake City, UT",347500,7.59,1636,28,1760,4853
2019-05-01,"Salt Lake City, UT",346000,8.55,1683,27,1802,4910
2019-04-01,"Salt Lake City, UT",336000,9.45,1628,30,1803,4989
2019-03-01,"Salt Lake City, UT",323000,3.69,1497,34,1712,4994
2019-02-01,"Salt Lake City, UT",318217,5.37,1538,30,1676,5125
2019-01-01,"Salt Lake City, UT",322000,9.9,1430,30,1806,5213
2026-05-01,"San Antonio, TX",309047,-0.93,2664,86,3736,19552
2026-04-01,"San Antonio, TX",305000,-1.29,2672,86,4167,19639
2026-03-01,"San Antonio, TX",310000,-1.57,2754,91,4356,19425
2026-02-01,"San Antonio, TX",295000,1.82,2675,88,3899,18899
2026-01-01,"San Antonio, TX",294999,0,2683,86,3944,18736
2025-12-01,"San Antonio, TX",310000,-1.59,2886,85,3657,18812
2025-11-01,"San Antonio, TX",300000,0,2693,85,3559,19123
2025-10-01,"San Antonio, TX",299990,-1.64,2664,84,3936,19314
2025-09-01,"San Antonio, TX",310000,0.16,2683,82,3540,19199
2025-08-01,"San Antonio, TX",305000,0,2725,86,3654,19416
2025-07-01,"San Antonio, TX",310000,-3.13,2678,84,3727,19484
2025-06-01,"San Antonio, TX",319824,1.56,2662,81,3716,19489
2025-05-01,"San Antonio, TX",311950,-0.97,2832,72,4116,19383
2025-04-01,"San Antonio, TX",309000,-0.83,2764,73,4018,19008
2025-03-01,"San Antonio, TX",314950,1.09,2706,76,4088,18693
2025-02-01,"San Antonio, TX",289725,-2.25,2892,66,4280,18346
2025-01-01,"San Antonio, TX",295000,1.72,2932,69,3863,17844
2024-12-01,"San Antonio, TX",315000,0,2837,69,4177,17851
2024-11-01,"San Antonio, TX",299990,1.69,3057,69,3941,17668
2024-10-01,"San Antonio, TX",305000,-2.62,3042,71,3894,17668
2024-09-01,"San Antonio, TX",309500,-1.75,2826,73,3859,17573
2024-08-01,"San Antonio, TX",305000,-4.47,2837,70,3620,17559
2024-07-01,"San Antonio, TX",320000,0,2846,68,3691,17709
2024-06-01,"San Antonio, TX",314900,-0.65,2811,66,3999,17693
2024-05-01,"San Antonio, TX",315000,0,2679,69,3985,17338
2024-04-01,"San Antonio, TX",311590,-1.07,2838,71,3927,17014
2024-03-01,"San Antonio, TX",311545,0.5,2888,66,3904,16630
2024-02-01,"San Antonio, TX",296390,-2.82,2858,60,3755,16331
2024-01-01,"San Antonio, TX",290000,-3.97,2857,55,3951,16348
2023-12-01,"San Antonio, TX",315000,-1.53,2650,57,4035,16026
2023-11-01,"San Antonio, TX",295000,-6.05,2757,54,4135,15617
2023-10-01,"San Antonio, TX",313221,-2.12,2678,54,3608,14970
2023-09-01,"San Antonio, TX",315000,-3.08,2730,55,4207,14628
2023-08-01,"San Antonio, TX",319258,-1.77,2801,55,3757,13702
2023-07-01,"San Antonio, TX",320000,-2.44,2821,51,3508,13245
2023-06-01,"San Antonio, TX",316950,-6.23,2869,55,3524,13356
2023-05-01,"San Antonio, TX",315000,-6.53,2985,56,3564,13313
2023-04-01,"San Antonio, TX",314950,-1.85,2916,60,3444,13358
2023-03-01,"San Antonio, TX",310000,-1.43,2766,54,3228,13750
2023-02-01,"San Antonio, TX",305000,1.5,2818,57,3470,14325
2023-01-01,"San Antonio, TX",302000,0.67,2641,50,3477,14373
2022-12-01,"San Antonio, TX",319900,4.89,2651,48,3251,14050
2022-11-01,"San Antonio, TX",314000,4.67,2634,44,3439,13675
2022-10-01,"San Antonio, TX",320000,6.67,2981,39,3886,13580
2022-09-01,"San Antonio, TX",325000,11.68,3191,38,3827,13127
2022-08-01,"San Antonio, TX",325000,11.72,2985,31,3967,12778
2022-07-01,"San Antonio, TX",328000,12.35,3077,29,4206,12063
2022-06-01,"San Antonio, TX",338000,18.6,3132,27,4330,11034
2022-05-01,"San Antonio, TX",337000,21.22,3152,23,3835,9840
2022-04-01,"San Antonio, TX",320885,18.85,3145,21,3779,9263
2022-03-01,"San Antonio, TX",314500,20.04,3248,21,3415,9114
2022-02-01,"San Antonio, TX",300500,15.58,3298,22,3682,9439
2022-01-01,"San Antonio, TX",300000,18.11,3845,24,3694,9765
2021-12-01,"San Antonio, TX",305000,17.69,3660,24,4081,9853
2021-11-01,"San Antonio, TX",300000,17.65,3573,24,4070,10026
2021-10-01,"San Antonio, TX",300000,17.65,3650,24,3947,9904
2021-09-01,"San Antonio, TX",291000,14.09,3659,24,3890,9859
2021-08-01,"San Antonio, TX",290900,14.12,3514,23,4244,9760
2021-07-01,"San Antonio, TX",291950,14.49,3421,23,4054,9133
2021-06-01,"San Antonio, TX",285000,14.69,3418,23,3718,8661
2021-05-01,"San Antonio, TX",278000,15.83,3293,25,3637,8567
2021-04-01,"San Antonio, TX",270000,13.14,3227,26,3509,8649
2021-03-01,"San Antonio, TX",262000,11.02,3268,29,3373,8890
2021-02-01,"San Antonio, TX",260000,10.64,3038,28,2793,9089
2021-01-01,"San Antonio, TX",254000,12.89,3843,31,3680,10127
2020-12-01,"San Antonio, TX",259150,10.28,3749,32,3883,10186
2020-11-01,"San Antonio, TX",255000,12.61,3831,32,3807,10340
2020-10-01,"San Antonio, TX",255000,10.63,3716,33,3749,10567
2020-09-01,"San Antonio, TX",255055,10.89,3642,37,3754,10626
2020-08-01,"San Antonio, TX",254900,9.4,3555,42,3634,10843
2020-07-01,"San Antonio, TX",255000,8.05,3516,49,3462,11283
2020-06-01,"San Antonio, TX",248500,4.41,3245,52,3210,11985
2020-05-01,"San Antonio, TX",240000,1.48,2506,58,3239,12714
2020-04-01,"San Antonio, TX",238635,6.06,2559,50,2900,12588
2020-03-01,"San Antonio, TX",236000,4.92,3007,52,3447,13498
2020-02-01,"San Antonio, TX",235000,6.82,3003,54,3648,13796
2020-01-01,"San Antonio, TX",225000,4.65,3008,51,3595,13712
2019-12-01,"San Antonio, TX",235000,4.49,3154,51,3788,13732
2019-11-01,"San Antonio, TX",226450,1.85,2946,48,3569,13466
2019-10-01,"San Antonio, TX",230499,4.77,2974,54,3780,13557
2019-09-01,"San Antonio, TX",230000,5.02,2882,50,3673,13355
2019-08-01,"San Antonio, TX",233000,2.19,3068,51,3492,13276
2019-07-01,"San Antonio, TX",236000,4.42,2898,51,3407,13393
2019-06-01,"San Antonio, TX",238000,3.7,2995,49,3445,13484
2019-05-01,"San Antonio, TX",236500,3.73,2934,49,3593,13759
2019-04-01,"San Antonio, TX",225000,3.09,2815,51,3694,13691
2019-03-01,"San Antonio, TX",224925,3.75,2855,46,3648,13441
2019-02-01,"San Antonio, TX",220000,5.26,2838,51,3534,13101
2019-01-01,"San Antonio, TX",215000,2.38,2677,49,3579,12947
2026-05-01,"San Diego, CA",922157,0.37,2081,34,2623,8310
2026-04-01,"San Diego, CA",927000,0.76,2047,33,2584,8283
2026-03-01,"San Diego, CA",915000,0,2070,33,2754,8225
2026-02-01,"San Diego, CA",899000,-0.11,2083,34,2661,8040
2026-01-01,"San Diego, CA",899000,0.7,1986,33,2581,7872
2025-12-01,"San Diego, CA",900000,2.27,2031,32,2523,7930
2025-11-01,"San Diego, CA",895000,0.56,2065,36,2445,7943
2025-10-01,"San Diego, CA",889000,-1.22,2050,34,2486,8039
2025-09-01,"San Diego, CA",900000,0,2047,34,2430,8152
2025-08-01,"San Diego, CA",910000,1.68,1976,39,2447,8325
2025-07-01,"San Diego, CA",918000,-0.22,1896,40,2489,8407
2025-06-01,"San Diego, CA",916500,-3.42,1901,36,2363,8554
2025-05-01,"San Diego, CA",918750,-0.41,1941,32,2594,8741
2025-04-01,"San Diego, CA",920000,-0.19,2030,32,2772,8590
2025-03-01,"San Diego, CA",915000,2.23,1964,31,2738,8285
2025-02-01,"San Diego, CA",900000,1.69,2032,27,2766,8100
2025-01-01,"San Diego, CA",892750,5.03,2053,29,2799,7859
2024-12-01,"San Diego, CA",880000,4.76,2055,28,2515,7584
2024-11-01,"San Diego, CA",890000,2.3,2011,27,2455,7394
2024-10-01,"San Diego, CA",900000,4.05,1968,26,2489,7294
2024-09-01,"San Diego, CA",900000,4.05,1916,26,2561,7174
2024-08-01,"San Diego, CA",895000,1.13,1989,24,2508,6797
2024-07-01,"San Diego, CA",920000,5.14,2003,23,2431,6576
2024-06-01,"San Diego, CA",949000,9.08,1982,22,2598,6608
2024-05-01,"San Diego, CA",922500,8.53,1938,22,2531,6436
2024-04-01,"San Diego, CA",921750,9.57,1928,21,2415,6132
2024-03-01,"San Diego, CA",895000,8.48,1993,19,2356,6098
2024-02-01,"San Diego, CA",885000,13.35,2078,17,2243,6056
2024-01-01,"San Diego, CA",850000,10.39,1986,20,2420,6214
2023-12-01,"San Diego, CA",840000,9.8,1645,19,2384,6141
2023-11-01,"San Diego, CA",870000,12.99,1700,16,2367,5614
2023-10-01,"San Diego, CA",865000,9.7,1792,16,2330,5167
2023-09-01,"San Diego, CA",865000,6.79,1759,15,2227,4716
2023-08-01,"San Diego, CA",885000,10.62,1890,14,2172,4346
2023-07-01,"San Diego, CA",875000,5.42,2034,15,2136,4356
2023-06-01,"San Diego, CA",870000,1.16,1887,15,2165,4501
2023-05-01,"San Diego, CA",850000,-2.86,1954,17,2039,4505
2023-04-01,"San Diego, CA",841250,-3.86,1917,21,1991,4897
2023-03-01,"San Diego, CA",825000,-2.94,2028,26,1973,5214
2023-02-01,"San Diego, CA",780750,-2.65,2005,32,2020,5823
2023-01-01,"San Diego, CA",770000,-1.28,1989,27,1989,6304
2022-12-01,"San Diego, CA",765000,-1,1851,26,2101,6761
2022-11-01,"San Diego, CA",770000,-0.65,1870,25,2285,6718
2022-10-01,"San Diego, CA",788500,3.75,2023,25,2322,6626
2022-09-01,"San Diego, CA",810000,6.65,2237,25,2439,6719
2022-08-01,"San Diego, CA",800000,7.38,2264,22,2432,6988
2022-07-01,"San Diego, CA",830000,9.21,2150,18,3016,7215
2022-06-01,"San Diego, CA",860000,11.69,2451,16,3206,6817
2022-05-01,"San Diego, CA",875000,15.13,2748,13,3236,6441
2022-04-01,"San Diego, CA",875000,20.36,2839,12,3318,6254
2022-03-01,"San Diego, CA",850000,21.43,2980,11,3202,6212
2022-02-01,"San Diego, CA",802000,17.08,2992,9,3295,6186
2022-01-01,"San Diego, CA",780000,19.08,3312,10,3193,5991
2021-12-01,"San Diego, CA",772750,17.08,3260,10,3502,5872
2021-11-01,"San Diego, CA",775000,17.42,3408,11,3490,6117
2021-10-01,"San Diego, CA",760000,15.15,3373,12,3266,6161
2021-09-01,"San Diego, CA",759500,14.9,3458,12,3323,6495
2021-08-01,"San Diego, CA",745000,13.97,3361,12,3454,6831
2021-07-01,"San Diego, CA",760000,18.47,3531,11,3738,6962
2021-06-01,"San Diego, CA",770000,26.44,3491,12,3662,7028
2021-05-01,"San Diego, CA",760000,26.88,3370,12,3653,7010
2021-04-01,"San Diego, CA",727000,19.18,3352,12,3483,7065
2021-03-01,"San Diego, CA",700000,16.87,3268,11,3441,7173
2021-02-01,"San Diego, CA",685000,14.17,3370,11,3454,7234
2021-01-01,"San Diego, CA",655000,9.17,3556,11,3452,7446
2020-12-01,"San Diego, CA",660000,13.6,3742,12,4410,7727
2020-11-01,"San Diego, CA",660000,10,3843,12,3802,7819
2020-10-01,"San Diego, CA",660000,11.86,3715,13,4003,8119
2020-09-01,"San Diego, CA",661000,14.96,3682,14,3815,8078
2020-08-01,"San Diego, CA",653677,10.33,3529,16,3809,8254
2020-07-01,"San Diego, CA",641500,9.66,3364,21,3597,8374
2020-06-01,"San Diego, CA",609000,1.5,2778,27,3137,8485
2020-05-01,"San Diego, CA",599000,2.39,1858,26,3070,8723
2020-04-01,"San Diego, CA",610000,5.17,2041,21,2163,8117
2020-03-01,"San Diego, CA",598950,6.01,2966,21,3270,9126
2020-02-01,"San Diego, CA",600000,7.14,3042,25,3548,9377
2020-01-01,"San Diego, CA",600000,8.5,3040,27,3431,9309
2019-12-01,"San Diego, CA",581000,2.83,3121,27,3419,9400
2019-11-01,"San Diego, CA",600000,6.76,3075,26,3198,9606
2019-10-01,"San Diego, CA",590000,5.17,2983,28,3381,10048
2019-09-01,"San Diego, CA",575000,-1.03,3068,28,3305,10245
2019-08-01,"San Diego, CA",592500,1.28,3068,30,3379,10492
2019-07-01,"San Diego, CA",585000,-0.68,3085,30,3304,10779
2019-06-01,"San Diego, CA",600000,3.45,2994,29,3474,11000
2019-05-01,"San Diego, CA",585000,1.74,3018,32,3563,11246
2019-04-01,"San Diego, CA",580000,0.87,2874,36,3642,11312
2019-03-01,"San Diego, CA",565000,0.89,2949,40,3557,11303
2019-02-01,"San Diego, CA",560000,2.75,2860,41,3373,11375
2019-01-01,"San Diego, CA",553000,3.36,2642,36,3571,11530
2026-05-01,"San Francisco, CA",1774529,10.91,985,19,1058,2699
2026-04-01,"San Francisco, CA",1722500,11.13,989,20,1082,2783
2026-03-01,"San Francisco, CA",1703000,13.29,895,18,1209,2822
2026-02-01,"San Francisco, CA",1531500,2.1,944,19,1107,2768
2026-01-01,"San Francisco, CA",1400000,0.97,839,18,1076,2732
2025-12-01,"San Francisco, CA",1449000,3.5,861,19,1097,2700
2025-11-01,"San Francisco, CA",1512500,0.83,950,18,1084,2637
2025-10-01,"San Francisco, CA",1549500,-1.34,961,19,1033,2642
2025-09-01,"San Francisco, CA",1479000,-0.8,894,20,1025,2659
2025-08-01,"San Francisco, CA",1472500,0.86,854,23,1006,2688
2025-07-01,"San Francisco, CA",1505000,-0.33,822,23,971,2762
2025-06-01,"San Francisco, CA",1580000,0.32,808,23,961,2925
2025-05-01,"San Francisco, CA",1600000,2.4,826,22,1051,3079
2025-04-01,"San Francisco, CA",1550000,-0.77,826,20,1166,3098
2025-03-01,"San Francisco, CA",1503167,-3.02,907,21,1060,2978
2025-02-01,"San Francisco, CA",1500000,5.26,912,20,1111,3046
2025-01-01,"San Francisco, CA",1386500,-1.67,852,23,1116,3032
2024-12-01,"San Francisco, CA",1400000,7.69,826,22,1101,3099
2024-11-01,"San Francisco, CA",1500000,1.35,838,23,1039,3032
2024-10-01,"San Francisco, CA",1570500,3.66,804,21,1045,3006
2024-09-01,"San Francisco, CA",1491000,2.83,843,22,1061,2892
2024-08-01,"San Francisco, CA",1460000,-1.27,807,22,1038,2834
2024-07-01,"San Francisco, CA",1510000,4.14,782,21,1018,2807
2024-06-01,"San Francisco, CA",1575000,2.61,763,22,976,2776
2024-05-01,"San Francisco, CA",1562500,4.2,819,21,1087,2931
2024-04-01,"San Francisco, CA",1562000,8.74,819,21,999,2783
2024-03-01,"San Francisco, CA",1550000,8.77,776,21,1019,2759
2024-02-01,"San Francisco, CA",1425000,0.35,846,22,981,2802
2024-01-01,"San Francisco, CA",1410000,9.47,805,31,1056,2913
2023-12-01,"San Francisco, CA",1300000,-1.37,776,24,1024,3071
2023-11-01,"San Francisco, CA",1480000,5.71,699,23,966,2971
2023-10-01,"San Francisco, CA",1515000,1,691,23,982,2847
2023-09-01,"San Francisco, CA",1450000,-2.85,748,23,1051,2758
2023-08-01,"San Francisco, CA",1478750,5.62,716,23,1025,2690
2023-07-01,"San Francisco, CA",1450000,-3.33,750,24,939,2539
2023-06-01,"San Francisco, CA",1535000,-3.82,703,23,944,2588
2023-05-01,"San Francisco, CA",1499500,-7.72,716,24,939,2613
2023-04-01,"San Francisco, CA",1436500,-14.49,687,29,891,2596
2023-03-01,"San Francisco, CA",1425000,-9.81,734,30,780,2555
2023-02-01,"San Francisco, CA",1420000,-8.68,811,31,901,2836
2023-01-01,"San Francisco, CA",1288000,-10.18,846,27,990,3020
2022-12-01,"San Francisco, CA",1318000,-10.95,722,28,1076,3263
2022-11-01,"San Francisco, CA",1400000,-12.23,705,28,1062,3255
2022-10-01,"San Francisco, CA",1500000,-3.85,792,28,997,3145
2022-09-01,"San Francisco, CA",1492500,-2.29,869,28,1051,3134
2022-08-01,"San Francisco, CA",1400000,-8.05,872,25,1158,3302
2022-07-01,"San Francisco, CA",1500000,-6.25,884,23,1231,3354
2022-06-01,"San Francisco, CA",1596000,-0.25,894,19,1379,3286
2022-05-01,"San Francisco, CA",1625000,6.73,1160,19,1345,3144
2022-04-01,"San Francisco, CA",1680000,11.26,1191,17,1394,3131
2022-03-01,"San Francisco, CA",1580000,10.49,1249,16,1499,3246
2022-02-01,"San Francisco, CA",1555000,13.09,1090,15,1460,3139
2022-01-01,"San Francisco, CA",1434000,7.17,1173,15,1335,3006
2021-12-01,"San Francisco, CA",1480000,9.63,1173,14,1212,2933
2021-11-01,"San Francisco, CA",1595000,13.93,1327,14,1368,3160
2021-10-01,"San Francisco, CA",1560000,9.86,1287,15,1466,3253
2021-09-01,"San Francisco, CA",1527500,5.34,1274,15,1404,3190
2021-08-01,"San Francisco, CA",1522500,0.83,1301,15,1414,3191
2021-07-01,"San Francisco, CA",1600000,10.34,1278,17,1532,3276
2021-06-01,"San Francisco, CA",1600000,3.29,1372,18,1554,3202
2021-05-01,"San Francisco, CA",1522500,1.5,1356,19,1389,3247
2021-04-01,"San Francisco, CA",1510000,7.86,1383,19,1411,3449
2021-03-01,"San Francisco, CA",1430000,-1.38,1299,21,1404,3596
2021-02-01,"San Francisco, CA",1375000,-0.54,1199,35,1414,3721
2021-01-01,"San Francisco, CA",1338000,2.92,1258,23,1446,3841
2020-12-01,"San Francisco, CA",1350000,3.33,1282,24,1354,4138
2020-11-01,"San Francisco, CA",1400000,2.94,1179,25,1405,4273
2020-10-01,"San Francisco, CA",1420000,1.43,1104,25,1551,4332
2020-09-01,"San Francisco, CA",1450000,6.62,1118,25,1377,4145
2020-08-01,"San Francisco, CA",1510000,9.82,1026,24,1659,4077
2020-07-01,"San Francisco, CA",1450000,3.57,921,25,1571,3574
2020-06-01,"San Francisco, CA",1549000,8.02,535,30,1345,3012
2020-05-01,"San Francisco, CA",1500000,0,408,34,973,2332
2020-04-01,"San Francisco, CA",1400000,-1.75,392,19,408,1787
2020-03-01,"San Francisco, CA",1450000,3.57,840,19,676,2296
2020-02-01,"San Francisco, CA",1382500,8.69,899,19,1145,2622
2020-01-01,"San Francisco, CA",1300000,6.73,889,23,990,2587
2019-12-01,"San Francisco, CA",1306500,-2.86,928,23,1103,2699
2019-11-01,"San Francisco, CA",1360000,2.64,899,21,1037,2714
2019-10-01,"San Francisco, CA",1400000,0,881,22,1085,2736
2019-09-01,"San Francisco, CA",1360000,-3.03,827,23,1221,2582
2019-08-01,"San Francisco, CA",1375000,0,846,22,914,2224
2019-07-01,"San Francisco, CA",1400000,0,897,22,926,2292
2019-06-01,"San Francisco, CA",1434000,1.34,879,20,985,2354
2019-05-01,"San Francisco, CA",1500000,5.82,945,19,1100,2488
2019-04-01,"San Francisco, CA",1425000,-0.28,949,21,1036,2479
2019-03-01,"San Francisco, CA",1400000,0,921,23,977,2571
2019-02-01,"San Francisco, CA",1272000,-7.83,932,23,972,2721
2019-01-01,"San Francisco, CA",1218000,-6.31,858,23,1113,2764
2026-05-01,"San Jose, CA",1605052,-5.59,1046,19,1188,3451
2026-04-01,"San Jose, CA",1650000,-2.94,1002,19,1336,3591
2026-03-01,"San Jose, CA",1635000,-0.3,1081,16,1472,3414
2026-02-01,"San Jose, CA",1560000,-1.27,1163,16,1347,3170
2026-01-01,"San Jose, CA",1400000,-5.41,1000,17,1463,3061
2025-12-01,"San Jose, CA",1420500,-4.47,966,16,1219,2783
2025-11-01,"San Jose, CA",1592000,3.98,1010,16,1172,2632
2025-10-01,"San Jose, CA",1589900,-2.85,1004,16,1165,2629
2025-09-01,"San Jose, CA",1600000,6.67,998,17,1208,2673
2025-08-01,"San Jose, CA",1526000,-0.13,992,18,1108,2666
2025-07-01,"San Jose, CA",1600000,2.24,929,19,1022,2753
2025-06-01,"San Jose, CA",1680000,4.22,980,19,1114,2993
2025-05-01,"San Jose, CA",1700000,3.03,832,18,1111,3134
2025-04-01,"San Jose, CA",1700000,3.03,1011,18,1203,3303
2025-03-01,"San Jose, CA",1640000,1.55,1096,16,1306,3356
2025-02-01,"San Jose, CA",1580000,11.7,1096,14,1371,3238
2025-01-01,"San Jose, CA",1480000,7.44,1060,17,1289,3079
2024-12-01,"San Jose, CA",1487000,6.21,1135,19,1243,2925
2024-11-01,"San Jose, CA",1531000,9.36,1136,18,1230,2871
2024-10-01,"San Jose, CA",1636500,8.74,1041,15,1252,2891
2024-09-01,"San Jose, CA",1500000,1.01,1035,16,1307,2870
2024-08-01,"San Jose, CA",1528000,3.24,1040,16,1213,2683
2024-07-01,"San Jose, CA",1565000,5.78,1076,15,1134,2695
2024-06-01,"San Jose, CA",1612000,7.47,1052,14,1278,2798
2024-05-01,"San Jose, CA",1650000,11.3,1105,14,1363,2826
2024-04-01,"San Jose, CA",1650000,12.24,1009,14,1283,2674
2024-03-01,"San Jose, CA",1615000,16.19,1004,15,1150,2543
2024-02-01,"San Jose, CA",1414500,13.16,1032,15,1057,2590
2024-01-01,"San Jose, CA",1377500,5.76,1041,17,1101,2628
2023-12-01,"San Jose, CA",1400000,10.67,947,14,1258,2660
2023-11-01,"San Jose, CA",1400000,4.09,889,14,1247,2477
2023-10-01,"San Jose, CA",1505000,11.48,936,13,1157,2168
2023-09-01,"San Jose, CA",1485000,9.63,899,11,1114,2081
2023-08-01,"San Jose, CA",1480000,6.44,959,11,1133,1947
2023-07-01,"San Jose, CA",1479500,5.68,923,13,987,1812
2023-06-01,"San Jose, CA",1500000,0,884,14,914,1876
2023-05-01,"San Jose, CA",1482500,-5.03,923,16,894,2070
2023-04-01,"San Jose, CA",1470000,-8.13,772,15,818,2211
2023-03-01,"San Jose, CA",1390000,-10.9,879,20,818,2312
2023-02-01,"San Jose, CA",1250000,-13.1,967,24,921,2593
2023-01-01,"San Jose, CA",1302500,-4.19,990,23,1021,2775
2022-12-01,"San Jose, CA",1265000,-7.33,904,23,1206,2948
2022-11-01,"San Jose, CA",1345000,-2.54,856,22,1170,2746
2022-10-01,"San Jose, CA",1350000,-1.82,1016,24,1102,2660
2022-09-01,"San Jose, CA",1354500,1.84,1172,25,1091,2865
2022-08-01,"San Jose, CA",1390500,3,1036,24,1173,3152
2022-07-01,"San Jose, CA",1400000,2.56,992,21,1358,3229
2022-06-01,"San Jose, CA",1500000,7.14,1112,15,1441,3154
2022-05-01,"San Jose, CA",1561000,14.48,1294,12,1550,2983
2022-04-01,"San Jose, CA",1600000,18.52,1509,12,1611,2912
2022-03-01,"San Jose, CA",1560000,17.74,1519,11,1675,2971
2022-02-01,"San Jose, CA",1438500,19.88,1349,9,1633,2877
2022-01-01,"San Jose, CA",1359500,12.36,1434,7,1530,2769
2021-12-01,"San Jose, CA",1365000,14.35,1430,9,1460,2555
2021-11-01,"San Jose, CA",1380000,15.1,1667,11,1506,2657
2021-10-01,"San Jose, CA",1375000,10.8,1676,11,1629,2872
2021-09-01,"San Jose, CA",1330000,11.3,1649,11,1617,3036
2021-08-01,"San Jose, CA",1350000,10.54,1657,11,1700,3104
2021-07-01,"San Jose, CA",1365000,14.71,1736,10,1850,3173
2021-06-01,"San Jose, CA",1400000,19.89,1790,12,1823,3222
2021-05-01,"San Jose, CA",1363500,14.1,1702,15,1693,3307
2021-04-01,"San Jose, CA",1350000,12.5,1773,16,1723,3559
2021-03-01,"San Jose, CA",1325000,10.42,1535,17,1677,3645
2021-02-01,"San Jose, CA",1200000,6.67,1480,19,1661,3664
2021-01-01,"San Jose, CA",1210000,23.34,1544,17,1689,3703
2020-12-01,"San Jose, CA",1193750,13.29,1473,16,1705,3670
2020-11-01,"San Jose, CA",1199000,11.25,1585,17,1620,3640
2020-10-01,"San Jose, CA",1241000,15.44,1504,18,1937,3776
2020-09-01,"San Jose, CA",1195000,12.74,1418,19,1573,3536
2020-08-01,"San Jose, CA",1221250,16.31,1332,20,1604,3412
2020-07-01,"San Jose, CA",1190000,5.78,1317,27,1457,3288
2020-06-01,"San Jose, CA",1167750,-0.49,905,31,1230,3205
2020-05-01,"San Jose, CA",1195000,1.27,467,34,1000,2855
2020-04-01,"San Jose, CA",1200000,4.35,584,17,544,2451
2020-03-01,"San Jose, CA",1200000,8.11,1015,16,1027,2767
2020-02-01,"San Jose, CA",1125000,7.24,1195,16,1357,3086
2020-01-01,"San Jose, CA",981000,-4.2,1141,31,1267,3044
2019-12-01,"San Jose, CA",1053750,2.86,1228,31,1237,3177
2019-11-01,"San Jose, CA",1077750,-1.35,1196,32,1215,3359
2019-10-01,"San Jose, CA",1075000,-6.52,1146,34,1270,3602
2019-09-01,"San Jose, CA",1060000,-3.64,1114,33,1294,3662
2019-08-01,"San Jose, CA",1050000,-11.02,1173,34,1282,3651
2019-07-01,"San Jose, CA",1125000,-2.39,1184,30,1180,3846
2019-06-01,"San Jose, CA",1173500,-5.15,1125,31,1350,4045
2019-05-01,"San Jose, CA",1180000,-5.6,1202,29,1631,4089
2019-04-01,"San Jose, CA",1150000,-5.54,1117,31,1482,3898
2019-03-01,"San Jose, CA",1110000,-11.97,1188,30,1344,3728
2019-02-01,"San Jose, CA",1049000,-11.1,1168,32,1418,3707
2019-01-01,"San Jose, CA",1024000,1.39,1106,32,1358,3572
2026-05-01,"Seattle, WA",842403,-0.89,2771,21,3513,11055
2026-04-01,"Seattle, WA",825000,-3.06,2646,21,3625,10942
2026-03-01,"Seattle, WA",831000,0.12,2763,18,3572,10511
2026-02-01,"Seattle, WA",800000,0,2802,18,3794,10319
2026-01-01,"Seattle, WA",762250,-1.65,2695,21,3670,9818
2025-12-01,"Seattle, WA",790000,0.07,2833,21,3300,9686
2025-11-01,"Seattle, WA",784000,-3.78,2727,20,3328,9739
2025-10-01,"Seattle, WA",839750,-0.04,2772,20,3427,9725
2025-09-01,"Seattle, WA",830000,0.61,2721,21,3450,9813
2025-08-01,"Seattle, WA",841695,1.78,2742,22,3266,9562
2025-07-01,"Seattle, WA",839950,-1.18,2736,21,3278,9779
2025-06-01,"Seattle, WA",870000,2.35,2838,17,3486,9951
2025-05-01,"Seattle, WA",850000,-1.16,2721,14,3687,9857
2025-04-01,"Seattle, WA",851000,0.12,2877,12,3590,9172
2025-03-01,"Seattle, WA",830000,0.48,2979,12,3505,9016
2025-02-01,"Seattle, WA",800000,0.25,3042,9,3503,8961
2025-01-01,"Seattle, WA",775000,4.03,2947,15,3705,8867
2024-12-01,"Seattle, WA",789475,5.26,2900,14,3569,8517
2024-11-01,"Seattle, WA",814758,5.13,3039,14,3335,8341
2024-10-01,"Seattle, WA",840121,9.11,3019,12,3503,8356
2024-09-01,"Seattle, WA",825000,7.14,2738,13,3505,8119
2024-08-01,"Seattle, WA",827000,4.95,2798,12,3361,7690
2024-07-01,"Seattle, WA",850000,8.97,2811,10,3277,7509
2024-06-01,"Seattle, WA",850000,6.25,2782,11,3337,7475
2024-05-01,"Seattle, WA",860000,7.5,2913,11,3382,7287
2024-04-01,"Seattle, WA",850000,9.68,2891,12,3292,7279
2024-03-01,"Seattle, WA",826000,11.62,2861,10,3244,7277
2024-02-01,"Seattle, WA",798000,12.39,2809,10,3228,7252
2024-01-01,"Seattle, WA",745000,3.48,2772,14,3076,7308
2023-12-01,"Seattle, WA",750000,5.63,2458,14,3053,7366
2023-11-01,"Seattle, WA",775000,5.08,2432,11,3076,6880
2023-10-01,"Seattle, WA",770000,0.39,2460,11,3005,6295
2023-09-01,"Seattle, WA",769990,0.65,2618,9,3015,5934
2023-08-01,"Seattle, WA",788000,1.16,2651,8,3020,5679
2023-07-01,"Seattle, WA",780000,-1.89,2728,10,2981,5619
2023-06-01,"Seattle, WA",800000,-3.03,2663,11,2882,5663
2023-05-01,"Seattle, WA",800000,-6.21,2632,11,2745,5958
2023-04-01,"Seattle, WA",775000,-8.82,2677,12,2737,6530
2023-03-01,"Seattle, WA",740000,-10.3,2749,17,2839,6956
2023-02-01,"Seattle, WA",710000,-5.46,2984,24,2847,7575
2023-01-01,"Seattle, WA",719950,-0.01,2648,21,2920,8222
2022-12-01,"Seattle, WA",710000,-2.74,2591,18,2903,8493
2022-11-01,"Seattle, WA",737551,2.44,2721,18,3215,8505
2022-10-01,"Seattle, WA",767000,5.66,2942,17,3381,8371
2022-09-01,"Seattle, WA",765000,7,3289,18,3414,8444
2022-08-01,"Seattle, WA",779000,6.71,3188,15,3700,8965
2022-07-01,"Seattle, WA",795000,6,3189,11,4148,9150
2022-06-01,"Seattle, WA",825000,11.31,3641,10,4395,8604
2022-05-01,"Seattle, WA",853000,15.27,4113,9,4526,8169
2022-04-01,"Seattle, WA",850000,18.06,4299,9,4539,7996
2022-03-01,"Seattle, WA",825000,17.86,4307,8,4600,7944
2022-02-01,"Seattle, WA",751000,14.66,3769,5,4701,7563
2022-01-01,"Seattle, WA",720000,15.02,4069,4,4340,6865
2021-12-01,"Seattle, WA",730001,16.8,4346,4,4898,6578
2021-11-01,"Seattle, WA",720000,14.29,4907,5,5089,6662
2021-10-01,"Seattle, WA",725894,14.31,4790,5,4669,6779
2021-09-01,"Seattle, WA",714978,11.72,4867,6,4718,7088
2021-08-01,"Seattle, WA",730000,15.87,4707,7,4799,7394
2021-07-01,"Seattle, WA",750000,20.83,4879,8,4843,7290
2021-06-01,"Seattle, WA",741200,20.53,4822,9,4806,7601
2021-05-01,"Seattle, WA",740000,26.93,4730,9,4684,7913
2021-04-01,"Seattle, WA",720000,20,4604,9,4760,8677
2021-03-01,"Seattle, WA",700000,18.14,4478,8,4829,8794
2021-02-01,"Seattle, WA",655000,13.91,4450,6,4612,8791
2021-01-01,"Seattle, WA",626000,13.82,5027,5,5119,8920
2020-12-01,"Seattle, WA",625000,9.65,4903,5,5824,9065
2020-11-01,"Seattle, WA",630000,13.51,5028,6,5400,9006
2020-10-01,"Seattle, WA",635000,13.39,5206,7,5309,9262
2020-09-01,"Seattle, WA",639950,18.51,4826,7,5167,9253
2020-08-01,"Seattle, WA",630000,12.51,4524,8,5321,9516
2020-07-01,"Seattle, WA",620720,10.7,4101,10,4833,9016
2020-06-01,"Seattle, WA",614950,6.03,3520,13,4000,8641
2020-05-01,"Seattle, WA",583000,-1.19,2728,13,3751,8529
2020-04-01,"Seattle, WA",600000,5.26,2836,9,2848,8359
2020-03-01,"Seattle, WA",592500,5.8,3979,9,4487,9639
2020-02-01,"Seattle, WA",575000,5.5,4112,13,4540,9618
2020-01-01,"Seattle, WA",550000,5.77,3983,19,4340,9534
2019-12-01,"Seattle, WA",570000,5.95,4240,19,4240,9644
2019-11-01,"Seattle, WA",555000,0.91,3982,17,4018,9843
2019-10-01,"Seattle, WA",560000,1.82,3701,18,3978,10024
2019-09-01,"Seattle, WA",540000,-0.92,3690,20,4085,10251
2019-08-01,"Seattle, WA",559950,1.81,3917,20,3862,10219
2019-07-01,"Seattle, WA",560733,-2.48,3902,18,3915,10971
2019-06-01,"Seattle, WA",580000,-0.51,4096,16,4361,11551
2019-05-01,"Seattle, WA",590000,0.85,4035,14,4729,11907
2019-04-01,"Seattle, WA",570000,-1.71,3912,17,4760,11632
2019-03-01,"Seattle, WA",560000,0.09,3640,24,4421,11470
2019-02-01,"Seattle, WA",545000,2.83,4039,28,4048,10977
2019-01-01,"Seattle, WA",520000,1.17,3706,26,4182,11460
2026-05-01,"St. Louis, MO",304063,6.69,2914,27,3827,10893
2026-04-01,"St. Louis, MO",282800,3.78,2955,26,3783,10652
2026-03-01,"St. Louis, MO",280000,5.66,2913,27,3632,10433
2026-02-01,"St. Louis, MO",269000,7.6,2985,26,3587,10276
2026-01-01,"St. Louis, MO",255000,-0.78,2989,26,3557,10090
2025-12-01,"St. Louis, MO",275000,7.84,2968,26,3365,9990
2025-11-01,"St. Louis, MO",284250,8.49,2971,27,3450,10046
2025-10-01,"St. Louis, MO",288500,4.91,2989,28,3487,9967
2025-09-01,"St. Louis, MO",285000,7.55,2952,28,3368,9773
2025-08-01,"St. Louis, MO",285000,5.95,2943,29,3340,9703
2025-07-01,"St. Louis, MO",295000,6.88,2929,28,3274,9600
2025-06-01,"St. Louis, MO",292500,-0.85,2908,34,3291,9603
2025-05-01,"St. Louis, MO",285000,6.59,3005,28,4664,10744
2025-04-01,"St. Louis, MO",272500,6.86,2932,27,3321,9465
2025-03-01,"St. Louis, MO",265000,8.16,2985,25,3379,9434
2025-02-01,"St. Louis, MO",250000,6.38,2963,25,3362,9311
2025-01-01,"St. Louis, MO",257000,12.72,2917,24,3264,9147
2024-12-01,"St. Louis, MO",255000,8.51,3003,26,3399,9173
2024-11-01,"St. Louis, MO",262000,11.49,2953,24,3246,8922
2024-10-01,"St. Louis, MO",275000,12.24,2952,25,3168,8783
2024-09-01,"St. Louis, MO",265000,3.92,2943,26,3236,8676
2024-08-01,"St. Louis, MO",269000,3.46,2907,25,3061,8490
2024-07-01,"St. Louis, MO",276000,4.15,2996,25,3014,8466
2024-06-01,"St. Louis, MO",295000,8.46,2871,26,3165,8539
2024-05-01,"St. Louis, MO",267375,5.89,2944,24,3159,8418
2024-04-01,"St. Louis, MO",255000,1.19,2996,23,3090,8436
2024-03-01,"St. Louis, MO",245000,3.48,3020,22,3203,8443
2024-02-01,"St. Louis, MO",235000,4.44,2983,23,3216,8453
2024-01-01,"St. Louis, MO",228000,4.59,3018,23,3117,8386
2023-12-01,"St. Louis, MO",235000,1.29,2952,22,3275,8356
2023-11-01,"St. Louis, MO",235000,0,3020,21,3241,8203
2023-10-01,"St. Louis, MO",245000,3.27,2962,19,3161,8033
2023-09-01,"St. Louis, MO",255000,5.37,2960,18,3210,7965
2023-08-01,"St. Louis, MO",260000,4,3011,17,3273,7762
2023-07-01,"St. Louis, MO",265000,5.16,2931,19,3163,7557
2023-06-01,"St. Louis, MO",272000,2.64,3015,20,2882,7384
2023-05-01,"St. Louis, MO",252500,1,2931,21,2927,7552
2023-04-01,"St. Louis, MO",252000,7.23,2949,22,2921,7764
2023-03-01,"St. Louis, MO",236750,5.22,3000,25,3004,7968
2023-02-01,"St. Louis, MO",225000,4.41,3102,23,3147,8182
2023-01-01,"St. Louis, MO",218000,0.23,3062,24,3221,8357
2022-12-01,"St. Louis, MO",232000,3.11,3043,22,3146,8221
2022-11-01,"St. Louis, MO",235000,4.44,3114,22,3219,8128
2022-10-01,"St. Louis, MO",237250,7.84,3216,20,3196,8018
2022-09-01,"St. Louis, MO",242000,5.22,3326,22,3149,8041
2022-08-01,"St. Louis, MO",250000,8.7,3325,20,3234,8279
2022-07-01,"St. Louis, MO",252000,7.23,3404,16,3441,8468
2022-06-01,"St. Louis, MO",265000,10.82,3535,14,3644,8463
2022-05-01,"St. Louis, MO",250000,8.7,3565,13,3671,8344
2022-04-01,"St. Louis, MO",235000,9.3,3689,15,3579,8238
2022-03-01,"St. Louis, MO",225000,5.26,3643,17,3467,8172
2022-02-01,"St. Louis, MO",215500,7.75,3709,18,3493,8225
2022-01-01,"St. Louis, MO",217500,8.75,3855,19,3623,8512
2021-12-01,"St. Louis, MO",225000,8.43,3923,20,3630,8585
2021-11-01,"St. Louis, MO",225000,8.17,3994,21,3727,8784
2021-10-01,"St. Louis, MO",220000,4.76,3962,22,3750,8970
2021-09-01,"St. Louis, MO",230000,6.98,4029,20,3665,9109
2021-08-01,"St. Louis, MO",230000,6.15,4051,19,3974,9318
2021-07-01,"St. Louis, MO",235000,9.3,4036,18,4059,9277
2021-06-01,"St. Louis, MO",239125,13.87,4136,17,3967,9129
2021-05-01,"St. Louis, MO",230000,15,4027,21,3811,9159
2021-04-01,"St. Louis, MO",215000,7.55,4002,23,3937,9352
2021-03-01,"St. Louis, MO",213750,12.8,4048,25,3823,9450
2021-02-01,"St. Louis, MO",200000,17.65,4015,24,3572,9445
2021-01-01,"St. Louis, MO",200000,12.68,4102,25,3879,10146
2020-12-01,"St. Louis, MO",207500,11.02,4039,27,3947,10152
2020-11-01,"St. Louis, MO",208000,14.29,4090,26,3905,10201
2020-10-01,"St. Louis, MO",210000,13.51,4093,29,4045,10479
2020-09-01,"St. Louis, MO",215000,16.88,4013,33,4136,10637
2020-08-01,"St. Louis, MO",216675,11.12,3968,38,3810,10668
2020-07-01,"St. Louis, MO",215000,13.16,3917,43,3791,10849
2020-06-01,"St. Louis, MO",210000,3.45,3692,48,3651,11031
2020-05-01,"St. Louis, MO",200000,3.09,3048,46,3458,11090
2020-04-01,"St. Louis, MO",199900,11.12,3192,42,2711,11098
2020-03-01,"St. Louis, MO",189500,8.07,3705,38,3766,12390
2020-02-01,"St. Louis, MO",170000,3.66,3660,39,3930,12699
2020-01-01,"St. Louis, MO",177500,3.45,3486,39,3813,12806
2019-12-01,"St. Louis, MO",186900,7.11,3638,38,3760,12799
2019-11-01,"St. Louis, MO",182000,4,3469,40,3705,12831
2019-10-01,"St. Louis, MO",185000,7.25,3451,39,3670,12795
2019-09-01,"St. Louis, MO",183950,6.36,3467,39,3845,12850
2019-08-01,"St. Louis, MO",195000,7.14,3493,43,3717,12682
2019-07-01,"St. Louis, MO",190000,3.71,3499,44,3676,12734
2019-06-01,"St. Louis, MO",203000,9.73,3552,43,3772,12969
2019-05-01,"St. Louis, MO",194000,4.72,3562,43,4039,13231
2019-04-01,"St. Louis, MO",179900,2.22,3516,41,4063,13241
2019-03-01,"St. Louis, MO",175350,5.06,3483,43,3866,13059
2019-02-01,"St. Louis, MO",164000,-0.61,3547,48,3813,12898
2019-01-01,"St. Louis, MO",171575,9.98,3506,51,3832,14482
2026-05-01,"Stockton, CA",546809,-0.85,427,45,599,2170
2026-04-01,"Stockton, CA",535450,-1.75,488,37,609,2138
2026-03-01,"Stockton, CA",550000,0,442,45,638,2132
2026-02-01,"Stockton, CA",505000,-3.81,478,41,615,2132
2026-01-01,"Stockton, CA",520000,0.97,421,36,616,2060
2025-12-01,"Stockton, CA",522500,-2.06,444,38,642,2062
2025-11-01,"Stockton, CA",538450,2.76,512,43,592,2014
2025-10-01,"Stockton, CA",537500,-1.38,449,49,563,2034
2025-09-01,"Stockton, CA",550000,-4.01,436,43,589,2104
2025-08-01,"Stockton, CA",535000,-0.93,418,49,511,2134
2025-07-01,"Stockton, CA",525000,-7.89,416,48,571,2221
2025-06-01,"Stockton, CA",560000,3.56,438,43,571,2253
2025-05-01,"Stockton, CA",551500,0.27,449,36,658,2305
2025-04-01,"Stockton, CA",545000,-0.73,449,36,668,2273
2025-03-01,"Stockton, CA",550000,2.8,454,31,668,2228
2025-02-01,"Stockton, CA",525000,0,527,32,708,2143
2025-01-01,"Stockton, CA",515000,0,504,34,706,2074
2024-12-01,"Stockton, CA",533500,1.62,481,31,635,1946
2024-11-01,"Stockton, CA",524000,-1.13,457,26,657,1881
2024-10-01,"Stockton, CA",545000,0,448,27,632,1825
2024-09-01,"Stockton, CA",573000,6.11,444,28,624,1752
2024-08-01,"Stockton, CA",540000,1.73,471,29,609,1658
2024-07-01,"Stockton, CA",570000,7.55,426,26,546,1625
2024-06-01,"Stockton, CA",540750,5,450,23,611,1645
2024-05-01,"Stockton, CA",550000,4.76,426,17,597,1563
2024-04-01,"Stockton, CA",549000,7.44,471,20,536,1454
2024-03-01,"Stockton, CA",535000,2.88,480,20,555,1449
2024-02-01,"Stockton, CA",525000,4.07,499,22,539,1431
2024-01-01,"Stockton, CA",515000,2.49,493,24,569,1429
2023-12-01,"Stockton, CA",525000,5,411,21,606,1428
2023-11-01,"Stockton, CA",530000,3.11,399,19,596,1364
2023-10-01,"Stockton, CA",545000,7.92,398,18,527,1224
2023-09-01,"Stockton, CA",540000,3.05,437,16,508,1196
2023-08-01,"Stockton, CA",530831,-0.78,390,17,490,1193
2023-07-01,"Stockton, CA",530000,-0.93,480,16,502,1155
2023-06-01,"Stockton, CA",515000,-7.86,407,18,468,1184
2023-05-01,"Stockton, CA",525000,-9.22,512,23,448,1227
2023-04-01,"Stockton, CA",511000,-9.35,450,33,509,1340
2023-03-01,"Stockton, CA",520000,-6.32,483,38,410,1363
2023-02-01,"Stockton, CA",504450,-3.18,524,43,511,1557
2023-01-01,"Stockton, CA",502500,-1.47,446,38,526,1683
2022-12-01,"Stockton, CA",500000,-2.91,409,34,556,1792
2022-11-01,"Stockton, CA",514035,0.79,425,36,592,1834
2022-10-01,"Stockton, CA",505000,1,441,36,573,1826
2022-09-01,"Stockton, CA",524000,0.77,540,35,556,1864
2022-08-01,"Stockton, CA",535000,5.73,528,27,662,1992
2022-07-01,"Stockton, CA",535000,5.78,489,22,729,1978
2022-06-01,"Stockton, CA",558950,9.38,585,16,815,1859
2022-05-01,"Stockton, CA",578332,16.68,631,13,840,1745
2022-04-01,"Stockton, CA",563707,15.04,674,10,798,1589
2022-03-01,"Stockton, CA",555084,21.46,694,9,820,1536
2022-02-01,"Stockton, CA",521000,19.77,668,7,778,1401
2022-01-01,"Stockton, CA",510000,17.24,742,12,741,1338
2021-12-01,"Stockton, CA",515000,19.77,719,13,740,1366
2021-11-01,"Stockton, CA",510000,17.24,782,13,711,1498
2021-10-01,"Stockton, CA",500000,17.65,785,12,822,1668
2021-09-01,"Stockton, CA",520000,21.92,807,13,858,1664
2021-08-01,"Stockton, CA",506000,20.48,681,10,873,1673
2021-07-01,"Stockton, CA",505750,23.35,698,11,896,1585
2021-06-01,"Stockton, CA",511000,23.13,699,10,842,1465
2021-05-01,"Stockton, CA",495645,21.78,703,11,744,1341
2021-04-01,"Stockton, CA",490000,24.05,665,9,743,1360
2021-03-01,"Stockton, CA",457000,18.7,590,7,723,1326
2021-02-01,"Stockton, CA",435000,12.99,621,6,723,1232
2021-01-01,"Stockton, CA",435000,12.99,705,6,719,1197
2020-12-01,"Stockton, CA",430000,11.69,736,8,770,1191
2020-11-01,"Stockton, CA",435000,14.47,785,8,751,1249
2020-10-01,"Stockton, CA",425000,13.33,754,9,807,1357
2020-09-01,"Stockton, CA",426500,13.13,703,11,785,1365
2020-08-01,"Stockton, CA",420000,9.52,711,14,655,1357
2020-07-01,"Stockton, CA",410000,9.33,711,21,617,1480
2020-06-01,"Stockton, CA",415000,9.21,512,31,620,1684
2020-05-01,"Stockton, CA",407000,10,393,36,558,1792
2020-04-01,"Stockton, CA",395000,5.33,459,18,431,1707
2020-03-01,"Stockton, CA",385000,9.38,592,23,702,1912
2020-02-01,"Stockton, CA",385000,4.05,634,27,721,1920
2020-01-01,"Stockton, CA",385000,4.19,633,29,708,1978
2019-12-01,"Stockton, CA",385000,7.88,644,29,711,2083
2019-11-01,"Stockton, CA",380000,8.25,652,31,749,2127
2019-10-01,"Stockton, CA",375000,4.17,689,29,742,2130
2019-09-01,"Stockton, CA",377000,5.9,664,30,775,2160
2019-08-01,"Stockton, CA",383500,3.51,669,32,724,2110
2019-07-01,"Stockton, CA",375000,3.02,673,29,726,2256
2019-06-01,"Stockton, CA",380000,1.6,663,28,798,2312
2019-05-01,"Stockton, CA",370000,2.78,674,26,837,2324
2019-04-01,"Stockton, CA",375000,1.35,611,31,839,2298
2019-03-01,"Stockton, CA",352000,-3.56,606,33,793,2265
2019-02-01,"Stockton, CA",370000,4.23,606,39,731,2287
2019-01-01,"Stockton, CA",369500,8.68,566,33,733,2325
2026-05-01,"Tacoma, WA",583202,-0.65,928,28,1146,3599
2026-04-01,"Tacoma, WA",599990,6.19,903,29,1207,3527
2026-03-01,"Tacoma, WA",560000,-1.06,903,19,1109,3362
2026-02-01,"Tacoma, WA",590000,7.27,910,34,1134,3333
2026-01-01,"Tacoma, WA",550000,-2.65,890,29,1121,3247
2025-12-01,"Tacoma, WA",556500,1.18,894,24,1015,3235
2025-11-01,"Tacoma, WA",575000,1.77,885,26,1025,3284
2025-10-01,"Tacoma, WA",565950,-1.57,862,25,1059,3292
2025-09-01,"Tacoma, WA",565000,0,883,24,1084,3266
2025-08-01,"Tacoma, WA",585000,1.74,919,25,1054,3211
2025-07-01,"Tacoma, WA",580000,1.75,871,25,1037,3194
2025-06-01,"Tacoma, WA",580000,2.65,875,24,1065,3210
2025-05-01,"Tacoma, WA",587000,4.82,901,19,1101,3123
2025-04-01,"Tacoma, WA",565000,0.71,887,20,1090,2993
2025-03-01,"Tacoma, WA",566000,2.91,919,19,1066,2936
2025-02-01,"Tacoma, WA",550000,1.26,904,17,1027,2961
2025-01-01,"Tacoma, WA",565000,6.15,910,18,1140,2947
2024-12-01,"Tacoma, WA",550000,2.8,885,20,1067,2896
2024-11-01,"Tacoma, WA",565000,4.44,909,20,1060,2842
2024-10-01,"Tacoma, WA",575000,8.49,909,20,1091,2849
2024-09-01,"Tacoma, WA",565000,4.63,885,20,1025,2767
2024-08-01,"Tacoma, WA",575000,4.83,853,20,1020,2713
2024-07-01,"Tacoma, WA",570000,5.36,875,18,994,2686
2024-06-01,"Tacoma, WA",565000,3.67,872,18,999,2675
2024-05-01,"Tacoma, WA",560000,3.42,880,16,1025,2696
2024-04-01,"Tacoma, WA",561000,6.86,893,13,1033,2676
2024-03-01,"Tacoma, WA",550000,3.78,854,13,993,2599
2024-02-01,"Tacoma, WA",543180,3.66,898,16,1001,2522
2024-01-01,"Tacoma, WA",532250,1.38,887,17,934,2536
2023-12-01,"Tacoma, WA",535000,5.94,712,16,991,2547
2023-11-01,"Tacoma, WA",541000,2.98,709,15,1027,2335
2023-10-01,"Tacoma, WA",530000,0.19,760,15,868,2064
2023-09-01,"Tacoma, WA",540000,-1.23,763,12,916,2035
2023-08-01,"Tacoma, WA",548500,-0.27,805,12,925,1896
2023-07-01,"Tacoma, WA",541000,-5.91,841,13,931,1927
2023-06-01,"Tacoma, WA",545000,-5.22,834,11,913,1986
2023-05-01,"Tacoma, WA",541500,-7.43,847,14,912,2037
2023-04-01,"Tacoma, WA",525000,-8.74,875,17,828,2206
2023-03-01,"Tacoma, WA",529975,-5.36,945,23,928,2462
2023-02-01,"Tacoma, WA",524000,-2.06,977,33,978,2727
2023-01-01,"Tacoma, WA",525000,0,938,27,991,2934
2022-12-01,"Tacoma, WA",505000,-2.88,812,25,917,2968
2022-11-01,"Tacoma, WA",525358,3.01,1002,20,998,2953
2022-10-01,"Tacoma, WA",529000,2.38,1053,18,1104,2986
2022-09-01,"Tacoma, WA",546750,8.17,1112,22,1184,3102
2022-08-01,"Tacoma, WA",550000,6.8,1124,17,1203,3174
2022-07-01,"Tacoma, WA",575000,12.75,1135,12,1352,3182
2022-06-01,"Tacoma, WA",575000,12.75,1221,11,1463,3043
2022-05-01,"Tacoma, WA",584975,15.84,1312,10,1404,2806
2022-04-01,"Tacoma, WA",575275,15.87,1345,9,1467,2715
2022-03-01,"Tacoma, WA",560000,17.89,1327,6,1507,2657
2022-02-01,"Tacoma, WA",535000,16.3,1319,4,1599,2526
2022-01-01,"Tacoma, WA",525000,19.32,1414,5,1381,2272
2021-12-01,"Tacoma, WA",520000,19.54,1450,6,1603,2295
2021-11-01,"Tacoma, WA",510000,15.91,1509,6,1639,2439
2021-10-01,"Tacoma, WA",516700,21.15,1489,6,1664,2489
2021-09-01,"Tacoma, WA",505451,16.2,1511,7,1622,2452
2021-08-01,"Tacoma, WA",515000,19.98,1492,7,1555,2441
2021-07-01,"Tacoma, WA",510000,19.92,1516,8,1538,2366
2021-06-01,"Tacoma, WA",510000,24.39,1545,8,1436,2388
2021-05-01,"Tacoma, WA",505000,27.53,1490,9,1364,2449
2021-04-01,"Tacoma, WA",496500,24.84,1526,9,1494,2600
2021-03-01,"Tacoma, WA",475000,17.28,1489,6,1517,2672
2021-02-01,"Tacoma, WA",460000,15.01,1488,4,1522,2553
2021-01-01,"Tacoma, WA",440000,15.79,1487,4,1555,2483
2020-12-01,"Tacoma, WA",435000,16,1474,4,1729,2455
2020-11-01,"Tacoma, WA",440000,17.33,1472,5,1625,2480
2020-10-01,"Tacoma, WA",426500,15.9,1420,5,1664,2475
2020-09-01,"Tacoma, WA",435000,15.69,1355,6,1507,2384
2020-08-01,"Tacoma, WA",429225,14.46,1332,7,1555,2575
2020-07-01,"Tacoma, WA",425275,13.41,1252,8,1439,2631
2020-06-01,"Tacoma, WA",410000,9.33,1178,13,1111,2578
2020-05-01,"Tacoma, WA",396000,7.11,1121,12,1066,2769
2020-04-01,"Tacoma, WA",397700,11.56,1078,9,1022,2900
2020-03-01,"Tacoma, WA",405000,10.99,1357,7,1469,3207
2020-02-01,"Tacoma, WA",399950,11.72,1338,9,1416,2926
2020-01-01,"Tacoma, WA",380000,12.26,1321,13,1351,2923
2019-12-01,"Tacoma, WA",375000,10.29,1327,13,1388,2927
2019-11-01,"Tacoma, WA",374998,8.69,1277,15,1280,2971
2019-10-01,"Tacoma, WA",368000,9.05,1279,14,1317,3029
2019-09-01,"Tacoma, WA",376000,7.44,1292,14,1367,3187
2019-08-01,"Tacoma, WA",375000,7.14,1283,15,1359,3235
2019-07-01,"Tacoma, WA",375000,6.53,1309,14,1348,3315
2019-06-01,"Tacoma, WA",375000,7.16,1336,12,1406,3556
2019-05-01,"Tacoma, WA",369725,5.07,1313,13,1524,3629
2019-04-01,"Tacoma, WA",356500,4.88,1337,14,1436,3520
2019-03-01,"Tacoma, WA",364900,5.16,1328,20,1363,3537
2019-02-01,"Tacoma, WA",358000,8.48,1345,21,1272,3610
2019-01-01,"Tacoma, WA",338494,9.29,1299,20,1508,3770
2026-05-01,"Tampa, FL",385561,1.71,4509,49,5881,23783
2026-04-01,"Tampa, FL",379000,2.16,4265,49,5810,24116
2026-03-01,"Tampa, FL",375000,1.35,4441,49,5689,24352
2026-02-01,"Tampa, FL",381500,3.11,4199,51,5873,24603
2026-01-01,"Tampa, FL",372250,3.12,4123,51,5857,24746
2025-12-01,"Tampa, FL",385000,1.32,4351,55,5763,24868
2025-11-01,"Tampa, FL",370000,-2.37,4181,57,5786,25098
2025-10-01,"Tampa, FL",370000,-1.33,4258,57,5848,25458
2025-09-01,"Tampa, FL",369900,-0.4,4249,56,5926,25794
2025-08-01,"Tampa, FL",376000,0.27,4384,54,5949,26154
2025-07-01,"Tampa, FL",375000,-1.32,4376,47,5959,26600
2025-06-01,"Tampa, FL",380000,-2.56,4437,46,6034,27053
2025-05-01,"Tampa, FL",379072,-1.51,4369,44,6225,27262
2025-04-01,"Tampa, FL",371000,-1.07,4460,43,6406,27063
2025-03-01,"Tampa, FL",370000,0,4606,45,6502,26578
2025-02-01,"Tampa, FL",370000,-0.38,4592,47,6377,25838
2025-01-01,"Tampa, FL",360990,-2.44,4517,45,6531,25077
2024-12-01,"Tampa, FL",380000,1.33,4676,50,6494,24548
2024-11-01,"Tampa, FL",379000,0,4197,48,6514,24119
2024-10-01,"Tampa, FL",375000,1.08,3992,48,4872,23452
2024-09-01,"Tampa, FL",371374,-2.93,4005,39,6280,25046
2024-08-01,"Tampa, FL",375000,-1.32,4844,38,6466,25034
2024-07-01,"Tampa, FL",380000,0.03,4765,36,6534,24941
2024-06-01,"Tampa, FL",390000,2.66,4681,36,6591,24589
2024-05-01,"Tampa, FL",384900,4.03,4985,40,6544,24027
2024-04-01,"Tampa, FL",375000,2.74,4807,36,6460,23493
2024-03-01,"Tampa, FL",370000,2.21,4693,36,6479,22870
2024-02-01,"Tampa, FL",371400,4.62,4731,39,6480,21978
2024-01-01,"Tampa, FL",370000,4.23,4543,36,6294,21081
2023-12-01,"Tampa, FL",375000,3.88,4231,30,6187,20453
2023-11-01,"Tampa, FL",378985,3.56,4528,26,6305,19698
2023-10-01,"Tampa, FL",370990,-0.11,4813,22,6219,18736
2023-09-01,"Tampa, FL",382600,4.82,5034,23,6403,17694
2023-08-01,"Tampa, FL",380000,2.15,4851,22,6094,16578
2023-07-01,"Tampa, FL",379900,-0.03,4949,20,5889,16114
2023-06-01,"Tampa, FL",379900,-2.09,4979,26,5812,16101
2023-05-01,"Tampa, FL",370000,-1.33,5066,27,5765,16243
2023-04-01,"Tampa, FL",365000,0.48,5127,32,5781,16730
2023-03-01,"Tampa, FL",361985,1.97,4948,33,5697,17251
2023-02-01,"Tampa, FL",355000,2.9,5092,33,5733,17815
2023-01-01,"Tampa, FL",354990,5.97,4805,31,5794,18285
2022-12-01,"Tampa, FL",361005,7.76,4478,27,5696,18334
2022-11-01,"Tampa, FL",365940,10.89,4612,27,5756,18005
2022-10-01,"Tampa, FL",371390,17.9,5529,22,5642,17540
2022-09-01,"Tampa, FL",365000,15.87,4353,19,5536,17103
2022-08-01,"Tampa, FL",372000,19.73,5230,16,7040,18127
2022-07-01,"Tampa, FL",380000,24.59,5185,11,7289,17101
2022-06-01,"Tampa, FL",388000,27.83,5641,11,7385,15529
2022-05-01,"Tampa, FL",375000,27.99,5697,11,7178,13898
2022-04-01,"Tampa, FL",363258,28.36,5715,9,7020,12663
2022-03-01,"Tampa, FL",355000,29.09,6071,6,6942,11870
2022-02-01,"Tampa, FL",345000,28.58,6318,2,6832,11515
2022-01-01,"Tampa, FL",335000,26.89,7369,6,6771,11832
2021-12-01,"Tampa, FL",335000,26.42,6612,8,6948,12272
2021-11-01,"Tampa, FL",330000,24.53,6938,9,6807,12592
2021-10-01,"Tampa, FL",315000,22.09,6814,9,6870,13107
2021-09-01,"Tampa, FL",315000,21.15,6891,10,6896,13525
2021-08-01,"Tampa, FL",310700,20.89,6477,9,6962,13700
2021-07-01,"Tampa, FL",305000,20.56,6488,8,6944,13517
2021-06-01,"Tampa, FL",303530,22.19,6573,11,6866,13283
2021-05-01,"Tampa, FL",293000,20.33,6347,11,6892,13166
2021-04-01,"Tampa, FL",283000,17.43,6531,13,6857,13216
2021-03-01,"Tampa, FL",275000,17.02,6592,12,6720,13548
2021-02-01,"Tampa, FL",268320,16.66,6520,14,6732,14089
2021-01-01,"Tampa, FL",264000,17.33,7021,14,6588,14792
2020-12-01,"Tampa, FL",265000,12.77,6660,16,6716,15445
2020-11-01,"Tampa, FL",265000,15.22,6847,17,6603,15870
2020-10-01,"Tampa, FL",258000,14.67,7144,17,6801,16343
2020-09-01,"Tampa, FL",260000,15.04,6888,21,6591,16676
2020-08-01,"Tampa, FL",257000,14.01,6904,27,6667,17204
2020-07-01,"Tampa, FL",252990,10,6746,34,6559,18059
2020-06-01,"Tampa, FL",248400,8.24,5986,39,6389,19207
2020-05-01,"Tampa, FL",243500,8.22,4329,38,6375,20273
2020-04-01,"Tampa, FL",241000,11.09,4564,31,4487,19577
2020-03-01,"Tampa, FL",235000,8.8,5816,32,6642,21052
2020-02-01,"Tampa, FL",230000,6.98,6071,34,6581,21351
2020-01-01,"Tampa, FL",225000,8.7,5849,37,6708,21544
2019-12-01,"Tampa, FL",235000,9.3,6185,35,6607,21587
2019-11-01,"Tampa, FL",229990,6.48,6169,34,6690,21824
2019-10-01,"Tampa, FL",225000,5.87,5982,34,6581,22118
2019-09-01,"Tampa, FL",226000,5.12,6044,35,6777,22387
2019-08-01,"Tampa, FL",225415,4.36,6268,35,6720,22675
2019-07-01,"Tampa, FL",230000,5.02,6204,35,6784,23049
2019-06-01,"Tampa, FL",229500,3.85,6286,38,6905,23418
2019-05-01,"Tampa, FL",225000,4.65,6129,40,6960,23791
2019-04-01,"Tampa, FL",216940,2.33,6020,40,6899,24287
2019-03-01,"Tampa, FL",216000,5.26,5793,40,6922,24749
2019-02-01,"Tampa, FL",215000,6.97,5846,41,6943,25005
2019-01-01,"Tampa, FL",207000,7.81,5481,36,7038,24888
2026-05-01,"Tucson, AZ",368479,-1.74,1187,74,1413,6422
2026-04-01,"Tucson, AZ",365000,-1.75,1170,72,1391,6491
2026-03-01,"Tucson, AZ",374000,1.08,1155,73,1425,6562
2026-02-01,"Tucson, AZ",365000,-1.35,1195,75,1417,6590
2026-01-01,"Tucson, AZ",360000,-2.44,1130,72,1465,6551
2025-12-01,"Tucson, AZ",360000,-2.7,1176,72,1400,6487
2025-11-01,"Tucson, AZ",365000,-1.35,1163,70,1438,6563
2025-10-01,"Tucson, AZ",359500,0.7,1138,70,1473,6544
2025-09-01,"Tucson, AZ",360315,-2.62,1167,74,1481,6460
2025-08-01,"Tucson, AZ",350000,-4.11,1151,74,1428,6461
2025-07-01,"Tucson, AZ",365000,-1.75,1076,72,1419,6534
2025-06-01,"Tucson, AZ",372530,0.68,1091,72,1464,6689
2025-05-01,"Tucson, AZ",375000,-1.32,1125,69,1440,6732
2025-04-01,"Tucson, AZ",371500,-1.98,1145,70,1518,6691
2025-03-01,"Tucson, AZ",370000,-1.46,1208,70,1474,6567
2025-02-01,"Tucson, AZ",370000,-1.17,1188,68,1463,6399
2025-01-01,"Tucson, AZ",369000,1.1,1125,67,1490,6247
2024-12-01,"Tucson, AZ",370000,2.78,1156,68,1473,6085
2024-11-01,"Tucson, AZ",370000,2.78,1129,67,1438,5922
2024-10-01,"Tucson, AZ",357000,-2.79,1122,67,1418,5845
2024-09-01,"Tucson, AZ",369995,2.78,1084,63,1436,5777
2024-08-01,"Tucson, AZ",365000,0,1122,64,1441,5644
2024-07-01,"Tucson, AZ",371500,0.41,1115,61,1426,5564
2024-06-01,"Tucson, AZ",370000,1.37,1094,60,1408,5526
2024-05-01,"Tucson, AZ",380000,2.7,1128,59,1445,5446
2024-04-01,"Tucson, AZ",379000,8.29,1138,58,1380,5269
2024-03-01,"Tucson, AZ",375500,7.32,1098,56,1405,5145
2024-02-01,"Tucson, AZ",374380,10.44,1163,56,1387,5040
2024-01-01,"Tucson, AZ",365000,7.35,1099,54,1331,4916
2023-12-01,"Tucson, AZ",360000,2.89,1009,53,1375,4766
2023-11-01,"Tucson, AZ",360000,2.42,1032,53,1342,4543
2023-10-01,"Tucson, AZ",367250,6.14,1099,51,1321,4369
2023-09-01,"Tucson, AZ",360000,2.56,1079,51,1332,4283
2023-08-01,"Tucson, AZ",365000,4.29,1149,51,1286,4210
2023-07-01,"Tucson, AZ",370000,2.78,1148,53,1315,4157
2023-06-01,"Tucson, AZ",365000,0,1172,52,1226,4076
2023-05-01,"Tucson, AZ",370000,2.78,1172,53,1295,4161
2023-04-01,"Tucson, AZ",350000,-0.57,1199,53,1223,4232
2023-03-01,"Tucson, AZ",349900,2.91,1126,53,1238,4396
2023-02-01,"Tucson, AZ",339000,1.04,1149,56,1249,4647
2023-01-01,"Tucson, AZ",340000,4.62,1130,52,1278,4851
2022-12-01,"Tucson, AZ",349900,6.06,1028,52,1218,4891
2022-11-01,"Tucson, AZ",351500,9.13,997,50,1288,4845
2022-10-01,"Tucson, AZ",346000,8.13,1143,48,1281,4905
2022-09-01,"Tucson, AZ",351000,9.38,1285,47,1500,5037
2022-08-01,"Tucson, AZ",350000,11.11,1280,44,1570,5095
2022-07-01,"Tucson, AZ",360000,18.03,1278,42,1624,4932
2022-06-01,"Tucson, AZ",365000,17.27,1330,40,1665,4582
2022-05-01,"Tucson, AZ",360000,19.6,1487,40,1629,4323
2022-04-01,"Tucson, AZ",352000,21.38,1484,38,1689,4153
2022-03-01,"Tucson, AZ",340000,19.3,1550,39,1641,4083
2022-02-01,"Tucson, AZ",335501,24.72,1635,37,1671,4230
2022-01-01,"Tucson, AZ",325000,20.37,1844,40,1633,4467
2021-12-01,"Tucson, AZ",329900,25.58,1743,38,1784,4703
2021-11-01,"Tucson, AZ",322100,21.55,1876,39,1678,4822
2021-10-01,"Tucson, AZ",320000,20.75,1584,40,1754,4862
2021-09-01,"Tucson, AZ",320900,23.42,1595,39,1721,4745
2021-08-01,"Tucson, AZ",315000,23.53,1499,39,1723,4651
2021-07-01,"Tucson, AZ",305000,20.99,1581,39,1741,4567
2021-06-01,"Tucson, AZ",311250,27.04,1635,40,1746,4433
2021-05-01,"Tucson, AZ",301000,25.94,1523,40,1710,4321
2021-04-01,"Tucson, AZ",290000,19.83,1531,41,1706,4301
2021-03-01,"Tucson, AZ",285000,18.75,1661,41,1692,4322
2021-02-01,"Tucson, AZ",269000,12.99,1594,41,1725,4334
2021-01-01,"Tucson, AZ",270000,17.39,1753,43,1633,4376
2020-12-01,"Tucson, AZ",262698,10.61,1879,45,1705,4623
2020-11-01,"Tucson, AZ",265000,17.78,1741,43,1659,4832
2020-10-01,"Tucson, AZ",265000,13.49,1873,44,1670,5039
2020-09-01,"Tucson, AZ",260000,13.54,1691,46,1694,5111
2020-08-01,"Tucson, AZ",255000,13.12,1591,46,1686,5041
2020-07-01,"Tucson, AZ",252083,8.19,1703,50,1647,5071
2020-06-01,"Tucson, AZ",245000,6.52,1481,50,1575,5142
2020-05-01,"Tucson, AZ",239000,3.91,1186,50,1610,5173
2020-04-01,"Tucson, AZ",242000,12.56,1166,49,1191,5006
2020-03-01,"Tucson, AZ",240000,9.09,1440,49,1659,5404
2020-02-01,"Tucson, AZ",238068,10.03,1522,50,1610,5384
2020-01-01,"Tucson, AZ",230000,6.98,1480,51,1641,5367
2019-12-01,"Tucson, AZ",237500,13.1,1531,49,1581,5402
2019-11-01,"Tucson, AZ",225000,3.21,1547,52,1624,5474
2019-10-01,"Tucson, AZ",233500,9.86,1483,53,1605,5516
2019-09-01,"Tucson, AZ",229000,9.05,1538,52,1601,5644
2019-08-01,"Tucson, AZ",225420,4.85,1551,52,1589,5754
2019-07-01,"Tucson, AZ",233000,10.95,1553,52,1615,5907
2019-06-01,"Tucson, AZ",230000,9.79,1505,54,1664,6021
2019-05-01,"Tucson, AZ",230000,9.26,1552,52,1582,6123
2019-04-01,"Tucson, AZ",215000,2.38,1463,54,1660,6208
2019-03-01,"Tucson, AZ",220000,8.64,1452,54,1607,6177
2019-02-01,"Tucson, AZ",216361,5.54,1319,55,1595,6123
2019-01-01,"Tucson, AZ",215000,8.14,1292,54,1650,6101
2026-05-01,"Tulsa, OK",289109,4.09,1198,37,1436,4850
2026-04-01,"Tulsa, OK",290500,5.64,1166,39,1391,4849
2026-03-01,"Tulsa, OK",273000,0.74,1157,42,1350,4793
2026-02-01,"Tulsa, OK",274750,5.67,1181,37,1398,4923
2026-01-01,"Tulsa, OK",263000,4.64,1126,35,1306,4901
2025-12-01,"Tulsa, OK",270334,6.01,1137,36,1356,4919
2025-11-01,"Tulsa, OK",275000,5.16,1120,36,1388,4944
2025-10-01,"Tulsa, OK",283000,8.02,1091,37,1402,4896
2025-09-01,"Tulsa, OK",275000,0,1089,35,1376,4856
2025-08-01,"Tulsa, OK",270000,-3.23,1093,38,1322,4835
2025-07-01,"Tulsa, OK",284900,3.6,1078,33,1343,4868
2025-06-01,"Tulsa, OK",280000,-2.1,1064,29,1344,4790
2025-05-01,"Tulsa, OK",277750,1.74,1090,34,1395,4737
2025-04-01,"Tulsa, OK",275000,5.77,1098,37,1321,4653
2025-03-01,"Tulsa, OK",271000,1.88,1061,32,1431,4753
2025-02-01,"Tulsa, OK",260000,2.16,1077,31,1317,4650
2025-01-01,"Tulsa, OK",251346,4.73,1096,31,1396,4630
2024-12-01,"Tulsa, OK",255000,2,1059,30,1350,4579
2024-11-01,"Tulsa, OK",261500,4.6,1077,30,1333,4515
2024-10-01,"Tulsa, OK",262000,-1.13,1061,31,1374,4528
2024-09-01,"Tulsa, OK",275000,5.77,1011,31,1287,4378
2024-08-01,"Tulsa, OK",279000,9.41,1051,28,1349,4257
2024-07-01,"Tulsa, OK",275000,3.77,1029,29,1263,4110
2024-06-01,"Tulsa, OK",286000,4,1040,33,1286,4125
2024-05-01,"Tulsa, OK",273000,1.11,1037,26,1314,4109
2024-04-01,"Tulsa, OK",260000,4,1051,25,1310,3969
2024-03-01,"Tulsa, OK",266000,2.31,1065,27,1282,3894
2024-02-01,"Tulsa, OK",254500,6.04,1012,26,1318,3838
2024-01-01,"Tulsa, OK",240000,0.63,1029,26,1069,3670
2023-12-01,"Tulsa, OK",250000,6.38,984,22,1292,3776
2023-11-01,"Tulsa, OK",250000,2.93,1021,21,1333,3641
2023-10-01,"Tulsa, OK",265000,3.92,1022,19,1227,3445
2023-09-01,"Tulsa, OK",260000,4,1018,19,1266,3386
2023-08-01,"Tulsa, OK",255000,6.25,1012,20,1143,3295
2023-07-01,"Tulsa, OK",265000,6,1030,18,1182,3359
2023-06-01,"Tulsa, OK",275000,5.36,1001,18,1153,3395
2023-05-01,"Tulsa, OK",269990,8,1042,18,1184,3493
2023-04-01,"Tulsa, OK",250000,2.04,1033,17,1209,3570
2023-03-01,"Tulsa, OK",260000,10.64,1010,16,1243,3543
2023-02-01,"Tulsa, OK",240000,6.67,1097,21,1227,3597
2023-01-01,"Tulsa, OK",238500,6,1028,19,1226,3604
2022-12-01,"Tulsa, OK",235000,4.44,1063,19,1257,3518
2022-11-01,"Tulsa, OK",242885,6.06,1078,18,1260,3444
2022-10-01,"Tulsa, OK",255000,10.99,1125,14,1213,3384
2022-09-01,"Tulsa, OK",250000,11.11,1209,15,1363,3447
2022-08-01,"Tulsa, OK",240000,4.35,1237,12,1433,3451
2022-07-01,"Tulsa, OK",250000,11.11,1241,13,1518,3446
2022-06-01,"Tulsa, OK",261000,13.48,1263,10,1555,3304
2022-05-01,"Tulsa, OK",250000,16.28,1293,9,1366,3062
2022-04-01,"Tulsa, OK",245000,13.95,1283,8,1496,3141
2022-03-01,"Tulsa, OK",235000,10.33,1351,9,1442,3106
2022-02-01,"Tulsa, OK",225000,7.86,1368,8,1427,3120
2022-01-01,"Tulsa, OK",225000,10.29,1645,10,1540,3207
2021-12-01,"Tulsa, OK",225000,7.02,1621,10,1573,3210
2021-11-01,"Tulsa, OK",229000,11.71,1615,10,1630,3346
2021-10-01,"Tulsa, OK",229750,9.4,1569,12,1594,3462
2021-09-01,"Tulsa, OK",225000,5.88,1569,12,1560,3581
2021-08-01,"Tulsa, OK",230000,9.8,1502,12,1710,3663
2021-07-01,"Tulsa, OK",225000,9.93,1440,11,1706,3551
2021-06-01,"Tulsa, OK",230000,17.35,1474,10,1638,3431
2021-05-01,"Tulsa, OK",215000,12.57,1394,11,1600,3364
2021-04-01,"Tulsa, OK",215000,16.22,1386,11,1492,3386
2021-03-01,"Tulsa, OK",213000,16.7,1356,12,1513,3377
2021-02-01,"Tulsa, OK",208600,12.82,1341,15,1200,3205
2021-01-01,"Tulsa, OK",204000,16.26,1475,16,1448,3456
2020-12-01,"Tulsa, OK",210250,16.81,1562,14,1520,3496
2020-11-01,"Tulsa, OK",205000,19.07,1490,14,1552,3572
2020-10-01,"Tulsa, OK",210000,20,1541,15,1621,3610
2020-09-01,"Tulsa, OK",212500,22.13,1493,16,1606,3637
2020-08-01,"Tulsa, OK",209472,19.85,1443,17,1536,3696
2020-07-01,"Tulsa, OK",204667,10.63,1438,19,1402,3719
2020-06-01,"Tulsa, OK",196000,8.83,1366,27,1397,3994
2020-05-01,"Tulsa, OK",191000,4.37,1086,27,1400,4213
2020-04-01,"Tulsa, OK",185000,8.5,1089,24,1011,4226
2020-03-01,"Tulsa, OK",182521,10.55,1130,25,1427,4544
2020-02-01,"Tulsa, OK",184900,15.56,1188,25,1399,4511
2020-01-01,"Tulsa, OK",175469,9.67,1192,27,1419,4548
2019-12-01,"Tulsa, OK",180000,6.67,1217,26,1473,4527
2019-11-01,"Tulsa, OK",172174,1.27,1230,29,1347,4495
2019-10-01,"Tulsa, OK",175000,5.34,1248,31,1441,4562
2019-09-01,"Tulsa, OK",174000,4.61,1256,29,1314,4543
2019-08-01,"Tulsa, OK",174785,1.62,1239,32,1351,4616
2019-07-01,"Tulsa, OK",185000,8.98,1225,34,1339,4779
2019-06-01,"Tulsa, OK",180093,3.51,1216,32,1368,4823
2019-05-01,"Tulsa, OK",183000,7.65,1226,32,1400,4929
2019-04-01,"Tulsa, OK",170500,2.56,1251,38,1509,5174
2019-03-01,"Tulsa, OK",165100,0.67,1201,43,1387,5064
2019-02-01,"Tulsa, OK",160000,-2.44,1157,45,1453,5332
2019-01-01,"Tulsa, OK",160000,0.63,1169,42,1402,5361
2026-05-01,"Virginia Beach, VA",382441,2.95,2241,36,2617,7839
2026-04-01,"Virginia Beach, VA",375000,5.63,2182,34,2698,7878
2026-03-01,"Virginia Beach, VA",365000,4.32,2188,37,2594,7834
2026-02-01,"Virginia Beach, VA",359950,2.84,2173,37,2537,7902
2026-01-01,"Virginia Beach, VA",350605,1.62,2234,35,2519,8055
2025-12-01,"Virginia Beach, VA",366288,3.18,2245,36,2419,8129
2025-11-01,"Virginia Beach, VA",374950,6.52,2168,35,2669,8291
2025-10-01,"Virginia Beach, VA",364950,4.27,2159,34,2504,8045
2025-09-01,"Virginia Beach, VA",369000,5.43,2135,35,2448,8086
2025-08-01,"Virginia Beach, VA",373000,6.57,2130,35,2527,7990
2025-07-01,"Virginia Beach, VA",370000,3.06,2140,34,2468,7861
2025-06-01,"Virginia Beach, VA",379000,3.84,2157,34,2512,7852
2025-05-01,"Virginia Beach, VA",371500,4.65,2106,34,2559,7772
2025-04-01,"Virginia Beach, VA",355000,1.43,2163,34,2443,7620
2025-03-01,"Virginia Beach, VA",349900,1.42,2082,34,2572,7744
2025-02-01,"Virginia Beach, VA",350000,7.46,2127,33,2393,7667
2025-01-01,"Virginia Beach, VA",345000,7.81,2050,31,2514,7640
2024-12-01,"Virginia Beach, VA",355000,7.58,2089,30,2711,7482
2024-11-01,"Virginia Beach, VA",352000,6.34,2150,30,2445,7209
2024-10-01,"Virginia Beach, VA",350000,4.48,2124,33,2479,7176
2024-09-01,"Virginia Beach, VA",350000,4.48,2068,32,2397,7053
2024-08-01,"Virginia Beach, VA",350000,2.94,2041,31,2414,6854
2024-07-01,"Virginia Beach, VA",359000,5.59,2046,30,2328,6625
2024-06-01,"Virginia Beach, VA",365000,5.04,1945,29,2346,6580
2024-05-01,"Virginia Beach, VA",355000,4.41,2070,28,2368,6562
2024-04-01,"Virginia Beach, VA",350000,7.69,2041,29,2346,6563
2024-03-01,"Virginia Beach, VA",345000,7.51,2145,27,2406,6617
2024-02-01,"Virginia Beach, VA",325696,4.07,2107,28,2477,6796
2024-01-01,"Virginia Beach, VA",320000,5.21,2105,31,2355,6755
2023-12-01,"Virginia Beach, VA",330000,6.13,2012,28,2376,6640
2023-11-01,"Virginia Beach, VA",331000,9.6,2047,27,2386,6326
2023-10-01,"Virginia Beach, VA",335000,8.06,1983,25,2374,6114
2023-09-01,"Virginia Beach, VA",335000,6.35,2078,22,2441,5907
2023-08-01,"Virginia Beach, VA",340000,7.94,2070,24,2334,5702
2023-07-01,"Virginia Beach, VA",340000,4.62,2091,24,2330,5669
2023-06-01,"Virginia Beach, VA",347500,5.3,2143,24,2299,5621
2023-05-01,"Virginia Beach, VA",340000,3.34,2138,26,2317,5863
2023-04-01,"Virginia Beach, VA",325000,1.56,2187,27,2295,6011
2023-03-01,"Virginia Beach, VA",320898,5.21,2179,27,2282,6320
2023-02-01,"Virginia Beach, VA",312953,6.09,2336,27,2343,6634
2023-01-01,"Virginia Beach, VA",304158,4.52,2262,28,2417,6895
2022-12-01,"Virginia Beach, VA",310950,5.41,2197,26,2403,6845
2022-11-01,"Virginia Beach, VA",302000,2.9,2320,26,2446,6793
2022-10-01,"Virginia Beach, VA",310000,6.53,2433,25,2562,6822
2022-09-01,"Virginia Beach, VA",315000,8.62,2535,27,2696,6945
2022-08-01,"Virginia Beach, VA",315000,5,2658,24,2646,7008
2022-07-01,"Virginia Beach, VA",325000,8.37,2607,24,2906,7202
2022-06-01,"Virginia Beach, VA",330000,9.27,2779,22,3105,7259
2022-05-01,"Virginia Beach, VA",329000,11.53,2933,20,3012,7075
2022-04-01,"Virginia Beach, VA",320000,10.34,2931,19,3179,6997
2022-03-01,"Virginia Beach, VA",305000,8.93,3023,19,3071,7010
2022-02-01,"Virginia Beach, VA",295000,9.26,2990,19,3209,6984
2022-01-01,"Virginia Beach, VA",291000,8.58,3171,21,2970,7098
2021-12-01,"Virginia Beach, VA",295000,7.27,3263,24,3230,7359
2021-11-01,"Virginia Beach, VA",293500,4.82,3251,24,3369,7831
2021-10-01,"Virginia Beach, VA",291000,5.82,3343,25,3455,8181
2021-09-01,"Virginia Beach, VA",290000,4.7,3355,24,3411,8259
2021-08-01,"Virginia Beach, VA",300000,8.88,3312,25,3531,8446
2021-07-01,"Virginia Beach, VA",299900,7.11,3403,24,3629,8366
2021-06-01,"Virginia Beach, VA",302000,13.96,3357,24,3417,8145
2021-05-01,"Virginia Beach, VA",295000,10.9,3241,25,3464,8056
2021-04-01,"Virginia Beach, VA",290000,11.54,3297,26,3239,7953
2021-03-01,"Virginia Beach, VA",280000,11.33,3160,25,3182,7947
2021-02-01,"Virginia Beach, VA",270000,12.03,3080,25,3087,8002
2021-01-01,"Virginia Beach, VA",268000,11.69,3202,25,3232,8243
2020-12-01,"Virginia Beach, VA",275000,11.11,3298,27,3618,8388
2020-11-01,"Virginia Beach, VA",280000,16.18,3196,29,3504,8569
2020-10-01,"Virginia Beach, VA",275000,13.17,3246,28,3539,8677
2020-09-01,"Virginia Beach, VA",276995,11.24,3217,32,3433,8505
2020-08-01,"Virginia Beach, VA",275533,8.37,3192,36,3236,8547
2020-07-01,"Virginia Beach, VA",279990,9.16,3211,41,3034,8821
2020-06-01,"Virginia Beach, VA",265000,3.11,2566,47,2675,8914
2020-05-01,"Virginia Beach, VA",266000,4.31,2356,44,2476,9085
2020-04-01,"Virginia Beach, VA",260000,6.12,2489,42,2182,9333
2020-03-01,"Virginia Beach, VA",251500,9.35,2642,43,2989,10394
2020-02-01,"Virginia Beach, VA",241000,4.78,2613,48,3011,10353
2020-01-01,"Virginia Beach, VA",239950,9.07,2523,48,2970,10307
2019-12-01,"Virginia Beach, VA",247500,7.61,2566,46,2831,10295
2019-11-01,"Virginia Beach, VA",241000,2.55,2632,49,2862,10560
2019-10-01,"Virginia Beach, VA",243000,3.4,2605,52,2818,10789
2019-09-01,"Virginia Beach, VA",249000,5.96,2509,50,2861,11009
2019-08-01,"Virginia Beach, VA",254257,5.06,2564,52,2791,11106
2019-07-01,"Virginia Beach, VA",256500,3.85,2575,55,2806,11389
2019-06-01,"Virginia Beach, VA",257000,2.8,2460,51,2862,11588
2019-05-01,"Virginia Beach, VA",255000,5.81,2643,55,2994,11767
2019-04-01,"Virginia Beach, VA",245000,4.3,2397,60,3015,11610
2019-03-01,"Virginia Beach, VA",230000,-2.13,2409,60,2980,11432
2019-02-01,"Virginia Beach, VA",230000,1.15,2510,59,3019,11415
2019-01-01,"Virginia Beach, VA",220000,-2.22,2390,62,2914,11432
2026-05-01,"Warren, MI",338955,2.71,2771,26,3461,9623
2026-04-01,"Warren, MI",325000,3.16,2729,28,3384,9540
2026-03-01,"Warren, MI",310000,3.33,2679,29,3308,9452
2026-02-01,"Warren, MI",300000,3.31,2717,30,3329,9359
2026-01-01,"Warren, MI",305000,6.18,2695,29,3174,9212
2025-12-01,"Warren, MI",317500,5.83,2643,28,3140,9152
2025-11-01,"Warren, MI",305000,-1.61,2714,26,3190,9141
2025-10-01,"Warren, MI",320000,2.56,2658,26,3257,8972
2025-09-01,"Warren, MI",326563,3.67,2669,27,3223,8752
2025-08-01,"Warren, MI",335000,4.04,2688,26,3118,8670
2025-07-01,"Warren, MI",340000,5.5,2680,26,3144,8676
2025-06-01,"Warren, MI",330000,1.71,2683,26,3240,8669
2025-05-01,"Warren, MI",330000,4.76,2668,25,3198,8613
2025-04-01,"Warren, MI",315051,5.02,2659,23,3245,8545
2025-03-01,"Warren, MI",300000,5.26,2686,22,3293,8497
2025-02-01,"Warren, MI",290400,1.89,2740,18,3257,8470
2025-01-01,"Warren, MI",287250,6.39,2693,22,3244,8377
2024-12-01,"Warren, MI",300000,11.11,2719,22,3230,8251
2024-11-01,"Warren, MI",310000,11.31,2699,23,3266,8098
2024-10-01,"Warren, MI",312000,7.62,2688,22,3084,8007
2024-09-01,"Warren, MI",315000,7.88,2672,23,3203,7973
2024-08-01,"Warren, MI",322000,6.98,2615,23,3089,7701
2024-07-01,"Warren, MI",322261,7.42,2656,23,2935,7492
2024-06-01,"Warren, MI",324450,7.08,2616,22,2891,7573
2024-05-01,"Warren, MI",315000,5,2668,22,2990,7618
2024-04-01,"Warren, MI",300000,7.02,2706,19,3070,7628
2024-03-01,"Warren, MI",285000,5.56,2701,20,3105,7591
2024-02-01,"Warren, MI",285000,7.55,2663,18,2931,7433
2024-01-01,"Warren, MI",269995,10.2,2655,17,3086,7443
2023-12-01,"Warren, MI",270000,5.06,2650,16,3269,7555
2023-11-01,"Warren, MI",278510,5.1,2632,17,3102,7393
2023-10-01,"Warren, MI",289900,7.41,2578,18,3035,7124
2023-09-01,"Warren, MI",292000,5.23,2632,19,2887,7002
2023-08-01,"Warren, MI",301000,4.51,2584,20,2916,7056
2023-07-01,"Warren, MI",300000,1.69,2652,21,2888,7125
2023-06-01,"Warren, MI",303000,1,2683,21,2627,7210
2023-05-01,"Warren, MI",300000,3.45,2653,20,2835,7507
2023-04-01,"Warren, MI",280332,0.12,2701,22,2846,7767
2023-03-01,"Warren, MI",270000,3.05,2782,23,2842,7965
2023-02-01,"Warren, MI",265000,6,2886,24,3263,8419
2023-01-01,"Warren, MI",245000,2.08,2804,22,3275,8605
2022-12-01,"Warren, MI",257000,0.39,2823,23,3302,8455
2022-11-01,"Warren, MI",265000,0.95,2852,21,3225,8425
2022-10-01,"Warren, MI",269900,1.85,3037,24,3279,8558
2022-09-01,"Warren, MI",277500,2.78,3095,23,3368,8645
2022-08-01,"Warren, MI",288000,4.73,3237,22,3357,8836
2022-07-01,"Warren, MI",295000,6.88,3217,20,3785,9095
2022-06-01,"Warren, MI",300000,7.14,3349,19,4078,9033
2022-05-01,"Warren, MI",290000,7.41,3396,18,4026,8789
2022-04-01,"Warren, MI",280000,7.69,3510,14,3971,8707
2022-03-01,"Warren, MI",262000,6.29,3482,9,4019,8716
2022-02-01,"Warren, MI",250000,8.7,3506,7,3952,8573
2022-01-01,"Warren, MI",240000,4.35,3719,11,3956,8556
2021-12-01,"Warren, MI",256000,6.67,3661,13,3948,8781
2021-11-01,"Warren, MI",262500,8.02,3802,15,4164,8879
2021-10-01,"Warren, MI",265000,8.16,3743,16,4127,8904
2021-09-01,"Warren, MI",270000,8.09,3749,17,4153,8961
2021-08-01,"Warren, MI",275000,10,3699,19,4325,8880
2021-07-01,"Warren, MI",276000,11.52,3722,17,4223,8577
2021-06-01,"Warren, MI",280000,17.89,3717,17,4175,8447
2021-05-01,"Warren, MI",270001,21.08,3786,17,3854,8668
2021-04-01,"Warren, MI",260000,13.04,3763,15,4090,8885
2021-03-01,"Warren, MI",246500,10.56,3821,12,4086,8845
2021-02-01,"Warren, MI",230000,9.52,3845,10,3942,8942
2021-01-01,"Warren, MI",230000,10.84,3899,12,4075,9143
2020-12-01,"Warren, MI",240000,14.29,4034,13,4040,9194
2020-11-01,"Warren, MI",243000,14.08,3981,17,4117,9354
2020-10-01,"Warren, MI",245000,12.9,4082,18,4217,9515
2020-09-01,"Warren, MI",249800,12.02,4085,20,4174,9702
2020-08-01,"Warren, MI",250000,9.65,4039,25,4200,10084
2020-07-01,"Warren, MI",247500,10,4084,26,4016,10502
2020-06-01,"Warren, MI",237500,3.71,2533,32,3918,10848
2020-05-01,"Warren, MI",223000,-1.98,1156,39,3764,10898
2020-04-01,"Warren, MI",230000,9.52,2346,26,817,8744
2020-03-01,"Warren, MI",222950,8.23,3594,28,3639,11458
2020-02-01,"Warren, MI",210000,7.44,3606,33,4008,11828
2020-01-01,"Warren, MI",207500,9.27,3531,34,3971,11995
2019-12-01,"Warren, MI",210000,7.69,3490,29,3922,12152
2019-11-01,"Warren, MI",213000,6.5,3516,27,3919,12395
2019-10-01,"Warren, MI",217000,7.21,3377,27,4069,12655
2019-09-01,"Warren, MI",223000,10.4,3414,27,4152,12708
2019-08-01,"Warren, MI",228005,5.61,3474,25,4066,12645
2019-07-01,"Warren, MI",225000,2.27,3394,26,4040,12687
2019-06-01,"Warren, MI",229000,6.51,3379,25,4192,12768
2019-05-01,"Warren, MI",227500,5.81,3453,25,4425,12799
2019-04-01,"Warren, MI",210000,1.94,3421,29,4492,12735
2019-03-01,"Warren, MI",206000,4.04,3420,31,4342,12561
2019-02-01,"Warren, MI",195450,2.92,3451,28,4096,12536
2019-01-01,"Warren, MI",189900,6.69,3317,26,4177,12550
2026-05-01,"Washington, DC",626568,2.98,4845,45,5998,19635
2026-04-01,"Washington, DC",607000,1.17,4646,45,6133,19256
2026-03-01,"Washington, DC",580000,-0.85,4555,45,5911,18773
2026-02-01,"Washington, DC",563150,1.47,4586,47,5773,18648
2026-01-01,"Washington, DC",545000,3.81,4417,45,5614,18403
2025-12-01,"Washington, DC",575000,4.55,4562,44,5429,18478
2025-11-01,"Washington, DC",575000,3.35,4567,43,5360,18295
2025-10-01,"Washington, DC",585000,4.46,4541,42,5682,18157
2025-09-01,"Washington, DC",570000,1.09,4493,43,5705,17962
2025-08-01,"Washington, DC",585000,3.54,4466,44,5463,17916
2025-07-01,"Washington, DC",592250,3,4395,44,5165,17863
2025-06-01,"Washington, DC",607000,2.02,4449,43,5376,18048
2025-05-01,"Washington, DC",608454,3.13,4391,42,5795,18063
2025-04-01,"Washington, DC",600000,3.45,4437,37,5768,17598
2025-03-01,"Washington, DC",585000,4.46,4466,37,5804,16999
2025-02-01,"Washington, DC",555000,3.74,4521,32,5550,16306
2025-01-01,"Washington, DC",525000,1.94,4733,34,5657,15897
2024-12-01,"Washington, DC",550000,5.09,4815,33,5668,15640
2024-11-01,"Washington, DC",556370,5.98,4646,32,5755,15238
2024-10-01,"Washington, DC",560000,6.67,4607,32,5485,14919
2024-09-01,"Washington, DC",563875,8.44,4493,33,5531,14673
2024-08-01,"Washington, DC",565000,2.73,4476,32,5133,14308
2024-07-01,"Washington, DC",575000,5.5,4528,33,5052,14353
2024-06-01,"Washington, DC",595000,7.01,4380,32,5313,14526
2024-05-01,"Washington, DC",590000,5.36,4432,31,5209,14269
2024-04-01,"Washington, DC",580000,6.91,4536,32,4984,14041
2024-03-01,"Washington, DC",560000,7.18,4512,32,5038,14108
2024-02-01,"Washington, DC",535000,5.5,4522,31,5288,14261
2024-01-01,"Washington, DC",515000,8.42,4427,31,5345,14157
2023-12-01,"Washington, DC",523350,6.81,4125,31,5201,13659
2023-11-01,"Washington, DC",525000,5,4246,30,5245,13426
2023-10-01,"Washington, DC",525000,1.45,4201,29,5084,13100
2023-09-01,"Washington, DC",520000,4,4351,28,5025,12792
2023-08-01,"Washington, DC",550000,5.79,4446,29,5025,12822
2023-07-01,"Washington, DC",545000,2.83,4444,29,5174,12806
2023-06-01,"Washington, DC",556000,1.09,4499,31,4820,12656
2023-05-01,"Washington, DC",560000,0.99,4518,34,4688,13025
2023-04-01,"Washington, DC",542500,-1.36,4497,39,4666,13484
2023-03-01,"Washington, DC",522500,-0.48,4632,38,4936,14140
2023-02-01,"Washington, DC",507117,2.45,4809,38,4759,14542
2023-01-01,"Washington, DC",475000,0.72,4429,37,5264,15417
2022-12-01,"Washington, DC",490000,0.67,4408,34,4735,15286
2022-11-01,"Washington, DC",500000,1.03,4496,35,5282,15469
2022-10-01,"Washington, DC",517500,4.55,4956,33,5394,15476
2022-09-01,"Washington, DC",500000,4.17,5186,33,5726,15968
2022-08-01,"Washington, DC",519900,6.1,5208,31,5648,16183
2022-07-01,"Washington, DC",530000,4.74,5378,31,6381,16526
2022-06-01,"Washington, DC",550000,5.77,5645,25,6701,16430
2022-05-01,"Washington, DC",554500,7.77,6079,20,6806,16208
2022-04-01,"Washington, DC",550000,8.91,6423,17,6975,16254
2022-03-01,"Washington, DC",525000,9.6,6643,18,6835,16124
2022-02-01,"Washington, DC",495000,10.01,6594,23,7245,15898
2022-01-01,"Washington, DC",471625,7.19,7069,24,6551,15571
2021-12-01,"Washington, DC",486750,8.17,7315,26,7490,16616
2021-11-01,"Washington, DC",494885,9.97,7804,27,7593,17647
2021-10-01,"Washington, DC",495000,7.61,7333,27,7645,18408
2021-09-01,"Washington, DC",480000,5.27,7234,26,7702,18769
2021-08-01,"Washington, DC",490000,5.67,7216,24,8191,18918
2021-07-01,"Washington, DC",506000,7.66,7394,20,8465,18524
2021-06-01,"Washington, DC",520000,18.18,7273,17,8319,17978
2021-05-01,"Washington, DC",514500,16.93,7277,17,7855,17884
2021-04-01,"Washington, DC",505000,13.23,7356,20,7710,17834
2021-03-01,"Washington, DC",479000,9.36,7114,23,7446,17682
2021-02-01,"Washington, DC",449975,7.8,7325,21,7170,17404
2021-01-01,"Washington, DC",440000,10.28,7584,21,8101,18011
2020-12-01,"Washington, DC",450000,7.46,7606,22,8982,18078
2020-11-01,"Washington, DC",450000,8.43,7712,21,8649,17892
2020-10-01,"Washington, DC",459995,12.19,7826,22,8828,18026
2020-09-01,"Washington, DC",455960,13.99,7614,24,7892,17488
2020-08-01,"Washington, DC",463700,11.73,7280,26,8227,17729
2020-07-01,"Washington, DC",470000,11.9,6706,34,7348,17391
2020-06-01,"Washington, DC",440000,3.29,5444,43,6265,16968
2020-05-01,"Washington, DC",440000,4.27,4601,48,5253,16628
2020-04-01,"Washington, DC",446000,6.19,5189,33,4573,16686
2020-03-01,"Washington, DC",438000,8.15,6382,30,7151,19559
2020-02-01,"Washington, DC",417406,7.93,6267,29,7507,19872
2020-01-01,"Washington, DC",399000,3.64,6083,31,7121,19269
2019-12-01,"Washington, DC",418750,4.95,6130,30,6490,18881
2019-11-01,"Washington, DC",415000,6.41,5909,31,6556,18933
2019-10-01,"Washington, DC",410000,5.16,6001,31,6571,19094
2019-09-01,"Washington, DC",399995,4.74,6128,32,6818,19539
2019-08-01,"Washington, DC",415000,4.01,6122,33,6575,19499
2019-07-01,"Washington, DC",420000,5,6157,33,6449,20049
2019-06-01,"Washington, DC",426000,2.04,6118,36,6747,20550
2019-05-01,"Washington, DC",422000,2.93,6260,36,7072,20953
2019-04-01,"Washington, DC",420000,3.7,6114,35,7323,21030
2019-03-01,"Washington, DC",405000,3.58,6202,36,7217,20921
2019-02-01,"Washington, DC",386750,3.16,5892,35,6937,20661
2019-01-01,"Washington, DC",385000,5.77,6028,37,6669,20533
2026-05-01,"West Palm Beach, FL",538340,1.57,2171,82,3141,15619
2026-04-01,"West Palm Beach, FL",520000,-0.67,2158,82,3078,15637
2026-03-01,"West Palm Beach, FL",510000,-1.92,2205,85,3039,15827
2026-02-01,"West Palm Beach, FL",520000,-4.59,2118,88,3109,15956
2026-01-01,"West Palm Beach, FL",530000,0,2031,89,3107,15916
2025-12-01,"West Palm Beach, FL",510000,-0.97,2092,85,3022,15952
2025-11-01,"West Palm Beach, FL",500000,1.87,2064,86,3058,16098
2025-10-01,"West Palm Beach, FL",517750,7.86,1967,93,3053,16073
2025-09-01,"West Palm Beach, FL",497250,3.59,1996,91,3039,16017
2025-08-01,"West Palm Beach, FL",470000,-2.49,1944,93,3007,16095
2025-07-01,"West Palm Beach, FL",490000,0,1791,94,2986,16262
2025-06-01,"West Palm Beach, FL",505000,-3.81,1764,89,3050,16435
2025-05-01,"West Palm Beach, FL",530000,2.91,1835,85,2986,16464
2025-04-01,"West Palm Beach, FL",523500,2.65,1883,83,3071,16492
2025-03-01,"West Palm Beach, FL",520000,0.97,1951,87,3150,16365
2025-02-01,"West Palm Beach, FL",545000,7.92,2016,85,3074,16149
2025-01-01,"West Palm Beach, FL",530000,8.16,1888,82,3076,16026
2024-12-01,"West Palm Beach, FL",515000,9.57,1720,82,3094,15879
2024-11-01,"West Palm Beach, FL",490845,5.56,1685,84,3152,15663
2024-10-01,"West Palm Beach, FL",480000,1.59,1798,81,2534,15121
2024-09-01,"West Palm Beach, FL",480000,1.05,1805,78,3061,15316
2024-08-01,"West Palm Beach, FL",482000,4.78,1890,78,3137,15115
2024-07-01,"West Palm Beach, FL",490000,5.38,1894,75,3088,14843
2024-06-01,"West Palm Beach, FL",525000,6.06,1943,74,3093,14632
2024-05-01,"West Palm Beach, FL",515000,9.57,2024,76,3137,14404
2024-04-01,"West Palm Beach, FL",510000,12.09,2047,72,3082,14049
2024-03-01,"West Palm Beach, FL",515000,14.44,1957,67,3076,13762
2024-02-01,"West Palm Beach, FL",505000,11.23,1916,66,3096,13366
2024-01-01,"West Palm Beach, FL",490000,11.36,1818,67,3033,12945
2023-12-01,"West Palm Beach, FL",470000,10.59,1881,61,3045,12614
2023-11-01,"West Palm Beach, FL",465000,3.85,1935,58,2976,12244
2023-10-01,"West Palm Beach, FL",472500,10.14,2044,55,2971,11858
2023-09-01,"West Palm Beach, FL",475000,7.95,2164,58,3000,11527
2023-08-01,"West Palm Beach, FL",460000,6.73,2188,59,2823,11219
2023-07-01,"West Palm Beach, FL",465000,7.39,2168,60,2860,11121
2023-06-01,"West Palm Beach, FL",495000,6.45,2196,60,2791,11139
2023-05-01,"West Palm Beach, FL",470000,2.35,2212,63,2768,11198
2023-04-01,"West Palm Beach, FL",455000,1.11,2190,65,2783,11252
2023-03-01,"West Palm Beach, FL",450000,9.76,2207,63,2771,11313
2023-02-01,"West Palm Beach, FL",454000,12.66,2057,65,2786,11242
2023-01-01,"West Palm Beach, FL",440000,12.82,1980,61,2840,11126
2022-12-01,"West Palm Beach, FL",425000,8.97,1869,62,2778,10890
2022-11-01,"West Palm Beach, FL",447750,11.94,1966,61,2774,10720
2022-10-01,"West Palm Beach, FL",429000,14.4,2194,59,2776,10633
2022-09-01,"West Palm Beach, FL",440000,21.38,2173,50,2738,10613
2022-08-01,"West Palm Beach, FL",431000,18.08,2168,47,2888,10607
2022-07-01,"West Palm Beach, FL",433000,15.31,2250,43,3326,10346
2022-06-01,"West Palm Beach, FL",465000,22.37,2378,41,3422,9779
2022-05-01,"West Palm Beach, FL",459188,24.78,2508,38,3370,9162
2022-04-01,"West Palm Beach, FL",450000,28.57,2518,39,3278,8755
2022-03-01,"West Palm Beach, FL",410000,17.14,2677,38,3273,8476
2022-02-01,"West Palm Beach, FL",403000,15.14,2963,38,3206,8411
2022-01-01,"West Palm Beach, FL",390000,13.04,3198,43,3115,8584
2021-12-01,"West Palm Beach, FL",390000,12.07,3032,44,3235,8811
2021-11-01,"West Palm Beach, FL",400000,23.08,3324,44,3205,9065
2021-10-01,"West Palm Beach, FL",375000,12.78,3055,46,3209,9343
2021-09-01,"West Palm Beach, FL",362500,13.28,3007,48,3238,9427
2021-08-01,"West Palm Beach, FL",365000,12.31,3077,46,3219,9540
2021-07-01,"West Palm Beach, FL",375500,17.34,3227,44,3354,9745
2021-06-01,"West Palm Beach, FL",380000,20.63,3422,46,3321,10039
2021-05-01,"West Palm Beach, FL",368000,18.71,3421,45,3396,10464
2021-04-01,"West Palm Beach, FL",350000,12.93,3347,51,3441,10572
2021-03-01,"West Palm Beach, FL",350000,16.67,3388,59,3407,12483
2021-02-01,"West Palm Beach, FL",350000,22.81,3327,64,3426,12853
2021-01-01,"West Palm Beach, FL",345000,21.91,3414,65,3387,13329
2020-12-01,"West Palm Beach, FL",348000,18.77,3588,64,3554,13952
2020-11-01,"West Palm Beach, FL",325000,10.17,3502,65,3518,14214
2020-10-01,"West Palm Beach, FL",332500,16.67,3477,64,3511,14557
2020-09-01,"West Palm Beach, FL",320000,9.78,3183,66,3635,14945
2020-08-01,"West Palm Beach, FL",325000,14.04,3191,70,3626,14984
2020-07-01,"West Palm Beach, FL",320000,10.73,3092,79,3574,14995
2020-06-01,"West Palm Beach, FL",315000,6.78,2077,85,3540,14798
2020-05-01,"West Palm Beach, FL",310000,6.9,1377,78,2887,14187
2020-04-01,"West Palm Beach, FL",309915,8.84,1723,71,1532,13808
2020-03-01,"West Palm Beach, FL",300000,9.09,2516,70,2986,15625
2020-02-01,"West Palm Beach, FL",285000,4.78,2634,75,3494,15775
2020-01-01,"West Palm Beach, FL",283000,6.79,2602,73,3495,15756
2019-12-01,"West Palm Beach, FL",293000,8.92,2798,70,3417,15711
2019-11-01,"West Palm Beach, FL",295000,9.26,2627,68,3428,15700
2019-10-01,"West Palm Beach, FL",285000,3.64,2509,76,3469,15586
2019-09-01,"West Palm Beach, FL",291500,8.57,2642,79,3325,15396
2019-08-01,"West Palm Beach, FL",285000,4.68,2718,78,3317,15576
2019-07-01,"West Palm Beach, FL",289000,6.25,2878,76,3400,15938
2019-06-01,"West Palm Beach, FL",295000,1.72,2741,78,3385,16224
2019-05-01,"West Palm Beach, FL",290000,4.69,2726,77,3450,16704
2019-04-01,"West Palm Beach, FL",284750,5.58,2604,79,3409,16983
2019-03-01,"West Palm Beach, FL",275000,0,2486,76,3437,16999
2019-02-01,"West Palm Beach, FL",272000,1.49,2495,78,3493,16972
2019-01-01,"West Palm Beach, FL",265000,4.33,2195,78,3568,16794
2026-05-01,"Wilmington, DE",373847,2.78,699,43,801,2364
2026-04-01,"Wilmington, DE",351000,-2.5,594,40,803,2314
2026-03-01,"Wilmington, DE",360000,7.46,581,39,719,2273
2026-02-01,"Wilmington, DE",352500,0.71,586,34,678,2249
2026-01-01,"Wilmington, DE",360000,9.27,632,35,708,2294
2025-12-01,"Wilmington, DE",370000,8.79,687,33,682,2283
2025-11-01,"Wilmington, DE",375000,6.99,650,35,771,2273
2025-10-01,"Wilmington, DE",365000,3.33,643,34,765,2204
2025-09-01,"Wilmington, DE",357000,-0.83,627,35,734,2116
2025-08-01,"Wilmington, DE",356750,-3.58,619,33,736,2019
2025-07-01,"Wilmington, DE",370000,5.71,605,36,708,1975
2025-06-01,"Wilmington, DE",375000,7.14,618,38,709,1983
2025-05-01,"Wilmington, DE",363750,2.46,621,33,712,1986
2025-04-01,"Wilmington, DE",360000,2.86,651,28,707,2045
2025-03-01,"Wilmington, DE",335000,1.52,672,28,791,2151
2025-02-01,"Wilmington, DE",350000,11.11,658,28,744,2144
2025-01-01,"Wilmington, DE",329450,7.14,701,26,735,2202
2024-12-01,"Wilmington, DE",340100,3.86,648,26,749,2142
2024-11-01,"Wilmington, DE",350500,4.63,601,27,759,2014
2024-10-01,"Wilmington, DE",353250,7.08,620,26,689,1931
2024-09-01,"Wilmington, DE",360000,9.09,622,26,740,1912
2024-08-01,"Wilmington, DE",370000,12.12,611,26,731,1747
2024-07-01,"Wilmington, DE",350000,2.94,630,29,672,1706
2024-06-01,"Wilmington, DE",350000,4.49,628,26,718,1738
2024-05-01,"Wilmington, DE",355000,9.23,604,26,702,1753
2024-04-01,"Wilmington, DE",350000,12.9,639,27,660,1828
2024-03-01,"Wilmington, DE",330000,10,646,25,713,1916
2024-02-01,"Wilmington, DE",315000,6.78,636,24,713,1991
2024-01-01,"Wilmington, DE",307500,2.5,557,24,716,2029
2023-12-01,"Wilmington, DE",327450,8.79,599,25,780,1956
2023-11-01,"Wilmington, DE",335000,11.7,631,23,721,1837
2023-10-01,"Wilmington, DE",329900,4.75,586,21,686,1736
2023-09-01,"Wilmington, DE",330000,10,640,21,705,1627
2023-08-01,"Wilmington, DE",330000,3.94,607,20,676,1536
2023-07-01,"Wilmington, DE",340000,4.62,583,17,714,1539
2023-06-01,"Wilmington, DE",334970,5.34,589,17,659,1491
2023-05-01,"Wilmington, DE",325000,3.17,602,18,649,1545
2023-04-01,"Wilmington, DE",310000,5.08,602,19,660,1668
2023-03-01,"Wilmington, DE",300000,12.68,651,21,642,1753
2023-02-01,"Wilmington, DE",295000,9.26,740,26,700,1900
2023-01-01,"Wilmington, DE",300000,3.45,659,27,701,2009
2022-12-01,"Wilmington, DE",301000,5.61,621,27,675,2010
2022-11-01,"Wilmington, DE",299900,6.61,672,24,710,1940
2022-10-01,"Wilmington, DE",314950,14.53,739,23,761,1927
2022-09-01,"Wilmington, DE",300000,10.7,728,22,788,1959
2022-08-01,"Wilmington, DE",317500,13.39,792,22,821,1980
2022-07-01,"Wilmington, DE",325000,8.37,824,19,845,1995
2022-06-01,"Wilmington, DE",318000,9.66,783,17,933,1971
2022-05-01,"Wilmington, DE",315000,16.71,827,14,852,1961
2022-04-01,"Wilmington, DE",295000,13.51,865,14,887,2059
2022-03-01,"Wilmington, DE",266250,4.41,898,15,913,2149
2022-02-01,"Wilmington, DE",270000,8,938,18,957,2202
2022-01-01,"Wilmington, DE",290000,15.38,991,17,880,2273
2021-12-01,"Wilmington, DE",285000,9.2,988,18,1114,2334
2021-11-01,"Wilmington, DE",281300,6.45,1050,19,1029,2358
2021-10-01,"Wilmington, DE",275000,5.77,993,19,997,2469
2021-09-01,"Wilmington, DE",271000,2.26,1031,19,1022,2504
2021-08-01,"Wilmington, DE",280000,10.65,935,17,1090,2531
2021-07-01,"Wilmington, DE",299900,21.92,890,15,1111,2380
2021-06-01,"Wilmington, DE",290000,14.51,934,15,1020,2231
2021-05-01,"Wilmington, DE",269900,12.62,876,18,1043,2287
2021-04-01,"Wilmington, DE",259900,8.34,846,21,1008,2284
2021-03-01,"Wilmington, DE",255000,10.39,904,20,951,2259
2021-02-01,"Wilmington, DE",250000,16.33,982,19,850,2239
2021-01-01,"Wilmington, DE",251350,13.45,1035,21,1028,2408
2020-12-01,"Wilmington, DE",261000,13.48,953,21,1097,2362
2020-11-01,"Wilmington, DE",264250,12.49,949,21,1020,2304
2020-10-01,"Wilmington, DE",260000,13.54,983,23,1085,2436
2020-09-01,"Wilmington, DE",265000,15.22,916,23,986,2308
2020-08-01,"Wilmington, DE",253050,5.48,897,32,991,2319
2020-07-01,"Wilmington, DE",245990,4.68,844,36,910,2417
2020-06-01,"Wilmington, DE",253250,9.16,671,46,876,2489
2020-05-01,"Wilmington, DE",239650,6.51,682,39,665,2430
2020-04-01,"Wilmington, DE",239900,7.1,752,34,542,2556
2020-03-01,"Wilmington, DE",231000,7.82,931,36,884,3055
2020-02-01,"Wilmington, DE",214900,2.33,720,40,1009,3216
2020-01-01,"Wilmington, DE",221550,6.9,762,42,954,3192
2019-12-01,"Wilmington, DE",230000,4.55,843,36,803,3150
2019-11-01,"Wilmington, DE",234900,7.75,800,38,860,3260
2019-10-01,"Wilmington, DE",229000,6.76,756,43,973,3403
2019-09-01,"Wilmington, DE",230000,6.98,809,43,893,3363
2019-08-01,"Wilmington, DE",239900,7.1,805,45,921,3421
2019-07-01,"Wilmington, DE",235000,7.31,847,45,943,3568
2019-06-01,"Wilmington, DE",232000,3.11,848,46,952,3625
2019-05-01,"Wilmington, DE",225000,0,817,49,953,3646
2019-04-01,"Wilmington, DE",224000,12.06,841,46,1021,3703
2019-03-01,"Wilmington, DE",214250,4.51,788,48,1016,3649
2019-02-01,"Wilmington, DE",210000,5.93,793,44,947,3553
2019-01-01,"Wilmington, DE",207250,6.28,731,46,935,3578
2026-05-01,"Worcester, MA",476531,-0.1,815,27,1047,2887
2026-04-01,"Worcester, MA",475100,5.58,705,27,1060,2750
2026-03-01,"Worcester, MA",450000,-1.21,743,31,951,2573
2026-02-01,"Worcester, MA",450000,-1.32,782,29,855,2567
2026-01-01,"Worcester, MA",450000,4.53,729,28,913,2602
2025-12-01,"Worcester, MA",450055,-0.98,794,29,874,2632
2025-11-01,"Worcester, MA",463750,1.92,761,27,916,2640
2025-10-01,"Worcester, MA",462900,2.86,777,27,963,2592
2025-09-01,"Worcester, MA",480000,5.49,768,27,957,2551
2025-08-01,"Worcester, MA",474500,2.93,768,27,901,2464
2025-07-01,"Worcester, MA",483000,5,771,26,971,2467
2025-06-01,"Worcester, MA",500000,5.26,779,25,968,2455
2025-05-01,"Worcester, MA",477000,6.02,819,25,959,2405
2025-04-01,"Worcester, MA",450000,3.45,842,24,954,2391
2025-03-01,"Worcester, MA",455500,5.93,779,23,978,2499
2025-02-01,"Worcester, MA",456000,11.22,817,25,969,2454
2025-01-01,"Worcester, MA",430500,5,812,25,934,2401
2024-12-01,"Worcester, MA",454500,13.62,796,23,984,2428
2024-11-01,"Worcester, MA",455000,7.06,799,24,923,2304
2024-10-01,"Worcester, MA",450020,3.45,779,24,946,2257
2024-09-01,"Worcester, MA",455000,5.08,727,23,950,2149
2024-08-01,"Worcester, MA",461000,5.98,753,23,866,1982
2024-07-01,"Worcester, MA",460000,6.98,758,23,844,1903
2024-06-01,"Worcester, MA",475000,5.56,793,23,889,2006
2024-05-01,"Worcester, MA",449900,5.86,805,23,894,2025
2024-04-01,"Worcester, MA",435000,6.12,804,23,849,2050
2024-03-01,"Worcester, MA",430000,11.69,815,21,894,2260
2024-02-01,"Worcester, MA",410000,7.89,747,20,944,2342
2024-01-01,"Worcester, MA",410000,6.49,752,22,927,2216
2023-12-01,"Worcester, MA",400000,2.59,757,21,902,2147
2023-11-01,"Worcester, MA",425000,12.14,745,21,944,1995
2023-10-01,"Worcester, MA",435000,8.75,746,21,887,1860
2023-09-01,"Worcester, MA",433000,9.62,768,20,894,1792
2023-08-01,"Worcester, MA",435000,6.27,765,21,892,1694
2023-07-01,"Worcester, MA",430000,1.78,775,21,857,1621
2023-06-01,"Worcester, MA",450000,7.14,771,21,824,1693
2023-05-01,"Worcester, MA",425000,4.94,745,22,859,1880
2023-04-01,"Worcester, MA",409900,6.47,755,22,793,1962
2023-03-01,"Worcester, MA",385000,5.48,795,23,816,2102
2023-02-01,"Worcester, MA",380000,7.06,793,21,861,2311
2023-01-01,"Worcester, MA",385000,4.05,818,22,989,2372
2022-12-01,"Worcester, MA",389900,8.31,829,22,911,2293
2022-11-01,"Worcester, MA",379000,3.34,816,22,926,2181
2022-10-01,"Worcester, MA",400000,11.11,929,22,914,2120
2022-09-01,"Worcester, MA",395000,6.76,969,23,878,2193
2022-08-01,"Worcester, MA",409348,9.19,981,21,965,2450
2022-07-01,"Worcester, MA",422500,14.19,976,22,1225,2532
2022-06-01,"Worcester, MA",420000,12.01,1015,22,1161,2443
2022-05-01,"Worcester, MA",405000,12.5,984,20,1152,2464
2022-04-01,"Worcester, MA",385000,11.61,1020,21,1158,2418
2022-03-01,"Worcester, MA",365000,10.61,997,20,1121,2477
2022-02-01,"Worcester, MA",354950,16.42,1018,19,1176,2451
2022-01-01,"Worcester, MA",370000,12.8,1141,20,1015,2423
2021-12-01,"Worcester, MA",360000,12.15,1123,21,1185,2445
2021-11-01,"Worcester, MA",366750,12.85,1174,21,1248,2584
2021-10-01,"Worcester, MA",360000,10.77,1084,21,1179,2612
2021-09-01,"Worcester, MA",370000,10.45,1122,21,1152,2632
2021-08-01,"Worcester, MA",374900,17.16,1058,21,1245,2640
2021-07-01,"Worcester, MA",370000,15.63,1084,21,1299,2578
2021-06-01,"Worcester, MA",374950,24.98,1054,22,1287,2559
2021-05-01,"Worcester, MA",360000,16.13,1090,22,1100,2480
2021-04-01,"Worcester, MA",344950,16.93,1042,21,1201,2681
2021-03-01,"Worcester, MA",330000,19.39,1079,19,1225,2701
2021-02-01,"Worcester, MA",304900,19.57,1155,21,1117,2666
2021-01-01,"Worcester, MA",328000,18.3,1163,20,1185,2764
2020-12-01,"Worcester, MA",321000,12.65,1225,20,1374,2766
2020-11-01,"Worcester, MA",325000,16.91,1204,21,1268,2767
2020-10-01,"Worcester, MA",325000,16.07,1209,22,1368,2821
2020-09-01,"Worcester, MA",335000,19.64,1108,22,1250,2721
2020-08-01,"Worcester, MA",320000,10.34,1111,25,1292,2798
2020-07-01,"Worcester, MA",320000,12.28,1031,28,1152,2789
2020-06-01,"Worcester, MA",300000,5.26,804,30,1119,2968
2020-05-01,"Worcester, MA",310000,12.32,901,31,1028,2921
2020-04-01,"Worcester, MA",295000,11.32,992,28,694,2921
2020-03-01,"Worcester, MA",276400,8.82,1111,30,1253,3736
2020-02-01,"Worcester, MA",255000,5.15,1059,31,1302,3756
2020-01-01,"Worcester, MA",277250,11.09,1049,30,1291,3655
2019-12-01,"Worcester, MA",284950,10.34,1024,30,1054,3665
2019-11-01,"Worcester, MA",278000,6.92,1025,32,1241,3793
2019-10-01,"Worcester, MA",280000,10.24,1099,31,1140,3888
2019-09-01,"Worcester, MA",280000,3.72,1047,31,1279,3973
2019-08-01,"Worcester, MA",290000,9.43,1071,30,1192,3928
2019-07-01,"Worcester, MA",285000,4.31,996,27,1193,3977
2019-06-01,"Worcester, MA",285000,1.79,1029,22,1286,3868
2019-05-01,"Worcester, MA",276000,7.43,1044,21,1346,3894
2019-04-01,"Worcester, MA",265000,6,1065,27,1275,3813
2019-03-01,"Worcester, MA",254000,6.05,1049,28,1202,3828
2019-02-01,"Worcester, MA",242500,2.32,1124,29,1243,3917
2019-01-01,"Worcester, MA",249575,3.99,1006,29,1231,4033
